Project,Last_Activity,Contributors,Stargazers,Class_Diagram_File
4dnucleome/cog-abm/,2024-08-09 17:24:23+00:00,3,6,AgentClassDiagram.png
4dnucleome/cog-abm/,2024-08-09 17:24:23+00:00,3,6,SimulationClassDiagram.png
4dnucleome/cog-abm/,2024-08-09 17:24:23+00:00,3,6,doc/AgentClassDiagram.png
4dnucleome/cog-abm/,2024-08-09 17:24:23+00:00,3,6,doc/SimulationClassDiagram.png
AOKP/frameworks_base_disabled/,2024-07-22 03:39:30+00:00,30,93,docs/html/images/animation/valueanimator.png
AlessandroSanino1994/NerdOrDungeons/,2024-02-28 02:41:46+00:00,1,3,UML/UML.png
AnalogDevicesLyricLabs/dimple/,2024-04-02 07:25:15+00:00,4,80,modelers/matlab/lib/xunit_dist/matlab_xunit/architecture/html/class_diagram_a.gif
AnalogDevicesLyricLabs/dimple/,2024-04-02 07:25:15+00:00,4,80,modelers/matlab/lib/xunit_dist/matlab_xunit/architecture/html/class_diagram_b.gif
AnalogDevicesLyricLabs/dimple/,2024-04-02 07:25:15+00:00,4,80,modelers/matlab/lib/xunit_dist/matlab_xunit/architecture/html/class_diagram_c.gif
Andresteve07/FINAL_AyED/,2024-10-18 03:46:57+00:00,1,2,Informe/Imagenes/Diagrama_Clases_Final_AyED.png
Andresteve07/FINAL_AyED/,2024-10-18 03:46:57+00:00,1,2,Informe/Imagenes/Diagrama_Clases_Final_AyED_v2.png
Andresteve07/FINAL_AyED/,2024-10-18 03:46:57+00:00,1,2,Otros/DiagramaClases_v1.png
Andresteve07/FINAL_AyED/,2024-10-18 03:46:57+00:00,1,2,Otros/Diagrama_Clases_Final_AyED.png
Andresteve07/FINAL_AyED/,2024-10-18 03:46:57+00:00,1,2,Otros/Diagrama_Clases_Final_AyED_v2.png
BKcore/JungleIN/,2024-01-11 10:15:19+00:00,1,92,doc/Overview of Deployment Model.jpg
BeatProgramming/teacher_tracker/,2024-01-11 03:45:34+00:00,3,3,RECURSOS/Diagrama Entidad-Relacion.png
Bernardo-MG/docs-bootstrap-template/,2024-09-17 18:50:57+00:00,1,2,src/static/img/example_class_diagram.png
Biomechanical-ToolKit/BTKCore/,2024-11-09 21:56:17+00:00,4,79,Utilities/matlab_xunit/architecture/html/class_diagram_a.gif
Biomechanical-ToolKit/BTKCore/,2024-11-09 21:56:17+00:00,4,79,Utilities/matlab_xunit/architecture/html/class_diagram_b.gif
Biomechanical-ToolKit/BTKCore/,2024-11-09 21:56:17+00:00,4,79,Utilities/matlab_xunit/architecture/html/class_diagram_c.gif
BirgPublicizer/Metabolomics-Analysis-Toolbox/,2024-03-13 05:29:51+00:00,1,6,lib/matlab_xunit/architecture/html/class_diagram_a.gif
BirgPublicizer/Metabolomics-Analysis-Toolbox/,2024-03-13 05:29:51+00:00,1,6,lib/matlab_xunit/architecture/html/class_diagram_b.gif
BirgPublicizer/Metabolomics-Analysis-Toolbox/,2024-03-13 05:29:51+00:00,1,6,lib/matlab_xunit/architecture/html/class_diagram_c.gif
BrOrlandi/SFECommerce/,2024-05-29 18:28:04+00:00,3,15,uml_diagram.png
Canadensys/narwhal-processor/,2023-11-29 01:10:31+00:00,5,6,doc/Narwhal Class Diagram.png
Chinchilla-Software-Com/CQRS/,2024-11-07 16:20:49+00:00,8,348,wiki/Tutorial-0/Step-5/Auto-Generated-CRUD-Diagram.png
ChrisCummins/pip-db/,2024-07-04 00:34:57+00:00,1,4,Documentation/plan/assets/uml_template.png
SBR2015/ootalk/,2024-01-02 20:48:05+00:00,9,2,misc/UML/final/class.png
SBR2015/ootalk/,2024-01-02 20:48:05+00:00,9,2,misc/UML/now_class.jpg
SBR2015/ootalk/,2024-01-02 20:48:05+00:00,9,2,misc/UML/teacher/UML.png
SINTEF-9012/ThingML/,2024-10-07 04:57:42+00:00,19,103,compilers/docs/design.jpg
SINTEF-9012/ThingML/,2024-10-07 04:57:42+00:00,19,103,compilers/thingmltools/src/main/java/org/thingml/monitor/class.png
SafirSDK/safir-sdk-core/,2024-07-26 11:01:26+00:00,5,9,docs/users_guide/images/vehicleapp_class_diagram.png
SafirSDK/safir-sdk-core/,2024-07-26 11:01:26+00:00,5,9,docs/users_guide/images/vehicledb_class_diagram.png
SafirSDK/safir-sdk-core/,2024-07-26 11:01:26+00:00,5,9,docs/users_guide/images/vehiclemmi_class_diagram.png
SixK/CC1101-X2D-Heaters/,2023-12-06 22:25:44+00:00,1,10,www/PHPExcel-1.8/Documentation/assets/ClassDiagrams/Architecture.png
SixK/CC1101-X2D-Heaters/,2023-12-06 22:25:44+00:00,1,10,www/PHPExcel-1.8/Documentation/assets/ClassDiagrams/ReaderWriter.png
SleeplessByte/programming-life/,2024-09-12 13:45:00+00:00,6,18,docs/deliverables/ead/cell_struct.png
SleeplessByte/programming-life/,2024-09-12 13:45:00+00:00,6,18,docs/deliverables/ead/main_struct.png
SonarSource/sonar-java/,2024-11-14 16:49:45+00:00,30,1133,its/plugin/projects/struts-1.3.9-lite/core/src/main/java/org/apache/struts/action/doc-files/actionUML.gif
SonarSource/sonar-java/,2024-11-14 16:49:45+00:00,30,1133,its/plugin/projects/struts-1.3.9-lite/core/src/main/java/org/apache/struts/config/doc-files/configUML.gif
SonarSource/sonar-java/,2024-11-14 16:49:45+00:00,30,1133,its/plugin/projects/struts-1.3.9-lite/core/src/main/java/org/apache/struts/upload/doc-files/uploadUML.jpg
SonarSource/sonar-java/,2024-11-14 16:49:45+00:00,30,1133,its/plugin/projects/struts-1.3.9-lite/core/src/main/java/org/apache/struts/validator/doc-files/validatorUML.jpg
SonarSource/sonar-java/,2024-11-14 16:49:45+00:00,30,1133,its/plugin/projects/struts-1.3.9-lite/taglib/src/main/java/org/apache/struts/taglib/bean/doc-files/beanUML.gif
SonarSource/sonar-java/,2024-11-14 16:49:45+00:00,30,1133,its/plugin/projects/struts-1.3.9-lite/taglib/src/main/java/org/apache/struts/taglib/html/doc-files/htmlUML.gif
SonarSource/sonar-java/,2024-11-14 16:49:45+00:00,30,1133,its/plugin/projects/struts-1.3.9-lite/taglib/src/main/java/org/apache/struts/taglib/logic/doc-files/logicUML.gif
SonarSource/sonar-java/,2024-11-14 16:49:45+00:00,30,1133,its/plugin/projects/struts-1.3.9-lite/taglib/src/main/java/org/apache/struts/taglib/nested/html/doc-files/nested-html.gif
SonarSource/sonar-java/,2024-11-14 16:49:45+00:00,30,1133,its/plugin/projects/struts-1.3.9-lite/taglib/src/main/java/org/apache/struts/taglib/nested/logic/doc-files/nested-logic.gif
SonarSource/sonar-java/,2024-11-14 16:49:45+00:00,30,1133,its/plugin/projects/struts-1.3.9-lite/tiles/src/main/java/org/apache/struts/tiles/doc-files/tilesUML.gif
SonarSource/sonar-java/,2024-11-14 16:49:45+00:00,30,1133,its/plugin/projects/struts-1.3.9-lite/tiles/src/main/java/org/apache/struts/tiles/taglib/doc-files/tilesUML.gif
SquareBracketAssociates/PharoMooc/,2024-09-21 15:05:58+00:00,11,19,Exercises/figures/LAN1-.png
SquareBracketAssociates/PharoMooc/,2024-09-21 15:05:58+00:00,11,19,Slides/figures/AddressDescription.png
SquareBracketAssociates/PharoMooc/,2024-09-21 15:05:58+00:00,11,19,Slides/figures/LODCoreProblem.png
SquareBracketAssociates/PharoMooc/,2024-09-21 15:05:58+00:00,11,19,Slides/figures/NullObject.png
SquareBracketAssociates/PharoMooc/,2024-09-21 15:05:58+00:00,11,19,Slides/figures/SUnitCore.png
SquareBracketAssociates/PharoMooc/,2024-09-21 15:05:58+00:00,11,19,Slides/figures/Visitor-Design.png
SquareBracketAssociates/PharoMooc/,2024-09-21 15:05:58+00:00,11,19,Slides/figures/Visitor-DonodeClever.png
SquareBracketAssociates/PharoMooc/,2024-09-21 15:05:58+00:00,11,19,Slides/figures/Visitor-ExpressionTree.png
SquareBracketAssociates/PharoMooc/,2024-09-21 15:05:58+00:00,11,19,Slides/figures/Visitor-ExpressionsVisitor.png
SquareBracketAssociates/PharoMooc/,2024-09-21 15:05:58+00:00,11,19,Slides/figures/Visitor-ItemControl.png
SquareBracketAssociates/PharoMooc/,2024-09-21 15:05:58+00:00,11,19,Slides/figures/Visitor-SimpleExpressionHierarchy.png
SquareBracketAssociates/PharoMooc/,2024-09-21 15:05:58+00:00,11,19,Slides/figures/Visitor-VisitorControl.png
SquareBracketAssociates/PharoMooc/,2024-09-21 15:05:58+00:00,11,19,Slides/figures/Visitor-donodeStupid.png
SquareBracketAssociates/PharoMooc/,2024-09-21 15:05:58+00:00,11,19,Slides/figures/VisitorReflectiveImplementation.png
SquareBracketAssociates/PharoMooc/,2024-09-21 15:05:58+00:00,11,19,Slides/figures/items.png
Stealth80/NickHollis/,2023-12-07 01:55:40+00:00,1,0,MobileFriendlyWebApp/public/img/class-diagram.png
TeamW/Sports-Elimination-TP3/,2023-12-10 21:09:03+00:00,3,2,docs/diagrams/classDiagram.png
TheAxeC/AxeSki/,2024-07-09 08:39:35+00:00,1,1,development/analyseVerslag-tex/AnalyseClassenDiagram/block.png
TheAxeC/AxeSki/,2024-07-09 08:39:35+00:00,1,1,development/analyseVerslag-tex/AnalyseClassenDiagram/collections.png
TheAxeC/AxeSki/,2024-07-09 08:39:35+00:00,1,1,development/analyseVerslag-tex/AnalyseClassenDiagram/core.png
TheAxeC/AxeSki/,2024-07-09 08:39:35+00:00,1,1,development/analyseVerslag-tex/AnalyseClassenDiagram/exceptions.png
TheAxeC/AxeSki/,2024-07-09 08:39:35+00:00,1,1,development/analyseVerslag-tex/AnalyseClassenDiagram/file.png
TheAxeC/AxeSki/,2024-07-09 08:39:35+00:00,1,1,development/analyseVerslag-tex/AnalyseClassenDiagram/gui.png
TheAxeC/AxeSki/,2024-07-09 08:39:35+00:00,1,1,development/analyseVerslag-tex/AnalyseClassenDiagram/model.png
TheAxeC/AxeSki/,2024-07-09 08:39:35+00:00,1,1,development/analyseVerslag-tex/AnalyseClassenDiagram/runtime.png
TheAxeC/AxeSki/,2024-07-09 08:39:35+00:00,1,1,development/analyseVerslag-tex/AnalyseClassenDiagram/uml.png
TheAxeC/AxeSki/,2024-07-09 08:39:35+00:00,1,1,development/analyseVerslag-tex/AnalyseClassenDiagram/variables.png
TheAxeC/AxeSki/,2024-07-09 08:39:35+00:00,1,1,development/eindVerslag-tex/AnalyseADTAlgorithm/blockmodel/baseclassuml.png
TheAxeC/AxeSki/,2024-07-09 08:39:35+00:00,1,1,development/eindVerslag-tex/AnalyseADTAlgorithm/blockmodel/topleveluml.png
TheAxeC/AxeSki/,2024-07-09 08:39:35+00:00,1,1,development/eindVerslag-tex/AnalyseADTAlgorithm/blockmodel/variablemodels.png
TheAxeC/AxeSki/,2024-07-09 08:39:35+00:00,1,1,development/eindVerslag-tex/AnalyseADTAlgorithm/compiler-runtime-modelCollection.png
TheAxeC/AxeSki/,2024-07-09 08:39:35+00:00,1,1,development/eindVerslag-tex/AnalyseADTAlgorithm/compiler.png
TheAxeC/AxeSki/,2024-07-09 08:39:35+00:00,1,1,development/eindVerslag-tex/AnalyseADTAlgorithm/dispatcher.png
TheAxeC/AxeSki/,2024-07-09 08:39:35+00:00,1,1,development/eindVerslag-tex/AnalyseADTAlgorithm/viewsmvc/classtak.png
TheAxeC/AxeSki/,2024-07-09 08:39:35+00:00,1,1,development/eindVerslag-tex/AnalyseADTAlgorithm/viewsmvc/diagram.png
TheAxeC/AxeSki/,2024-07-09 08:39:35+00:00,1,1,development/eindVerslag-tex/AnalyseADTAlgorithm/viewsmvc/highlevel.png
TheAxeC/AxeSki/,2024-07-09 08:39:35+00:00,1,1,development/eindVerslag-tex/AnalyseADTAlgorithm/viewsmvc/wiretak.png
TheAxeC/AxeSki/,2024-07-09 08:39:35+00:00,1,1,development/eindVerslag-tex/AnalyseClassenDiagram/block.png
TheAxeC/AxeSki/,2024-07-09 08:39:35+00:00,1,1,development/eindVerslag-tex/AnalyseClassenDiagram/collections.png
TheAxeC/AxeSki/,2024-07-09 08:39:35+00:00,1,1,development/eindVerslag-tex/AnalyseClassenDiagram/uml.png
TimLethbridge/umple/,2024-11-14 12:57:44+00:00,30,0,umpleonline/umplibrary/imagecache/VendingMachineClassDiagram.svg
TimLethbridge/umple/,2024-11-14 12:57:44+00:00,30,0,umplewww/examples/2dshapes.png
TimLethbridge/umple/,2024-11-14 12:57:44+00:00,30,0,umplewww/examples/OneToOneAssociations.png
TimLethbridge/umple/,2024-11-14 12:57:44+00:00,30,0,umplewww/examples/RoutesAndLocations.png
TimLethbridge/umple/,2024-11-14 12:57:44+00:00,30,0,umplewww/examples/StudentAddress.png
TimLethbridge/umple/,2024-11-14 12:57:44+00:00,30,0,umplewww/examples/warehouse.png
UnboundID/ldapsdk/,2024-11-13 22:03:09+00:00,1,338,ext/ant/manual/Tasks/image-classdiagram.gif
Unidata/awips2/,2024-11-14 08:16:50+00:00,2,177,cave/com.raytheon.viz.gfe/help/images/TF10.png
Unidata/awips2/,2024-11-14 08:16:50+00:00,2,177,cave/com.raytheon.viz.gfe/help/images/TF5.png
ValentinMinder/CirculationMediator/,2024-05-02 14:47:54+00:00,3,1,TheoreticalMediator/presentation/graphics/UML-0_general.png
ValentinMinder/CirculationMediator/,2024-05-02 14:47:54+00:00,3,1,TheoreticalMediator/presentation/graphics/UML-1_interaction.png
ValentinMinder/CirculationMediator/,2024-05-02 14:47:54+00:00,3,1,TheoreticalMediator/presentation/graphics/UML-2_carrierMessage.png
ValentinMinder/CirculationMediator/,2024-05-02 14:47:54+00:00,3,1,TheoreticalMediator/presentation/graphics/UML-2_carrierMessagePlus.png
ValentinMinder/CirculationMediator/,2024-05-02 14:47:54+00:00,3,1,TheoreticalMediator/presentation/graphics/UML-4_workers.png
WouterJ/wouterj.github.com/,2024-09-14 13:53:45+00:00,14,1,img/security1-current-uml.png
WouterJ/wouterj.github.com/,2024-09-14 13:53:45+00:00,14,1,img/security1-proposed-uml.png
abreitenfeld/QCrystalTile/,2024-03-19 11:37:18+00:00,5,1,doc/architecture/architecture.svg
abulka/pynsource/,2024-11-09 15:06:43+00:00,4,287,Admin/doco-uml/OGL-like UML 2015.png
abulka/pynsource/,2024-11-09 15:06:43+00:00,4,287,Admin/doco-uml/gui_uml_01_sha_884410.png
abulka/pynsource/,2024-11-09 15:06:43+00:00,4,287,Admin/doco-uml/gui_uml_latest.png
abulka/pynsource/,2024-11-09 15:06:43+00:00,4,287,Admin/doco-uml/parse_model_uml.png
abulka/pynsource/,2024-11-09 15:06:43+00:00,4,287,Research/misc information and doco/pyNSourceUML_example01.gif
abulka/pynsource/,2024-11-09 15:06:43+00:00,4,287,Research/wx doco/Images/outyuml_big.png
abulka/pynsource/,2024-11-09 15:06:43+00:00,4,287,Research/yuml_python/outyuml2.png
abulka/pynsource/,2024-11-09 15:06:43+00:00,4,287,Research/yuml_python/yuml_order_example.png
abulka/pynsource/,2024-11-09 15:06:43+00:00,4,287,Research/yuml_python/yuml_pynsource1_example.png
abulka/pynsource/,2024-11-09 15:06:43+00:00,4,287,Research/yuml_python/yuml_pynsource2_example.png
abulka/pynsource/,2024-11-09 15:06:43+00:00,4,287,Research/yuml_python/yuml_pynsource3_example.png
abulka/pynsource/,2024-11-09 15:06:43+00:00,4,287,src/dialogs/help-images/help-ascii.jpg
abulka/pynsource/,2024-11-09 15:06:43+00:00,4,287,src/dialogs/help-images/help-colour.jpg
abulka/pynsource/,2024-11-09 15:06:43+00:00,4,287,src/dialogs/help-images/help01.jpg
abulka/pynsource/,2024-11-09 15:06:43+00:00,4,287,src/dialogs/help-images/plantuml01.jpg
ackepenek/HavayoluSirketSistemi/,2024-03-21 05:08:02+00:00,2,3,odev4/odev-refine/biletsatis-dm.jpg
ackepenek/HavayoluSirketSistemi/,2024-03-21 05:08:02+00:00,2,3,odev4/odev-refine/biletsatis-smd.jpg
ackepenek/HavayoluSirketSistemi/,2024-03-21 05:08:02+00:00,2,3,odev4/odev-refine/checkin-dm.jpg
ackepenek/HavayoluSirketSistemi/,2024-03-21 05:08:02+00:00,2,3,odev4/odev-refine/checkin-smd.jpg
ackepenek/HavayoluSirketSistemi/,2024-03-21 05:08:02+00:00,2,3,odev4/odev-refine/ucusolusturma-dm.jpg
ackepenek/HavayoluSirketSistemi/,2024-03-21 05:08:02+00:00,2,3,odev4/ucusolusturma.jpg
adityaapte/CERR/,2024-11-06 14:09:43+00:00,7,192,Unit_Testing/matlab_xunit_3/matlab_xunit/architecture/html/class_diagram_a.gif
adityaapte/CERR/,2024-11-06 14:09:43+00:00,7,192,Unit_Testing/matlab_xunit_3/matlab_xunit/architecture/html/class_diagram_b.gif
adityaapte/CERR/,2024-11-06 14:09:43+00:00,7,192,Unit_Testing/matlab_xunit_3/matlab_xunit/architecture/html/class_diagram_c.gif
afarber/alexander-farber/,2023-11-27 13:03:24+00:00,1,0,thesis/class-diagram-1.gif
afarber/alexander-farber/,2023-11-27 13:03:24+00:00,1,0,thesis/class-diagram-2.gif
amikey/android-open-project-analysis/,2024-08-06 07:42:01+00:00,30,1,tool-lib/common/xutils/image/BitmapClass.png
amikey/android-open-project-analysis/,2024-08-06 07:42:01+00:00,30,1,tool-lib/common/xutils/image/DbSequence.png
amikey/android-open-project-analysis/,2024-08-06 07:42:01+00:00,30,1,tool-lib/common/xutils/image/HttpClass.png
amikey/android-open-project-analysis/,2024-08-06 07:42:01+00:00,30,1,tool-lib/common/xutils/image/ViewClass.png
amikey/android-open-project-analysis/,2024-08-06 07:42:01+00:00,30,1,tool-lib/common/xutils/image/bitmap_class.png
amikey/android-open-project-analysis/,2024-08-06 07:42:01+00:00,30,1,tool-lib/common/xutils/image/http_class.png
amikey/android-open-project-analysis/,2024-08-06 07:42:01+00:00,30,1,tool-lib/compatibility/nineoldanimations/uml/nineold-animations_uml.jpg
amikey/android-open-project-analysis/,2024-08-06 07:42:01+00:00,30,1,tool-lib/dependency-injection/dagger/images/uml_types.png
amikey/android-open-project-analysis/,2024-08-06 07:42:01+00:00,30,1,tool-lib/image-cache/universal-image-loader/image/relation-class.png
amikey/android-open-project-analysis/,2024-08-06 07:42:01+00:00,30,1,tool-lib/network/cling/images/api_overview.png
amikey/android-open-project-analysis/,2024-08-06 07:42:01+00:00,30,1,tool-lib/other/base-adapter-helper/image/base-adapter-helper-ClassDiagram.jpg
amikey/android-open-project-analysis/,2024-08-06 07:42:01+00:00,30,1,tool-lib/plugin/dynamic-load-apk/image/class-relation.png
amikey/android-open-project-analysis/,2024-08-06 07:42:01+00:00,30,1,tool-lib/plugin/dynamic-load-apk/image/classes.jpg
amikey/android-open-project-analysis/,2024-08-06 07:42:01+00:00,30,1,tool-lib/plugin/dynamic-load-apk/uml/class-relation.png
amikey/android-open-project-analysis/,2024-08-06 07:42:01+00:00,30,1,view/graph-view/holographlibrary/image/Bar.png
amikey/android-open-project-analysis/,2024-08-06 07:42:01+00:00,30,1,view/graph-view/holographlibrary/image/Line.png
amikey/android-open-project-analysis/,2024-08-06 07:42:01+00:00,30,1,view/graph-view/holographlibrary/image/Pie.png
amikey/android-open-project-analysis/,2024-08-06 07:42:01+00:00,30,1,view/graph-view/holographlibrary/image/uml.png
amikey/android-open-project-analysis/,2024-08-06 07:42:01+00:00,30,1,view/image-view/photoview/images/startuml.jpg
amikey/android-open-project-analysis/,2024-08-06 07:42:01+00:00,30,1,view/menu/side-menu.android/images/side_menu_class.jpg
amikey/android-open-project-analysis/,2024-08-06 07:42:01+00:00,30,1,view/menu/sliding-menu/image/SlidingMenu.png
amikey/android-open-project-analysis/,2024-08-06 07:42:01+00:00,30,1,view/other/android-lockpattern/image/Main.png
amikey/android-open-project-analysis/,2024-08-06 07:42:01+00:00,30,1,view/other/android-ultra-pull-to-refresh/image/UltraPTR-class.png
amikey/android-open-project-analysis/,2024-08-06 07:42:01+00:00,30,1,view/other/pager-sliding-tab-strip/image/PagerSlidingTabStrip.jpg
amikey/android-open-project-analysis/,2024-08-06 07:42:01+00:00,30,1,view/other/view-pager-indicator/image/class_relation.png
amikey/android-open-project-analysis/,2024-08-06 07:42:01+00:00,30,1,view/progress-bar/discrete-seek-bar/image/classes.gif
apache/batik/,2024-11-14 04:53:01+00:00,6,215,documentation-sources/resources/images/svggenHighLevelArchi.jpg
apache/click/,2024-10-07 04:28:28+00:00,4,14,documentation/xdocs/src/images/ajax/ajax-class-diagram.png
apache/click/,2024-10-07 04:28:28+00:00,4,14,documentation/xdocs/src/images/controls/behavior-class-diagram.png
apache/click/,2024-10-07 04:28:28+00:00,4,14,documentation/xdocs/src/images/controls/container-package-class-diagram.png
apache/click/,2024-10-07 04:28:28+00:00,4,14,documentation/xdocs/src/images/controls/control-class-diagram.png
apache/click/,2024-10-07 04:28:28+00:00,4,14,documentation/xdocs/src/images/controls/control-package-class-diagram.png
apache/click/,2024-10-07 04:28:28+00:00,4,14,documentation/xdocs/src/images/pages/click-class-diagram.png
apache/struts-archive/,2024-06-06 04:17:57+00:00,8,1,struts-doc-1.1/api/org/apache/struts/action/doc-files/actionUML.gif
apache/struts-archive/,2024-06-06 04:17:57+00:00,8,1,struts-doc-1.1/api/org/apache/struts/actions/doc-files/actionsUML.gif
apache/struts-archive/,2024-06-06 04:17:57+00:00,8,1,struts-doc-1.1/api/org/apache/struts/config/doc-files/configUML.gif
apache/struts-archive/,2024-06-06 04:17:57+00:00,8,1,struts-doc-1.1/api/org/apache/struts/taglib/bean/doc-files/beanUML.gif
apache/struts-archive/,2024-06-06 04:17:57+00:00,8,1,struts-doc-1.1/api/org/apache/struts/taglib/html/doc-files/htmlUML.gif
apache/struts-archive/,2024-06-06 04:17:57+00:00,8,1,struts-doc-1.1/api/org/apache/struts/taglib/logic/doc-files/logicUML.gif
apache/struts-archive/,2024-06-06 04:17:57+00:00,8,1,struts-doc-1.1/api/org/apache/struts/taglib/nested/bean/doc-files/nested-bean.gif
apache/struts-archive/,2024-06-06 04:17:57+00:00,8,1,struts-doc-1.1/api/org/apache/struts/taglib/nested/doc-files/nestedUML.gif
apache/struts-archive/,2024-06-06 04:17:57+00:00,8,1,struts-doc-1.1/api/org/apache/struts/taglib/nested/html/doc-files/nested-html.gif
apache/struts-archive/,2024-06-06 04:17:57+00:00,8,1,struts-doc-1.1/api/org/apache/struts/taglib/nested/logic/doc-files/nested-logic.gif
apache/struts-archive/,2024-06-06 04:17:57+00:00,8,1,struts-doc-1.1/api/org/apache/struts/taglib/template/doc-files/template.gif
apache/struts-archive/,2024-06-06 04:17:57+00:00,8,1,struts-doc-1.1/api/org/apache/struts/taglib/tiles/doc-files/tilesUML.gif
apache/struts-archive/,2024-06-06 04:17:57+00:00,8,1,struts-doc-1.1/api/org/apache/struts/tiles/doc-files/tilesUML.gif
apache/struts-archive/,2024-06-06 04:17:57+00:00,8,1,struts-doc-1.1/api/org/apache/struts/upload/doc-files/uploadUML.jpg
apache/struts-archive/,2024-06-06 04:17:57+00:00,8,1,struts-doc-1.1/api/org/apache/struts/validator/doc-files/validatorUML.jpg
apache/tomee-site/,2024-06-06 04:10:40+00:00,9,1,content/resources/images/ClassDiagram.png
apache/wicket/,2024-11-10 21:10:53+00:00,30,739,wicket-user-guide/src/main/asciidoc/img/page-panel-hierarchy.png
apache/wicket/,2024-11-10 21:10:53+00:00,30,739,wicket-user-guide/src/main/asciidoc/img/uml-component.png
apache/wicket/,2024-11-10 21:10:53+00:00,30,739,wicket-user-guide/src/main/asciidoc/img/uml-form-component.png
apache/wicket/,2024-11-10 21:10:53+00:00,30,739,wicket-user-guide/src/main/asciidoc/img/uml-imodel.png
aplgithub/haikudepotserver/,2024-11-09 13:06:22+00:00,17,18,docs/images/img-datamodel.png
aplgithub/haikudepotserver/,2024-11-09 13:06:22+00:00,17,18,docs/images/img-jobsuml.png
arcadenea/rockbot/,2024-08-11 21:17:27+00:00,2,5,docs/diagram.png
atoader/HilbertRTree/,2024-08-27 02:06:41+00:00,1,31,doc/Report/img/ClassDiagram.png
bboecherer/SailingSchoolManagerWPF/,2024-05-31 14:24:14+00:00,4,0,ClassDiagram1.jpg
bboecherer/SailingSchoolManagerWPF/,2024-05-31 14:24:14+00:00,4,0,ClassDiagram1.png
bboecherer/SailingSchoolManagerWPF/,2024-05-31 14:24:14+00:00,4,0,ClassDiagram2.png
bboecherer/SailingSchoolManagerWPF/,2024-05-31 14:24:14+00:00,4,0,ClassDiagram3.png
bboecherer/SailingSchoolManagerWPF/,2024-05-31 14:24:14+00:00,4,0,ClassDiagram4.png
bboecherer/SailingSchoolManagerWPF/,2024-05-31 14:24:14+00:00,4,0,ClassDiagram5.png
bboecherer/SailingSchoolManagerWPF/,2024-05-31 14:24:14+00:00,4,0,ClassDiagram6.png
bboecherer/SailingSchoolManagerWPF/,2024-05-31 14:24:14+00:00,4,0,ClassDiagram7.png
bboecherer/SailingSchoolManagerWPF/,2024-05-31 14:24:14+00:00,4,0,DB_BU.png
bboecherer/SailingSchoolManagerWPF/,2024-05-31 14:24:14+00:00,4,0,DB_Course.png
bboecherer/SailingSchoolManagerWPF/,2024-05-31 14:24:14+00:00,4,0,DB_Invoices.png
bboecherer/SailingSchoolManagerWPF/,2024-05-31 14:24:14+00:00,4,0,DB_Planing.png
bboecherer/SailingSchoolManagerWPF/,2024-05-31 14:24:14+00:00,4,0,DB_Qualis.png
bboecherer/SailingSchoolManagerWPF/,2024-05-31 14:24:14+00:00,4,0,DB_Student_Insructor.png
bestplay9384/LTE-Sim-Simulator/,2024-03-16 15:53:15+00:00,1,0,DOC/uml.png
blackberry/BB10-WebWorks-Community-Samples/,2023-11-29 06:51:31+00:00,18,44,Ant-Build-Script/tools/apache-ant-1.8.2/docs/manual/Tasks/image-classdiagram.gif
bootchk/pensool/,2024-08-27 18:42:08+00:00,1,13,doc/html/uml_class_diagram_for_pensool_.gif
bootchk/pensool/,2024-08-27 18:42:08+00:00,1,13,doc/html/uml_class_diagram_for_source_b.gif
bootchk/pensool/,2024-08-27 18:42:08+00:00,1,13,doc/html/uml_class_diagram_for_source_b_2.gif
bootchk/pensool/,2024-08-27 18:42:08+00:00,1,13,doc/html/uml_class_diagram_for_source_b_3.gif
bootchk/pensool/,2024-08-27 18:42:08+00:00,1,13,doc/html/uml_class_diagram_for_source_b_4.gif
bootchk/pensool/,2024-08-27 18:42:08+00:00,1,13,doc/html/uml_class_diagram_for_source_b_5.gif
bootchk/pensool/,2024-08-27 18:42:08+00:00,1,13,doc/html/uml_class_diagram_for_source_c.gif
bootchk/pensool/,2024-08-27 18:42:08+00:00,1,13,doc/html/uml_class_diagram_for_source_c_2.gif
bootchk/pensool/,2024-08-27 18:42:08+00:00,1,13,doc/html/uml_class_diagram_for_source_d.gif
bootchk/pensool/,2024-08-27 18:42:08+00:00,1,13,doc/html/uml_class_diagram_for_source_g.gif
bootchk/pensool/,2024-08-27 18:42:08+00:00,1,13,doc/html/uml_class_diagram_for_source_g_10.gif
bootchk/pensool/,2024-08-27 18:42:08+00:00,1,13,doc/html/uml_class_diagram_for_source_g_11.gif
bootchk/pensool/,2024-08-27 18:42:08+00:00,1,13,doc/html/uml_class_diagram_for_source_g_12.gif
bootchk/pensool/,2024-08-27 18:42:08+00:00,1,13,doc/html/uml_class_diagram_for_source_g_13.gif
bootchk/pensool/,2024-08-27 18:42:08+00:00,1,13,doc/html/uml_class_diagram_for_source_g_14.gif
bootchk/pensool/,2024-08-27 18:42:08+00:00,1,13,doc/html/uml_class_diagram_for_source_g_15.gif
bootchk/pensool/,2024-08-27 18:42:08+00:00,1,13,doc/html/uml_class_diagram_for_source_g_16.gif
bootchk/pensool/,2024-08-27 18:42:08+00:00,1,13,doc/html/uml_class_diagram_for_source_g_17.gif
bootchk/pensool/,2024-08-27 18:42:08+00:00,1,13,doc/html/uml_class_diagram_for_source_g_18.gif
bootchk/pensool/,2024-08-27 18:42:08+00:00,1,13,doc/html/uml_class_diagram_for_source_g_19.gif
bootchk/pensool/,2024-08-27 18:42:08+00:00,1,13,doc/html/uml_class_diagram_for_source_g_2.gif
bootchk/pensool/,2024-08-27 18:42:08+00:00,1,13,doc/html/uml_class_diagram_for_source_g_20.gif
bootchk/pensool/,2024-08-27 18:42:08+00:00,1,13,doc/html/uml_class_diagram_for_source_g_21.gif
bootchk/pensool/,2024-08-27 18:42:08+00:00,1,13,doc/html/uml_class_diagram_for_source_g_22.gif
bootchk/pensool/,2024-08-27 18:42:08+00:00,1,13,doc/html/uml_class_diagram_for_source_g_23.gif
bootchk/pensool/,2024-08-27 18:42:08+00:00,1,13,doc/html/uml_class_diagram_for_source_g_24.gif
bootchk/pensool/,2024-08-27 18:42:08+00:00,1,13,doc/html/uml_class_diagram_for_source_g_25.gif
bootchk/pensool/,2024-08-27 18:42:08+00:00,1,13,doc/html/uml_class_diagram_for_source_g_3.gif
bootchk/pensool/,2024-08-27 18:42:08+00:00,1,13,doc/html/uml_class_diagram_for_source_g_4.gif
bootchk/pensool/,2024-08-27 18:42:08+00:00,1,13,doc/html/uml_class_diagram_for_source_g_5.gif
bootchk/pensool/,2024-08-27 18:42:08+00:00,1,13,doc/html/uml_class_diagram_for_source_g_6.gif
bootchk/pensool/,2024-08-27 18:42:08+00:00,1,13,doc/html/uml_class_diagram_for_source_g_7.gif
bootchk/pensool/,2024-08-27 18:42:08+00:00,1,13,doc/html/uml_class_diagram_for_source_g_8.gif
bootchk/pensool/,2024-08-27 18:42:08+00:00,1,13,doc/html/uml_class_diagram_for_source_g_9.gif
bootchk/pensool/,2024-08-27 18:42:08+00:00,1,13,doc/html/uml_class_diagram_for_source_l.gif
bootchk/pensool/,2024-08-27 18:42:08+00:00,1,13,doc/html/uml_class_diagram_for_source_m.gif
bootchk/pensool/,2024-08-27 18:42:08+00:00,1,13,doc/html/uml_class_diagram_for_source_m_10.gif
bootchk/pensool/,2024-08-27 18:42:08+00:00,1,13,doc/html/uml_class_diagram_for_source_m_11.gif
bootchk/pensool/,2024-08-27 18:42:08+00:00,1,13,doc/html/uml_class_diagram_for_source_m_12.gif
bootchk/pensool/,2024-08-27 18:42:08+00:00,1,13,doc/html/uml_class_diagram_for_source_m_13.gif
bootchk/pensool/,2024-08-27 18:42:08+00:00,1,13,doc/html/uml_class_diagram_for_source_m_14.gif
bootchk/pensool/,2024-08-27 18:42:08+00:00,1,13,doc/html/uml_class_diagram_for_source_m_15.gif
bootchk/pensool/,2024-08-27 18:42:08+00:00,1,13,doc/html/uml_class_diagram_for_source_m_2.gif
bootchk/pensool/,2024-08-27 18:42:08+00:00,1,13,doc/html/uml_class_diagram_for_source_m_3.gif
bootchk/pensool/,2024-08-27 18:42:08+00:00,1,13,doc/html/uml_class_diagram_for_source_m_4.gif
bootchk/pensool/,2024-08-27 18:42:08+00:00,1,13,doc/html/uml_class_diagram_for_source_m_5.gif
bootchk/pensool/,2024-08-27 18:42:08+00:00,1,13,doc/html/uml_class_diagram_for_source_m_6.gif
bootchk/pensool/,2024-08-27 18:42:08+00:00,1,13,doc/html/uml_class_diagram_for_source_m_7.gif
bootchk/pensool/,2024-08-27 18:42:08+00:00,1,13,doc/html/uml_class_diagram_for_source_m_8.gif
bootchk/pensool/,2024-08-27 18:42:08+00:00,1,13,doc/html/uml_class_diagram_for_source_m_9.gif
bootchk/pensool/,2024-08-27 18:42:08+00:00,1,13,doc/html/uml_class_diagram_for_source_p.gif
bootchk/pensool/,2024-08-27 18:42:08+00:00,1,13,doc/html/uml_class_diagram_for_source_p_2.gif
bootchk/pensool/,2024-08-27 18:42:08+00:00,1,13,doc/html/uml_class_diagram_for_source_p_3.gif
bootchk/pensool/,2024-08-27 18:42:08+00:00,1,13,doc/html/uml_class_diagram_for_source_p_4.gif
bootchk/pensool/,2024-08-27 18:42:08+00:00,1,13,doc/html/uml_class_diagram_for_source_p_5.gif
bootchk/pensool/,2024-08-27 18:42:08+00:00,1,13,doc/html/uml_class_diagram_for_source_s.gif
bootchk/pensool/,2024-08-27 18:42:08+00:00,1,13,doc/html/uml_class_diagram_for_source_s_2.gif
bootchk/pensool/,2024-08-27 18:42:08+00:00,1,13,doc/html/uml_class_diagram_for_source_t.gif
borman/phoneme-qtopia/,2024-11-03 10:35:55+00:00,2,11,jsr211/src/share/classes/javax/microedition/content/doc-files/chapi-hier.gif
borman/phoneme-qtopia/,2024-11-03 10:35:55+00:00,2,11,jsr229/src/share/classes/javax/microedition/payment/doc-files/design.gif
borman/phoneme-qtopia/,2024-11-03 10:35:55+00:00,2,11,midp/src/protocol/gcf/reference/classes/com/sun/midp/io/doc-files/ConnectionBaseAdapter.gif
brian-j-smith/Mamba.jl/,2024-11-08 05:34:15+00:00,12,255,doc/images/mcmcUML.png
brian-j-smith/Mamba.jl/,2024-11-08 05:34:15+00:00,12,255,doc/images/variateUML.png
bruceoutdoors/Intro-Design-Patterns-Cpp-Qt5/,2024-10-05 02:57:56+00:00,1,147,carclass/hondurota.png
bruceoutdoors/Intro-Design-Patterns-Cpp-Qt5/,2024-10-05 02:57:56+00:00,1,147,cardgame/cardgame.png
bruceoutdoors/Intro-Design-Patterns-Cpp-Qt5/,2024-10-05 02:57:56+00:00,1,147,classes/date-ex.png
bruceoutdoors/Intro-Design-Patterns-Cpp-Qt5/,2024-10-05 02:57:56+00:00,1,147,classes/fraction-ex.png
bruceoutdoors/Intro-Design-Patterns-Cpp-Qt5/,2024-10-05 02:57:56+00:00,1,147,composite/suffolkchart.png
bruceoutdoors/Intro-Design-Patterns-Cpp-Qt5/,2024-10-05 02:57:56+00:00,1,147,containers/contact/ContactList.png
bruceoutdoors/Intro-Design-Patterns-Cpp-Qt5/,2024-10-05 02:57:56+00:00,1,147,containers/contact/contact.png
bruceoutdoors/Intro-Design-Patterns-Cpp-Qt5/,2024-10-05 02:57:56+00:00,1,147,containers/qmap/textbook.png
bruceoutdoors/Intro-Design-Patterns-Cpp-Qt5/,2024-10-05 02:57:56+00:00,1,147,containers/stack/template-stack.png
bruceoutdoors/Intro-Design-Patterns-Cpp-Qt5/,2024-10-05 02:57:56+00:00,1,147,derivation/film/filmApp.png
bruceoutdoors/Intro-Design-Patterns-Cpp-Qt5/,2024-10-05 02:57:56+00:00,1,147,derivation/shape1/shapes.png
bruceoutdoors/Intro-Design-Patterns-Cpp-Qt5/,2024-10-05 02:57:56+00:00,1,147,derivation/shoppinglist/shoppinglist.png
bruceoutdoors/Intro-Design-Patterns-Cpp-Qt5/,2024-10-05 02:57:56+00:00,1,147,derivation/student.png
bruceoutdoors/Intro-Design-Patterns-Cpp-Qt5/,2024-10-05 02:57:56+00:00,1,147,designer/productform/productform-uml.png
bruceoutdoors/Intro-Design-Patterns-Cpp-Qt5/,2024-10-05 02:57:56+00:00,1,147,functions/cryptoclass.png
bruceoutdoors/Intro-Design-Patterns-Cpp-Qt5/,2024-10-05 02:57:56+00:00,1,147,functions/usermanager.png
bruceoutdoors/Intro-Design-Patterns-Cpp-Qt5/,2024-10-05 02:57:56+00:00,1,147,jobseeker/company-relationships.png
bruceoutdoors/Intro-Design-Patterns-Cpp-Qt5/,2024-10-05 02:57:56+00:00,1,147,jobseeker/company.png
bruceoutdoors/Intro-Design-Patterns-Cpp-Qt5/,2024-10-05 02:57:56+00:00,1,147,jobseeker/person.png
bruceoutdoors/Intro-Design-Patterns-Cpp-Qt5/,2024-10-05 02:57:56+00:00,1,147,jobseeker/to1.png
bruceoutdoors/Intro-Design-Patterns-Cpp-Qt5/,2024-10-05 02:57:56+00:00,1,147,libs/customer/customerfactory.png
bruceoutdoors/Intro-Design-Patterns-Cpp-Qt5/,2024-10-05 02:57:56+00:00,1,147,libs/customer/customerlistuml.png
bruceoutdoors/Intro-Design-Patterns-Cpp-Qt5/,2024-10-05 02:57:56+00:00,1,147,libs/dataobjects/address.png
bruceoutdoors/Intro-Design-Patterns-Cpp-Qt5/,2024-10-05 02:57:56+00:00,1,147,libs/dataobjects/andconstraint.png
bruceoutdoors/Intro-Design-Patterns-Cpp-Qt5/,2024-10-05 02:57:56+00:00,1,147,libs/dataobjects/dataobject.png
bruceoutdoors/Intro-Design-Patterns-Cpp-Qt5/,2024-10-05 02:57:56+00:00,1,147,libs/dataobjects/playgen.png
bruceoutdoors/Intro-Design-Patterns-Cpp-Qt5/,2024-10-05 02:57:56+00:00,1,147,libs/dataobjects/qobjectreader.png
bruceoutdoors/Intro-Design-Patterns-Cpp-Qt5/,2024-10-05 02:57:56+00:00,1,147,libs/libs.png
bruceoutdoors/Intro-Design-Patterns-Cpp-Qt5/,2024-10-05 02:57:56+00:00,1,147,libs/metadata/MetaDataLoader.png
bruceoutdoors/Intro-Design-Patterns-Cpp-Qt5/,2024-10-05 02:57:56+00:00,1,147,login/login.png
bruceoutdoors/Intro-Design-Patterns-Cpp-Qt5/,2024-10-05 02:57:56+00:00,1,147,modelview/models.png
bruceoutdoors/Intro-Design-Patterns-Cpp-Qt5/,2024-10-05 02:57:56+00:00,1,147,modelview/modelview-delegate.png
bruceoutdoors/Intro-Design-Patterns-Cpp-Qt5/,2024-10-05 02:57:56+00:00,1,147,modelview/mvcpattern.png
bruceoutdoors/Intro-Design-Patterns-Cpp-Qt5/,2024-10-05 02:57:56+00:00,1,147,modelview/propertyselector/propertyselectorUML.png
bruceoutdoors/Intro-Design-Patterns-Cpp-Qt5/,2024-10-05 02:57:56+00:00,1,147,modelview/sortfilterproxy.png
bruceoutdoors/Intro-Design-Patterns-Cpp-Qt5/,2024-10-05 02:57:56+00:00,1,147,modelview/views.png
bruceoutdoors/Intro-Design-Patterns-Cpp-Qt5/,2024-10-05 02:57:56+00:00,1,147,modelview/viewsandwidgets.png
bruceoutdoors/Intro-Design-Patterns-Cpp-Qt5/,2024-10-05 02:57:56+00:00,1,147,multinheritance/PersonStudentTeacher.png
bruceoutdoors/Intro-Design-Patterns-Cpp-Qt5/,2024-10-05 02:57:56+00:00,1,147,multinheritance/qgraphicsobject.png
bruceoutdoors/Intro-Design-Patterns-Cpp-Qt5/,2024-10-05 02:57:56+00:00,1,147,multinheritance/screenregion.png
bruceoutdoors/Intro-Design-Patterns-Cpp-Qt5/,2024-10-05 02:57:56+00:00,1,147,mystring/shareddata/sstring.png
bruceoutdoors/Intro-Design-Patterns-Cpp-Qt5/,2024-10-05 02:57:56+00:00,1,147,pointer-container/library1.png
bruceoutdoors/Intro-Design-Patterns-Cpp-Qt5/,2024-10-05 02:57:56+00:00,1,147,properties/antipattern.png
bruceoutdoors/Intro-Design-Patterns-Cpp-Qt5/,2024-10-05 02:57:56+00:00,1,147,properties/metaobjects.png
bruceoutdoors/Intro-Design-Patterns-Cpp-Qt5/,2024-10-05 02:57:56+00:00,1,147,puzzle/puzzle-uml.png
bruceoutdoors/Intro-Design-Patterns-Cpp-Qt5/,2024-10-05 02:57:56+00:00,1,147,qobject/compositePattern.png
bruceoutdoors/Intro-Design-Patterns-Cpp-Qt5/,2024-10-05 02:57:56+00:00,1,147,qobject/qobject.png
bruceoutdoors/Intro-Design-Patterns-Cpp-Qt5/,2024-10-05 02:57:56+00:00,1,147,qonsole/qonsole1/qonsole1-uml.png
bruceoutdoors/Intro-Design-Patterns-Cpp-Qt5/,2024-10-05 02:57:56+00:00,1,147,sql/sqlmodels.png
bruceoutdoors/Intro-Design-Patterns-Cpp-Qt5/,2024-10-05 02:57:56+00:00,1,147,statics/static.png
bruceoutdoors/Intro-Design-Patterns-Cpp-Qt5/,2024-10-05 02:57:56+00:00,1,147,subobject/square.png
bruceoutdoors/Intro-Design-Patterns-Cpp-Qt5/,2024-10-05 02:57:56+00:00,1,147,timer/speed-reader/speed-reader.png
bruceoutdoors/Intro-Design-Patterns-Cpp-Qt5/,2024-10-05 02:57:56+00:00,1,147,xml/dom.png
bruceoutdoors/Intro-Design-Patterns-Cpp-Qt5/,2024-10-05 02:57:56+00:00,1,147,xml/domwalker/domwalker.png
bruceoutdoors/Intro-Design-Patterns-Cpp-Qt5/,2024-10-05 02:57:56+00:00,1,147,xml/sax1/xmlreader.png
bruceoutdoors/Intro-Design-Patterns-Cpp-Qt5/,2024-10-05 02:57:56+00:00,1,147,xml/xmlbuilder.png
cechrist/cardoon/,2023-12-12 07:22:06+00:00,1,13,doc/circuit_uml.png
chuxi/chuxi.github.io/,2024-02-06 15:07:07+00:00,1,0,assets/2015-04-20-files/Dependency.png
cjferba/Poker/,2024-09-21 05:38:06+00:00,1,2,Diagramadeclase.png
cjw-network/cjw_newsletter/,2024-01-09 23:24:13+00:00,2,17,doc/uml/class_diagram.svg
clbustos/PHP_Beautifier/,2024-02-29 22:52:33+00:00,5,107,site/uml/PackageOverviewbatch.jpg
clbustos/PHP_Beautifier/,2024-02-29 22:52:33+00:00,5,107,site/uml/PackageOverviewbeautifier.jpg
clbustos/PHP_Beautifier/,2024-02-29 22:52:33+00:00,5,107,site/uml/PackageOverviewpear.jpg
clbustos/PHP_Beautifier/,2024-02-29 22:52:33+00:00,5,107,site/uml/PackageOverviewstreamwrapper.jpg
clbustos/PHP_Beautifier/,2024-02-29 22:52:33+00:00,5,107,site/uml/PackageOverwievphp.jpg
clbustos/PHP_Beautifier/,2024-02-29 22:52:33+00:00,5,107,site/uml/PackagePHP_Beautifier.jpg
sbhatore/SSAD46/,2024-07-10 12:01:23+00:00,5,1,documents/design/ITER1/umlClassDiagram1.png
scikit-beam/scikit-beam/,2024-07-23 05:05:39+00:00,27,93,docs/source/img/arch/NSLS2Widget Object Diagram 5-23-14.jpg
scikit-beam/scikit-beam/,2024-07-23 05:05:39+00:00,27,93,docs/source/img/arch/NSLS2Widgets.png
scipy-conference/scipy_proceedings_2015/,2024-06-20 23:32:13+00:00,30,8,papers/jacqueline_kazil/mesa_diagram.png
sculptor/sculptor.github.io/,2024-09-18 06:28:58+00:00,30,1,images/2010-06-10-improving-developer-productivity-with-sculptor/umlgraph.png
sculptor/sculptor.github.io/,2024-09-18 06:28:58+00:00,30,1,images/documentation/advanced-tutorial/library-domain.png
sculptor/sculptor.github.io/,2024-09-18 06:28:58+00:00,30,1,images/documentation/event-driven-tutorial/umlgraph-eventsourcing.png
sculptor/sculptor.github.io/,2024-09-18 06:28:58+00:00,30,1,images/documentation/event-driven-tutorial/umlgraph-simple_eventsourcing.png
sculptor/sculptor.github.io/,2024-09-18 06:28:58+00:00,30,1,images/documentation/hello-world-tutorial/helloworld-design-classes.png
sculptor/sculptor.github.io/,2024-09-18 06:28:58+00:00,30,1,images/documentation/mongodb-tutorial/blog_umlgraph.png
sebastianrahtz/oxgarage/,2024-08-26 16:24:19+00:00,3,54,ege-api/src/site/resources/images/uml.gif
sebastianrahtz/oxgarage/,2024-08-26 16:24:19+00:00,3,54,ege-validator/src/site/resources/images/uml.gif
sebastianrahtz/oxgarage/,2024-08-26 16:24:19+00:00,3,54,ege-webclient/src/site/resources/images/uml.gif
sebastianrahtz/oxgarage/,2024-08-26 16:24:19+00:00,3,54,ege-webservice/src/site/resources/images/uml.gif
sebastianrahtz/oxgarage/,2024-08-26 16:24:19+00:00,3,54,ege-xsl-converter/src/site/resources/images/uml.gif
sebastianrahtz/oxgarage/,2024-08-26 16:24:19+00:00,3,54,src/site/resources/images/uml.gif
sebastianrahtz/oxgarage/,2024-08-26 16:24:19+00:00,3,54,tei-converter/src/site/resources/images/uml.gif
sebnil/Sketchy-Truck/,2024-08-16 23:15:07+00:00,4,29,andengine/uml/andengine_classdiagram.png
seeburger-ag/jbossts/,2023-12-01 17:55:17+00:00,3,0,ArjunaJTS/docs/development_guide/en-US/images/control_and_resources.png
seeburger-ag/jbossts/,2023-12-01 17:55:17+00:00,3,0,ArjunaJTS/docs/development_guide/en-US/images/interface_relationship.png
seeburger-ag/jbossts/,2023-12-01 17:55:17+00:00,3,0,docs/failure_recovery_guide/en-US/images/fig3-resource-recoverycoordinator.gif
shamanDevel/ProceduralTerrain/,2024-04-15 22:22:55+00:00,2,16,src/net/sourceforge/arbaro/tree/doc-files/Tree-1.png
shamanDevel/ProceduralTerrain/,2024-04-15 22:22:55+00:00,2,16,src/net/sourceforge/arbaro/tree/doc-files/Tree-2.png
shigeya/omnetpp/,2024-09-16 20:16:20+00:00,1,14,doc/api/classModNameParamResolver.png
shigeya/omnetpp/,2024-09-16 20:16:20+00:00,1,14,doc/api/classNEDSupport_1_1LoopVar.png
shigeya/omnetpp/,2024-09-16 20:16:20+00:00,1,14,doc/api/classNEDSupport_1_1ParameterRef.png
shigeya/omnetpp/,2024-09-16 20:16:20+00:00,1,14,doc/api/classNEDSupport_1_1SiblingModuleParameterRef.png
shigeya/omnetpp/,2024-09-16 20:16:20+00:00,1,14,doc/api/classNEDSupport_1_1Sizeof.png
shigeya/omnetpp/,2024-09-16 20:16:20+00:00,1,14,doc/api/classStringMapParamResolver.png
shigeya/omnetpp/,2024-09-16 20:16:20+00:00,1,14,doc/api/classcADByStddev.png
shigeya/omnetpp/,2024-09-16 20:16:20+00:00,1,14,doc/api/classcAccuracyDetection.png
shigeya/omnetpp/,2024-09-16 20:16:20+00:00,1,14,doc/api/classcArray.png
shigeya/omnetpp/,2024-09-16 20:16:20+00:00,1,14,doc/api/classcBoolParImpl.png
shigeya/omnetpp/,2024-09-16 20:16:20+00:00,1,14,doc/api/classcChannel.png
shigeya/omnetpp/,2024-09-16 20:16:20+00:00,1,14,doc/api/classcChannelType.png
shigeya/omnetpp/,2024-09-16 20:16:20+00:00,1,14,doc/api/classcChannel_1_1MessageSentSignalValue.png
shigeya/omnetpp/,2024-09-16 20:16:20+00:00,1,14,doc/api/classcClassDescriptor.png
shigeya/omnetpp/,2024-09-16 20:16:20+00:00,1,14,doc/api/classcCommBuffer.png
shigeya/omnetpp/,2024-09-16 20:16:20+00:00,1,14,doc/api/classcComponent.png
shigeya/omnetpp/,2024-09-16 20:16:20+00:00,1,14,doc/api/classcComponentType.png
shigeya/omnetpp/,2024-09-16 20:16:20+00:00,1,14,doc/api/classcCompoundModule.png
shigeya/omnetpp/,2024-09-16 20:16:20+00:00,1,14,doc/api/classcConfigOption.png
shigeya/omnetpp/,2024-09-16 20:16:20+00:00,1,14,doc/api/classcConfiguration.png
shigeya/omnetpp/,2024-09-16 20:16:20+00:00,1,14,doc/api/classcConfigurationEx.png
shigeya/omnetpp/,2024-09-16 20:16:20+00:00,1,14,doc/api/classcContextSwitcher.png
shigeya/omnetpp/,2024-09-16 20:16:20+00:00,1,14,doc/api/classcDatarateChannel.png
shigeya/omnetpp/,2024-09-16 20:16:20+00:00,1,14,doc/api/classcDefaultList.png
shigeya/omnetpp/,2024-09-16 20:16:20+00:00,1,14,doc/api/classcDelayChannel.png
shigeya/omnetpp/,2024-09-16 20:16:20+00:00,1,14,doc/api/classcDeleteModuleException.png
shigeya/omnetpp/,2024-09-16 20:16:20+00:00,1,14,doc/api/classcDensityEstBase.png
shigeya/omnetpp/,2024-09-16 20:16:20+00:00,1,14,doc/api/classcDoubleHistogram.png
shigeya/omnetpp/,2024-09-16 20:16:20+00:00,1,14,doc/api/classcDoubleParImpl.png
shigeya/omnetpp/,2024-09-16 20:16:20+00:00,1,14,doc/api/classcDynamicExpression.png
shigeya/omnetpp/,2024-09-16 20:16:20+00:00,1,14,doc/api/classcDynamicExpression_1_1Functor.png
shigeya/omnetpp/,2024-09-16 20:16:20+00:00,1,14,doc/api/classcEnum.png
shigeya/omnetpp/,2024-09-16 20:16:20+00:00,1,14,doc/api/classcEnvir.png
shigeya/omnetpp/,2024-09-16 20:16:20+00:00,1,14,doc/api/classcException.png
shigeya/omnetpp/,2024-09-16 20:16:20+00:00,1,14,doc/api/classcExpression.png
shigeya/omnetpp/,2024-09-16 20:16:20+00:00,1,14,doc/api/classcFSM.png
shigeya/omnetpp/,2024-09-16 20:16:20+00:00,1,14,doc/api/classcGate.png
shigeya/omnetpp/,2024-09-16 20:16:20+00:00,1,14,doc/api/classcGenericAssignableWatch.png
shigeya/omnetpp/,2024-09-16 20:16:20+00:00,1,14,doc/api/classcGenericReadonlyWatch.png
shigeya/omnetpp/,2024-09-16 20:16:20+00:00,1,14,doc/api/classcHasher.png
shigeya/omnetpp/,2024-09-16 20:16:20+00:00,1,14,doc/api/classcHistogram.png
shigeya/omnetpp/,2024-09-16 20:16:20+00:00,1,14,doc/api/classcHistogramBase.png
shigeya/omnetpp/,2024-09-16 20:16:20+00:00,1,14,doc/api/classcIListener.png
shigeya/omnetpp/,2024-09-16 20:16:20+00:00,1,14,doc/api/classcITimestampedValue.png
shigeya/omnetpp/,2024-09-16 20:16:20+00:00,1,14,doc/api/classcIdealChannel.png
shigeya/omnetpp/,2024-09-16 20:16:20+00:00,1,14,doc/api/classcKSplit.png
shigeya/omnetpp/,2024-09-16 20:16:20+00:00,1,14,doc/api/classcLCG32.png
shigeya/omnetpp/,2024-09-16 20:16:20+00:00,1,14,doc/api/classcLinkedList.png
shigeya/omnetpp/,2024-09-16 20:16:20+00:00,1,14,doc/api/classcListener.png
shigeya/omnetpp/,2024-09-16 20:16:20+00:00,1,14,doc/api/classcLongHistogram.png
shigeya/omnetpp/,2024-09-16 20:16:20+00:00,1,14,doc/api/classcLongParImpl.png
shigeya/omnetpp/,2024-09-16 20:16:20+00:00,1,14,doc/api/classcMatchExpression_1_1Matchable.png
shigeya/omnetpp/,2024-09-16 20:16:20+00:00,1,14,doc/api/classcMatchableString.png
shigeya/omnetpp/,2024-09-16 20:16:20+00:00,1,14,doc/api/classcMersenneTwister.png
shigeya/omnetpp/,2024-09-16 20:16:20+00:00,1,14,doc/api/classcMessage.png
shigeya/omnetpp/,2024-09-16 20:16:20+00:00,1,14,doc/api/classcMessageHeap.png
shigeya/omnetpp/,2024-09-16 20:16:20+00:00,1,14,doc/api/classcMethodCallContextSwitcher.png
shigeya/omnetpp/,2024-09-16 20:16:20+00:00,1,14,doc/api/classcModelChangeNotification.png
shigeya/omnetpp/,2024-09-16 20:16:20+00:00,1,14,doc/api/classcModule.png
shigeya/omnetpp/,2024-09-16 20:16:20+00:00,1,14,doc/api/classcModuleType.png
shigeya/omnetpp/,2024-09-16 20:16:20+00:00,1,14,doc/api/classcModule_1_1SubmoduleIterator.png
shigeya/omnetpp/,2024-09-16 20:16:20+00:00,1,14,doc/api/classcMsgPar.png
shigeya/omnetpp/,2024-09-16 20:16:20+00:00,1,14,doc/api/classcNEDFunction.png
shigeya/omnetpp/,2024-09-16 20:16:20+00:00,1,14,doc/api/classcNEDMathFunction.png
shigeya/omnetpp/,2024-09-16 20:16:20+00:00,1,14,doc/api/classcNamedObject.png
shigeya/omnetpp/,2024-09-16 20:16:20+00:00,1,14,doc/api/classcNoncopyableOwnedObject.png
shigeya/omnetpp/,2024-09-16 20:16:20+00:00,1,14,doc/api/classcNullEnvir.png
shigeya/omnetpp/,2024-09-16 20:16:20+00:00,1,14,doc/api/classcNumericResultFilter.png
shigeya/omnetpp/,2024-09-16 20:16:20+00:00,1,14,doc/api/classcNumericResultRecorder.png
shigeya/omnetpp/,2024-09-16 20:16:20+00:00,1,14,doc/api/classcObject.png
shigeya/omnetpp/,2024-09-16 20:16:20+00:00,1,14,doc/api/classcObjectFactory.png
shigeya/omnetpp/,2024-09-16 20:16:20+00:00,1,14,doc/api/classcObjectResultFilter.png
shigeya/omnetpp/,2024-09-16 20:16:20+00:00,1,14,doc/api/classcOutVector.png
shigeya/omnetpp/,2024-09-16 20:16:20+00:00,1,14,doc/api/classcOutputScalarManager.png
shigeya/omnetpp/,2024-09-16 20:16:20+00:00,1,14,doc/api/classcOutputVectorManager.png
shigeya/omnetpp/,2024-09-16 20:16:20+00:00,1,14,doc/api/classcOwnedObject.png
shigeya/omnetpp/,2024-09-16 20:16:20+00:00,1,14,doc/api/classcPSquare.png
shigeya/omnetpp/,2024-09-16 20:16:20+00:00,1,14,doc/api/classcPacket.png
shigeya/omnetpp/,2024-09-16 20:16:20+00:00,1,14,doc/api/classcPacketQueue.png
shigeya/omnetpp/,2024-09-16 20:16:20+00:00,1,14,doc/api/classcPar.png
shigeya/omnetpp/,2024-09-16 20:16:20+00:00,1,14,doc/api/classcParImpl.png
shigeya/omnetpp/,2024-09-16 20:16:20+00:00,1,14,doc/api/classcParsimCommunications.png
shigeya/omnetpp/,2024-09-16 20:16:20+00:00,1,14,doc/api/classcPathChangeNotification.png
shigeya/omnetpp/,2024-09-16 20:16:20+00:00,1,14,doc/api/classcPostDisplayStringChangeNotification.png
shigeya/omnetpp/,2024-09-16 20:16:20+00:00,1,14,doc/api/classcPostGateAddNotification.png
shigeya/omnetpp/,2024-09-16 20:16:20+00:00,1,14,doc/api/classcPostGateConnectNotification.png
shigeya/omnetpp/,2024-09-16 20:16:20+00:00,1,14,doc/api/classcPostGateDeleteNotification.png
shigeya/omnetpp/,2024-09-16 20:16:20+00:00,1,14,doc/api/classcPostGateDisconnectNotification.png
shigeya/omnetpp/,2024-09-16 20:16:20+00:00,1,14,doc/api/classcPostGateVectorResizeNotification.png
shigeya/omnetpp/,2024-09-16 20:16:20+00:00,1,14,doc/api/classcPostModuleAddNotification.png
shigeya/omnetpp/,2024-09-16 20:16:20+00:00,1,14,doc/api/classcPostModuleDeleteNotification.png
shigeya/omnetpp/,2024-09-16 20:16:20+00:00,1,14,doc/api/classcPostModuleReparentNotification.png
shigeya/omnetpp/,2024-09-16 20:16:20+00:00,1,14,doc/api/classcPostParameterChangeNotification.png
shigeya/omnetpp/,2024-09-16 20:16:20+00:00,1,14,doc/api/classcPostPathCreateNotification.png
shigeya/omnetpp/,2024-09-16 20:16:20+00:00,1,14,doc/api/classcPostPathCutNotification.png
shigeya/omnetpp/,2024-09-16 20:16:20+00:00,1,14,doc/api/classcPreDisplayStringChangeNotification.png
shigeya/omnetpp/,2024-09-16 20:16:20+00:00,1,14,doc/api/classcPreGateAddNotification.png
shigeya/omnetpp/,2024-09-16 20:16:20+00:00,1,14,doc/api/classcPreGateConnectNotification.png
shigeya/omnetpp/,2024-09-16 20:16:20+00:00,1,14,doc/api/classcPreGateDeleteNotification.png
shigeya/omnetpp/,2024-09-16 20:16:20+00:00,1,14,doc/api/classcPreGateDisconnectNotification.png
shigeya/omnetpp/,2024-09-16 20:16:20+00:00,1,14,doc/api/classcPreGateVectorResizeNotification.png
shigeya/omnetpp/,2024-09-16 20:16:20+00:00,1,14,doc/api/classcPreModuleAddNotification.png
shigeya/omnetpp/,2024-09-16 20:16:20+00:00,1,14,doc/api/classcPreModuleDeleteNotification.png
shigeya/omnetpp/,2024-09-16 20:16:20+00:00,1,14,doc/api/classcPreModuleReparentNotification.png
shigeya/omnetpp/,2024-09-16 20:16:20+00:00,1,14,doc/api/classcPreParameterChangeNotification.png
shigeya/omnetpp/,2024-09-16 20:16:20+00:00,1,14,doc/api/classcPrePathCreateNotification.png
shigeya/omnetpp/,2024-09-16 20:16:20+00:00,1,14,doc/api/classcPrePathCutNotification.png
shigeya/omnetpp/,2024-09-16 20:16:20+00:00,1,14,doc/api/classcProperties.png
shigeya/omnetpp/,2024-09-16 20:16:20+00:00,1,14,doc/api/classcProperty.png
shigeya/omnetpp/,2024-09-16 20:16:20+00:00,1,14,doc/api/classcQueue.png
shigeya/omnetpp/,2024-09-16 20:16:20+00:00,1,14,doc/api/classcRNG.png
shigeya/omnetpp/,2024-09-16 20:16:20+00:00,1,14,doc/api/classcRealTimeScheduler.png
shigeya/omnetpp/,2024-09-16 20:16:20+00:00,1,14,doc/api/classcRegistrationList.png
shigeya/omnetpp/,2024-09-16 20:16:20+00:00,1,14,doc/api/classcResultFilter.png
shigeya/omnetpp/,2024-09-16 20:16:20+00:00,1,14,doc/api/classcResultFilterDescriptor.png
shigeya/omnetpp/,2024-09-16 20:16:20+00:00,1,14,doc/api/classcResultListener.png
shigeya/omnetpp/,2024-09-16 20:16:20+00:00,1,14,doc/api/classcResultRecorder.png
shigeya/omnetpp/,2024-09-16 20:16:20+00:00,1,14,doc/api/classcResultRecorderDescriptor.png
shigeya/omnetpp/,2024-09-16 20:16:20+00:00,1,14,doc/api/classcRunnableEnvir.png
shigeya/omnetpp/,2024-09-16 20:16:20+00:00,1,14,doc/api/classcRuntimeError.png
shigeya/omnetpp/,2024-09-16 20:16:20+00:00,1,14,doc/api/classcScheduler.png
shigeya/omnetpp/,2024-09-16 20:16:20+00:00,1,14,doc/api/classcSequentialScheduler.png
shigeya/omnetpp/,2024-09-16 20:16:20+00:00,1,14,doc/api/classcSimpleModule.png
shigeya/omnetpp/,2024-09-16 20:16:20+00:00,1,14,doc/api/classcSimulation.png
shigeya/omnetpp/,2024-09-16 20:16:20+00:00,1,14,doc/api/classcSnapshotManager.png
shigeya/omnetpp/,2024-09-16 20:16:20+00:00,1,14,doc/api/classcStackCleanupException.png
shigeya/omnetpp/,2024-09-16 20:16:20+00:00,1,14,doc/api/classcStatistic.png
shigeya/omnetpp/,2024-09-16 20:16:20+00:00,1,14,doc/api/classcStdDev.png
shigeya/omnetpp/,2024-09-16 20:16:20+00:00,1,14,doc/api/classcStringParImpl.png
shigeya/omnetpp/,2024-09-16 20:16:20+00:00,1,14,doc/api/classcSubModIterator.png
shigeya/omnetpp/,2024-09-16 20:16:20+00:00,1,14,doc/api/classcTDExpandingWindows.png
shigeya/omnetpp/,2024-09-16 20:16:20+00:00,1,14,doc/api/classcTerminationException.png
shigeya/omnetpp/,2024-09-16 20:16:20+00:00,1,14,doc/api/classcTimestampedValue.png
shigeya/omnetpp/,2024-09-16 20:16:20+00:00,1,14,doc/api/classcTopology.png
shigeya/omnetpp/,2024-09-16 20:16:20+00:00,1,14,doc/api/classcTopology_1_1Link.png
shigeya/omnetpp/,2024-09-16 20:16:20+00:00,1,14,doc/api/classcTopology_1_1LinkIn.png
shigeya/omnetpp/,2024-09-16 20:16:20+00:00,1,14,doc/api/classcTopology_1_1LinkOut.png
shigeya/omnetpp/,2024-09-16 20:16:20+00:00,1,14,doc/api/classcTransientDetection.png
shigeya/omnetpp/,2024-09-16 20:16:20+00:00,1,14,doc/api/classcVarHistogram.png
shigeya/omnetpp/,2024-09-16 20:16:20+00:00,1,14,doc/api/classcWatchBase.png
shigeya/omnetpp/,2024-09-16 20:16:20+00:00,1,14,doc/api/classcWatch__bool.png
shigeya/omnetpp/,2024-09-16 20:16:20+00:00,1,14,doc/api/classcWatch__cObject.png
shigeya/omnetpp/,2024-09-16 20:16:20+00:00,1,14,doc/api/classcWatch__cObjectPtr.png
shigeya/omnetpp/,2024-09-16 20:16:20+00:00,1,14,doc/api/classcWatch__char.png
shigeya/omnetpp/,2024-09-16 20:16:20+00:00,1,14,doc/api/classcWatch__stdstring.png
shigeya/omnetpp/,2024-09-16 20:16:20+00:00,1,14,doc/api/classcWatch__uchar.png
shigeya/omnetpp/,2024-09-16 20:16:20+00:00,1,14,doc/api/classcWeightedStdDev.png
shigeya/omnetpp/,2024-09-16 20:16:20+00:00,1,14,doc/api/classcXMLElement_1_1ParamResolver.png
shigeya/omnetpp/,2024-09-16 20:16:20+00:00,1,14,doc/api/classcXMLParImpl.png
shigeya/omnetpp/,2024-09-16 20:16:20+00:00,1,14,doc/api/classnoncopyable.png
shigeya/omnetpp/,2024-09-16 20:16:20+00:00,1,14,doc/nedxml-api/classChannelElement.png
shigeya/omnetpp/,2024-09-16 20:16:20+00:00,1,14,doc/nedxml-api/classChannelInterfaceElement.png
shigeya/omnetpp/,2024-09-16 20:16:20+00:00,1,14,doc/nedxml-api/classClassDeclElement.png
shigeya/omnetpp/,2024-09-16 20:16:20+00:00,1,14,doc/nedxml-api/classClassElement.png
shigeya/omnetpp/,2024-09-16 20:16:20+00:00,1,14,doc/nedxml-api/classCommentElement.png
shigeya/omnetpp/,2024-09-16 20:16:20+00:00,1,14,doc/nedxml-api/classCompoundModuleElement.png
shigeya/omnetpp/,2024-09-16 20:16:20+00:00,1,14,doc/nedxml-api/classConditionElement.png
shigeya/omnetpp/,2024-09-16 20:16:20+00:00,1,14,doc/nedxml-api/classConnectionElement.png
shigeya/omnetpp/,2024-09-16 20:16:20+00:00,1,14,doc/nedxml-api/classConnectionGroupElement.png
shigeya/omnetpp/,2024-09-16 20:16:20+00:00,1,14,doc/nedxml-api/classConnectionsElement.png
shigeya/omnetpp/,2024-09-16 20:16:20+00:00,1,14,doc/nedxml-api/classCplusplusElement.png
shigeya/omnetpp/,2024-09-16 20:16:20+00:00,1,14,doc/nedxml-api/classEnumDeclElement.png
shigeya/omnetpp/,2024-09-16 20:16:20+00:00,1,14,doc/nedxml-api/classEnumElement.png
shigeya/omnetpp/,2024-09-16 20:16:20+00:00,1,14,doc/nedxml-api/classEnumFieldElement.png
shigeya/omnetpp/,2024-09-16 20:16:20+00:00,1,14,doc/nedxml-api/classEnumFieldsElement.png
shigeya/omnetpp/,2024-09-16 20:16:20+00:00,1,14,doc/nedxml-api/classExpressionElement.png
shigeya/omnetpp/,2024-09-16 20:16:20+00:00,1,14,doc/nedxml-api/classExtendsElement.png
shigeya/omnetpp/,2024-09-16 20:16:20+00:00,1,14,doc/nedxml-api/classFieldElement.png
shigeya/omnetpp/,2024-09-16 20:16:20+00:00,1,14,doc/nedxml-api/classFilesElement.png
shigeya/omnetpp/,2024-09-16 20:16:20+00:00,1,14,doc/nedxml-api/classFunctionElement.png
shigeya/omnetpp/,2024-09-16 20:16:20+00:00,1,14,doc/nedxml-api/classGateElement.png
shigeya/omnetpp/,2024-09-16 20:16:20+00:00,1,14,doc/nedxml-api/classGatesElement.png
shigeya/omnetpp/,2024-09-16 20:16:20+00:00,1,14,doc/nedxml-api/classIdentElement.png
shigeya/omnetpp/,2024-09-16 20:16:20+00:00,1,14,doc/nedxml-api/classImportElement.png
shigeya/omnetpp/,2024-09-16 20:16:20+00:00,1,14,doc/nedxml-api/classInterfaceNameElement.png
shigeya/omnetpp/,2024-09-16 20:16:20+00:00,1,14,doc/nedxml-api/classLiteralElement.png
shigeya/omnetpp/,2024-09-16 20:16:20+00:00,1,14,doc/nedxml-api/classLoopElement.png
shigeya/omnetpp/,2024-09-16 20:16:20+00:00,1,14,doc/nedxml-api/classMessageDeclElement.png
shigeya/omnetpp/,2024-09-16 20:16:20+00:00,1,14,doc/nedxml-api/classMessageElement.png
shigeya/omnetpp/,2024-09-16 20:16:20+00:00,1,14,doc/nedxml-api/classModuleInterfaceElement.png
shigeya/omnetpp/,2024-09-16 20:16:20+00:00,1,14,doc/nedxml-api/classMsgFileElement.png
shigeya/omnetpp/,2024-09-16 20:16:20+00:00,1,14,doc/nedxml-api/classNEDCrossValidator.png
shigeya/omnetpp/,2024-09-16 20:16:20+00:00,1,14,doc/nedxml-api/classNEDDTDValidator.png
shigeya/omnetpp/,2024-09-16 20:16:20+00:00,1,14,doc/nedxml-api/classNEDDTDValidatorBase.png
shigeya/omnetpp/,2024-09-16 20:16:20+00:00,1,14,doc/nedxml-api/classNEDElement.png
shigeya/omnetpp/,2024-09-16 20:16:20+00:00,1,14,doc/nedxml-api/classNEDResourceCache_1_1CachedTypeNames.png
shigeya/omnetpp/,2024-09-16 20:16:20+00:00,1,14,doc/nedxml-api/classNEDResourceCache_1_1INEDTypeNames.png
shigeya/omnetpp/,2024-09-16 20:16:20+00:00,1,14,doc/nedxml-api/classNEDSAXHandler.png
shigeya/omnetpp/,2024-09-16 20:16:20+00:00,1,14,doc/nedxml-api/classNEDSyntaxValidator.png
shigeya/omnetpp/,2024-09-16 20:16:20+00:00,1,14,doc/nedxml-api/classNEDValidatorBase.png
shigeya/omnetpp/,2024-09-16 20:16:20+00:00,1,14,doc/nedxml-api/classNamespaceElement.png
shigeya/omnetpp/,2024-09-16 20:16:20+00:00,1,14,doc/nedxml-api/classNedFileElement.png
shigeya/omnetpp/,2024-09-16 20:16:20+00:00,1,14,doc/nedxml-api/classOperatorElement.png
shigeya/omnetpp/,2024-09-16 20:16:20+00:00,1,14,doc/nedxml-api/classPackageElement.png
shigeya/omnetpp/,2024-09-16 20:16:20+00:00,1,14,doc/nedxml-api/classPacketDeclElement.png
shigeya/omnetpp/,2024-09-16 20:16:20+00:00,1,14,doc/nedxml-api/classPacketElement.png
shigeya/omnetpp/,2024-09-16 20:16:20+00:00,1,14,doc/nedxml-api/classParamElement.png
shigeya/omnetpp/,2024-09-16 20:16:20+00:00,1,14,doc/nedxml-api/classParametersElement.png
shigeya/omnetpp/,2024-09-16 20:16:20+00:00,1,14,doc/nedxml-api/classPropertyDeclElement.png
shigeya/omnetpp/,2024-09-16 20:16:20+00:00,1,14,doc/nedxml-api/classPropertyElement.png
shigeya/omnetpp/,2024-09-16 20:16:20+00:00,1,14,doc/nedxml-api/classPropertyKeyElement.png
shigeya/omnetpp/,2024-09-16 20:16:20+00:00,1,14,doc/nedxml-api/classSAXHandler.png
shigeya/omnetpp/,2024-09-16 20:16:20+00:00,1,14,doc/nedxml-api/classSimpleModuleElement.png
shigeya/omnetpp/,2024-09-16 20:16:20+00:00,1,14,doc/nedxml-api/classStructDeclElement.png
shigeya/omnetpp/,2024-09-16 20:16:20+00:00,1,14,doc/nedxml-api/classStructElement.png
shigeya/omnetpp/,2024-09-16 20:16:20+00:00,1,14,doc/nedxml-api/classSubmoduleElement.png
shigeya/omnetpp/,2024-09-16 20:16:20+00:00,1,14,doc/nedxml-api/classSubmodulesElement.png
shigeya/omnetpp/,2024-09-16 20:16:20+00:00,1,14,doc/nedxml-api/classTypesElement.png
shigeya/omnetpp/,2024-09-16 20:16:20+00:00,1,14,doc/nedxml-api/classUnknownElement.png
shigeya/omnetpp/,2024-09-16 20:16:20+00:00,1,14,doc/parsim-api/classcAdvancedLinkDelayLookahead.png
shigeya/omnetpp/,2024-09-16 20:16:20+00:00,1,14,doc/parsim-api/classcCommBufferBase.png
shigeya/omnetpp/,2024-09-16 20:16:20+00:00,1,14,doc/parsim-api/classcFileCommBuffer.png
shigeya/omnetpp/,2024-09-16 20:16:20+00:00,1,14,doc/parsim-api/classcFileCommunications.png
shigeya/omnetpp/,2024-09-16 20:16:20+00:00,1,14,doc/parsim-api/classcISPEventLogger.png
shigeya/omnetpp/,2024-09-16 20:16:20+00:00,1,14,doc/parsim-api/classcIdealSimulationProtocol.png
shigeya/omnetpp/,2024-09-16 20:16:20+00:00,1,14,doc/parsim-api/classcLinkDelayLookahead.png
shigeya/omnetpp/,2024-09-16 20:16:20+00:00,1,14,doc/parsim-api/classcMemCommBuffer.png
shigeya/omnetpp/,2024-09-16 20:16:20+00:00,1,14,doc/parsim-api/classcNMPLookahead.png
shigeya/omnetpp/,2024-09-16 20:16:20+00:00,1,14,doc/parsim-api/classcNamedPipeCommunications.png
shigeya/omnetpp/,2024-09-16 20:16:20+00:00,1,14,doc/parsim-api/classcNoSynchronization.png
shigeya/omnetpp/,2024-09-16 20:16:20+00:00,1,14,doc/parsim-api/classcNullMessageProtocol.png
shigeya/omnetpp/,2024-09-16 20:16:20+00:00,1,14,doc/parsim-api/classcParsimPartition.png
shigeya/omnetpp/,2024-09-16 20:16:20+00:00,1,14,doc/parsim-api/classcParsimProtocolBase.png
shigeya/omnetpp/,2024-09-16 20:16:20+00:00,1,14,doc/parsim-api/classcParsimSynchronizer.png
shigeya/omnetpp/,2024-09-16 20:16:20+00:00,1,14,doc/parsim-api/classcPlaceholderModule.png
shigeya/omnetpp/,2024-09-16 20:16:20+00:00,1,14,doc/parsim-api/classcProxyGate.png
shigeya/omnetpp/,2024-09-16 20:16:20+00:00,1,14,doc/parsim-api/classcReceivedException.png
shigeya/omnetpp/,2024-09-16 20:16:20+00:00,1,14,doc/parsim-api/classcReceivedTerminationException.png
shigeya/omnetpp/,2024-09-16 20:16:20+00:00,1,14,doc/tictoc-tutorial/classTic8.png
shigeya/omnetpp/,2024-09-16 20:16:20+00:00,1,14,doc/tictoc-tutorial/classTic9.png
shigeya/omnetpp/,2024-09-16 20:16:20+00:00,1,14,doc/tictoc-tutorial/classToc8.png
shigeya/omnetpp/,2024-09-16 20:16:20+00:00,1,14,doc/tictoc-tutorial/classToc9.png
shigeya/omnetpp/,2024-09-16 20:16:20+00:00,1,14,doc/tictoc-tutorial/classTxc1.png
shigeya/omnetpp/,2024-09-16 20:16:20+00:00,1,14,doc/tictoc-tutorial/classTxc10.png
shigeya/omnetpp/,2024-09-16 20:16:20+00:00,1,14,doc/tictoc-tutorial/classTxc11.png
shigeya/omnetpp/,2024-09-16 20:16:20+00:00,1,14,doc/tictoc-tutorial/classTxc12.png
shigeya/omnetpp/,2024-09-16 20:16:20+00:00,1,14,doc/tictoc-tutorial/classTxc13.png
shigeya/omnetpp/,2024-09-16 20:16:20+00:00,1,14,doc/tictoc-tutorial/classTxc14.png
shigeya/omnetpp/,2024-09-16 20:16:20+00:00,1,14,doc/tictoc-tutorial/classTxc15.png
shigeya/omnetpp/,2024-09-16 20:16:20+00:00,1,14,doc/tictoc-tutorial/classTxc16.png
shigeya/omnetpp/,2024-09-16 20:16:20+00:00,1,14,doc/tictoc-tutorial/classTxc2.png
shigeya/omnetpp/,2024-09-16 20:16:20+00:00,1,14,doc/tictoc-tutorial/classTxc3.png
shigeya/omnetpp/,2024-09-16 20:16:20+00:00,1,14,doc/tictoc-tutorial/classTxc4.png
shigeya/omnetpp/,2024-09-16 20:16:20+00:00,1,14,doc/tictoc-tutorial/classTxc5.png
shigeya/omnetpp/,2024-09-16 20:16:20+00:00,1,14,doc/tictoc-tutorial/classTxc6.png
shigeya/omnetpp/,2024-09-16 20:16:20+00:00,1,14,doc/tictoc-tutorial/classTxc7.png
shigeya/omnetpp/,2024-09-16 20:16:20+00:00,1,14,ide/plugins/org.omnetpp.doc_4.3.0.130403-bf01aae/content/api/classModNameParamResolver.png
shigeya/omnetpp/,2024-09-16 20:16:20+00:00,1,14,ide/plugins/org.omnetpp.doc_4.3.0.130403-bf01aae/content/api/classNEDSupport_1_1LoopVar.png
shigeya/omnetpp/,2024-09-16 20:16:20+00:00,1,14,ide/plugins/org.omnetpp.doc_4.3.0.130403-bf01aae/content/api/classNEDSupport_1_1ParameterRef.png
shigeya/omnetpp/,2024-09-16 20:16:20+00:00,1,14,ide/plugins/org.omnetpp.doc_4.3.0.130403-bf01aae/content/api/classNEDSupport_1_1SiblingModuleParameterRef.png
shigeya/omnetpp/,2024-09-16 20:16:20+00:00,1,14,ide/plugins/org.omnetpp.doc_4.3.0.130403-bf01aae/content/api/classNEDSupport_1_1Sizeof.png
shigeya/omnetpp/,2024-09-16 20:16:20+00:00,1,14,ide/plugins/org.omnetpp.doc_4.3.0.130403-bf01aae/content/api/classStringMapParamResolver.png
shigeya/omnetpp/,2024-09-16 20:16:20+00:00,1,14,ide/plugins/org.omnetpp.doc_4.3.0.130403-bf01aae/content/api/classcADByStddev.png
shigeya/omnetpp/,2024-09-16 20:16:20+00:00,1,14,ide/plugins/org.omnetpp.doc_4.3.0.130403-bf01aae/content/api/classcAccuracyDetection.png
shigeya/omnetpp/,2024-09-16 20:16:20+00:00,1,14,ide/plugins/org.omnetpp.doc_4.3.0.130403-bf01aae/content/api/classcArray.png
shigeya/omnetpp/,2024-09-16 20:16:20+00:00,1,14,ide/plugins/org.omnetpp.doc_4.3.0.130403-bf01aae/content/api/classcBoolParImpl.png
shigeya/omnetpp/,2024-09-16 20:16:20+00:00,1,14,ide/plugins/org.omnetpp.doc_4.3.0.130403-bf01aae/content/api/classcChannel.png
shigeya/omnetpp/,2024-09-16 20:16:20+00:00,1,14,ide/plugins/org.omnetpp.doc_4.3.0.130403-bf01aae/content/api/classcChannelType.png
shigeya/omnetpp/,2024-09-16 20:16:20+00:00,1,14,ide/plugins/org.omnetpp.doc_4.3.0.130403-bf01aae/content/api/classcChannel_1_1MessageSentSignalValue.png
shigeya/omnetpp/,2024-09-16 20:16:20+00:00,1,14,ide/plugins/org.omnetpp.doc_4.3.0.130403-bf01aae/content/api/classcClassDescriptor.png
shigeya/omnetpp/,2024-09-16 20:16:20+00:00,1,14,ide/plugins/org.omnetpp.doc_4.3.0.130403-bf01aae/content/api/classcCommBuffer.png
shigeya/omnetpp/,2024-09-16 20:16:20+00:00,1,14,ide/plugins/org.omnetpp.doc_4.3.0.130403-bf01aae/content/api/classcComponent.png
shigeya/omnetpp/,2024-09-16 20:16:20+00:00,1,14,ide/plugins/org.omnetpp.doc_4.3.0.130403-bf01aae/content/api/classcComponentType.png
shigeya/omnetpp/,2024-09-16 20:16:20+00:00,1,14,ide/plugins/org.omnetpp.doc_4.3.0.130403-bf01aae/content/api/classcCompoundModule.png
shigeya/omnetpp/,2024-09-16 20:16:20+00:00,1,14,ide/plugins/org.omnetpp.doc_4.3.0.130403-bf01aae/content/api/classcConfigOption.png
shigeya/omnetpp/,2024-09-16 20:16:20+00:00,1,14,ide/plugins/org.omnetpp.doc_4.3.0.130403-bf01aae/content/api/classcConfiguration.png
shigeya/omnetpp/,2024-09-16 20:16:20+00:00,1,14,ide/plugins/org.omnetpp.doc_4.3.0.130403-bf01aae/content/api/classcConfigurationEx.png
shigeya/omnetpp/,2024-09-16 20:16:20+00:00,1,14,ide/plugins/org.omnetpp.doc_4.3.0.130403-bf01aae/content/api/classcContextSwitcher.png
shigeya/omnetpp/,2024-09-16 20:16:20+00:00,1,14,ide/plugins/org.omnetpp.doc_4.3.0.130403-bf01aae/content/api/classcDatarateChannel.png
shigeya/omnetpp/,2024-09-16 20:16:20+00:00,1,14,ide/plugins/org.omnetpp.doc_4.3.0.130403-bf01aae/content/api/classcDefaultList.png
shigeya/omnetpp/,2024-09-16 20:16:20+00:00,1,14,ide/plugins/org.omnetpp.doc_4.3.0.130403-bf01aae/content/api/classcDelayChannel.png
shigeya/omnetpp/,2024-09-16 20:16:20+00:00,1,14,ide/plugins/org.omnetpp.doc_4.3.0.130403-bf01aae/content/api/classcDeleteModuleException.png
shigeya/omnetpp/,2024-09-16 20:16:20+00:00,1,14,ide/plugins/org.omnetpp.doc_4.3.0.130403-bf01aae/content/api/classcDensityEstBase.png
shigeya/omnetpp/,2024-09-16 20:16:20+00:00,1,14,ide/plugins/org.omnetpp.doc_4.3.0.130403-bf01aae/content/api/classcDoubleHistogram.png
shigeya/omnetpp/,2024-09-16 20:16:20+00:00,1,14,ide/plugins/org.omnetpp.doc_4.3.0.130403-bf01aae/content/api/classcDoubleParImpl.png
shigeya/omnetpp/,2024-09-16 20:16:20+00:00,1,14,ide/plugins/org.omnetpp.doc_4.3.0.130403-bf01aae/content/api/classcDynamicExpression.png
shigeya/omnetpp/,2024-09-16 20:16:20+00:00,1,14,ide/plugins/org.omnetpp.doc_4.3.0.130403-bf01aae/content/api/classcDynamicExpression_1_1Functor.png
shigeya/omnetpp/,2024-09-16 20:16:20+00:00,1,14,ide/plugins/org.omnetpp.doc_4.3.0.130403-bf01aae/content/api/classcEnum.png
shigeya/omnetpp/,2024-09-16 20:16:20+00:00,1,14,ide/plugins/org.omnetpp.doc_4.3.0.130403-bf01aae/content/api/classcEnvir.png
shigeya/omnetpp/,2024-09-16 20:16:20+00:00,1,14,ide/plugins/org.omnetpp.doc_4.3.0.130403-bf01aae/content/api/classcException.png
shigeya/omnetpp/,2024-09-16 20:16:20+00:00,1,14,ide/plugins/org.omnetpp.doc_4.3.0.130403-bf01aae/content/api/classcExpression.png
shigeya/omnetpp/,2024-09-16 20:16:20+00:00,1,14,ide/plugins/org.omnetpp.doc_4.3.0.130403-bf01aae/content/api/classcFSM.png
shigeya/omnetpp/,2024-09-16 20:16:20+00:00,1,14,ide/plugins/org.omnetpp.doc_4.3.0.130403-bf01aae/content/api/classcGate.png
shigeya/omnetpp/,2024-09-16 20:16:20+00:00,1,14,ide/plugins/org.omnetpp.doc_4.3.0.130403-bf01aae/content/api/classcGenericAssignableWatch.png
shigeya/omnetpp/,2024-09-16 20:16:20+00:00,1,14,ide/plugins/org.omnetpp.doc_4.3.0.130403-bf01aae/content/api/classcGenericReadonlyWatch.png
shigeya/omnetpp/,2024-09-16 20:16:20+00:00,1,14,ide/plugins/org.omnetpp.doc_4.3.0.130403-bf01aae/content/api/classcHasher.png
shigeya/omnetpp/,2024-09-16 20:16:20+00:00,1,14,ide/plugins/org.omnetpp.doc_4.3.0.130403-bf01aae/content/api/classcHistogram.png
shigeya/omnetpp/,2024-09-16 20:16:20+00:00,1,14,ide/plugins/org.omnetpp.doc_4.3.0.130403-bf01aae/content/api/classcHistogramBase.png
shigeya/omnetpp/,2024-09-16 20:16:20+00:00,1,14,ide/plugins/org.omnetpp.doc_4.3.0.130403-bf01aae/content/api/classcIListener.png
shigeya/omnetpp/,2024-09-16 20:16:20+00:00,1,14,ide/plugins/org.omnetpp.doc_4.3.0.130403-bf01aae/content/api/classcITimestampedValue.png
shigeya/omnetpp/,2024-09-16 20:16:20+00:00,1,14,ide/plugins/org.omnetpp.doc_4.3.0.130403-bf01aae/content/api/classcIdealChannel.png
shigeya/omnetpp/,2024-09-16 20:16:20+00:00,1,14,ide/plugins/org.omnetpp.doc_4.3.0.130403-bf01aae/content/api/classcKSplit.png
shigeya/omnetpp/,2024-09-16 20:16:20+00:00,1,14,ide/plugins/org.omnetpp.doc_4.3.0.130403-bf01aae/content/api/classcLCG32.png
shigeya/omnetpp/,2024-09-16 20:16:20+00:00,1,14,ide/plugins/org.omnetpp.doc_4.3.0.130403-bf01aae/content/api/classcLinkedList.png
shigeya/omnetpp/,2024-09-16 20:16:20+00:00,1,14,ide/plugins/org.omnetpp.doc_4.3.0.130403-bf01aae/content/api/classcListener.png
shigeya/omnetpp/,2024-09-16 20:16:20+00:00,1,14,ide/plugins/org.omnetpp.doc_4.3.0.130403-bf01aae/content/api/classcLongHistogram.png
shigeya/omnetpp/,2024-09-16 20:16:20+00:00,1,14,ide/plugins/org.omnetpp.doc_4.3.0.130403-bf01aae/content/api/classcLongParImpl.png
shigeya/omnetpp/,2024-09-16 20:16:20+00:00,1,14,ide/plugins/org.omnetpp.doc_4.3.0.130403-bf01aae/content/api/classcMatchExpression_1_1Matchable.png
shigeya/omnetpp/,2024-09-16 20:16:20+00:00,1,14,ide/plugins/org.omnetpp.doc_4.3.0.130403-bf01aae/content/api/classcMatchableString.png
shigeya/omnetpp/,2024-09-16 20:16:20+00:00,1,14,ide/plugins/org.omnetpp.doc_4.3.0.130403-bf01aae/content/api/classcMersenneTwister.png
shigeya/omnetpp/,2024-09-16 20:16:20+00:00,1,14,ide/plugins/org.omnetpp.doc_4.3.0.130403-bf01aae/content/api/classcMessage.png
shigeya/omnetpp/,2024-09-16 20:16:20+00:00,1,14,ide/plugins/org.omnetpp.doc_4.3.0.130403-bf01aae/content/api/classcMessageHeap.png
shigeya/omnetpp/,2024-09-16 20:16:20+00:00,1,14,ide/plugins/org.omnetpp.doc_4.3.0.130403-bf01aae/content/api/classcMethodCallContextSwitcher.png
shigeya/omnetpp/,2024-09-16 20:16:20+00:00,1,14,ide/plugins/org.omnetpp.doc_4.3.0.130403-bf01aae/content/api/classcModelChangeNotification.png
shigeya/omnetpp/,2024-09-16 20:16:20+00:00,1,14,ide/plugins/org.omnetpp.doc_4.3.0.130403-bf01aae/content/api/classcModule.png
shigeya/omnetpp/,2024-09-16 20:16:20+00:00,1,14,ide/plugins/org.omnetpp.doc_4.3.0.130403-bf01aae/content/api/classcModuleType.png
shigeya/omnetpp/,2024-09-16 20:16:20+00:00,1,14,ide/plugins/org.omnetpp.doc_4.3.0.130403-bf01aae/content/api/classcModule_1_1SubmoduleIterator.png
shigeya/omnetpp/,2024-09-16 20:16:20+00:00,1,14,ide/plugins/org.omnetpp.doc_4.3.0.130403-bf01aae/content/api/classcMsgPar.png
shigeya/omnetpp/,2024-09-16 20:16:20+00:00,1,14,ide/plugins/org.omnetpp.doc_4.3.0.130403-bf01aae/content/api/classcNEDFunction.png
shigeya/omnetpp/,2024-09-16 20:16:20+00:00,1,14,ide/plugins/org.omnetpp.doc_4.3.0.130403-bf01aae/content/api/classcNEDMathFunction.png
shigeya/omnetpp/,2024-09-16 20:16:20+00:00,1,14,ide/plugins/org.omnetpp.doc_4.3.0.130403-bf01aae/content/api/classcNamedObject.png
shigeya/omnetpp/,2024-09-16 20:16:20+00:00,1,14,ide/plugins/org.omnetpp.doc_4.3.0.130403-bf01aae/content/api/classcNoncopyableOwnedObject.png
shigeya/omnetpp/,2024-09-16 20:16:20+00:00,1,14,ide/plugins/org.omnetpp.doc_4.3.0.130403-bf01aae/content/api/classcNullEnvir.png
shigeya/omnetpp/,2024-09-16 20:16:20+00:00,1,14,ide/plugins/org.omnetpp.doc_4.3.0.130403-bf01aae/content/api/classcNumericResultFilter.png
shigeya/omnetpp/,2024-09-16 20:16:20+00:00,1,14,ide/plugins/org.omnetpp.doc_4.3.0.130403-bf01aae/content/api/classcNumericResultRecorder.png
shigeya/omnetpp/,2024-09-16 20:16:20+00:00,1,14,ide/plugins/org.omnetpp.doc_4.3.0.130403-bf01aae/content/api/classcObject.png
shigeya/omnetpp/,2024-09-16 20:16:20+00:00,1,14,ide/plugins/org.omnetpp.doc_4.3.0.130403-bf01aae/content/api/classcObjectFactory.png
shigeya/omnetpp/,2024-09-16 20:16:20+00:00,1,14,ide/plugins/org.omnetpp.doc_4.3.0.130403-bf01aae/content/api/classcObjectResultFilter.png
shigeya/omnetpp/,2024-09-16 20:16:20+00:00,1,14,ide/plugins/org.omnetpp.doc_4.3.0.130403-bf01aae/content/api/classcOutVector.png
shigeya/omnetpp/,2024-09-16 20:16:20+00:00,1,14,ide/plugins/org.omnetpp.doc_4.3.0.130403-bf01aae/content/api/classcOutputScalarManager.png
shigeya/omnetpp/,2024-09-16 20:16:20+00:00,1,14,ide/plugins/org.omnetpp.doc_4.3.0.130403-bf01aae/content/api/classcOutputVectorManager.png
shigeya/omnetpp/,2024-09-16 20:16:20+00:00,1,14,ide/plugins/org.omnetpp.doc_4.3.0.130403-bf01aae/content/api/classcOwnedObject.png
shigeya/omnetpp/,2024-09-16 20:16:20+00:00,1,14,ide/plugins/org.omnetpp.doc_4.3.0.130403-bf01aae/content/api/classcPSquare.png
shigeya/omnetpp/,2024-09-16 20:16:20+00:00,1,14,ide/plugins/org.omnetpp.doc_4.3.0.130403-bf01aae/content/api/classcPacket.png
shigeya/omnetpp/,2024-09-16 20:16:20+00:00,1,14,ide/plugins/org.omnetpp.doc_4.3.0.130403-bf01aae/content/api/classcPacketQueue.png
shigeya/omnetpp/,2024-09-16 20:16:20+00:00,1,14,ide/plugins/org.omnetpp.doc_4.3.0.130403-bf01aae/content/api/classcPar.png
shigeya/omnetpp/,2024-09-16 20:16:20+00:00,1,14,ide/plugins/org.omnetpp.doc_4.3.0.130403-bf01aae/content/api/classcParImpl.png
shigeya/omnetpp/,2024-09-16 20:16:20+00:00,1,14,ide/plugins/org.omnetpp.doc_4.3.0.130403-bf01aae/content/api/classcParsimCommunications.png
shigeya/omnetpp/,2024-09-16 20:16:20+00:00,1,14,ide/plugins/org.omnetpp.doc_4.3.0.130403-bf01aae/content/api/classcPathChangeNotification.png
shigeya/omnetpp/,2024-09-16 20:16:20+00:00,1,14,ide/plugins/org.omnetpp.doc_4.3.0.130403-bf01aae/content/api/classcPostDisplayStringChangeNotification.png
shigeya/omnetpp/,2024-09-16 20:16:20+00:00,1,14,ide/plugins/org.omnetpp.doc_4.3.0.130403-bf01aae/content/api/classcPostGateAddNotification.png
shigeya/omnetpp/,2024-09-16 20:16:20+00:00,1,14,ide/plugins/org.omnetpp.doc_4.3.0.130403-bf01aae/content/api/classcPostGateConnectNotification.png
shigeya/omnetpp/,2024-09-16 20:16:20+00:00,1,14,ide/plugins/org.omnetpp.doc_4.3.0.130403-bf01aae/content/api/classcPostGateDeleteNotification.png
shigeya/omnetpp/,2024-09-16 20:16:20+00:00,1,14,ide/plugins/org.omnetpp.doc_4.3.0.130403-bf01aae/content/api/classcPostGateDisconnectNotification.png
shigeya/omnetpp/,2024-09-16 20:16:20+00:00,1,14,ide/plugins/org.omnetpp.doc_4.3.0.130403-bf01aae/content/api/classcPostGateVectorResizeNotification.png
shigeya/omnetpp/,2024-09-16 20:16:20+00:00,1,14,ide/plugins/org.omnetpp.doc_4.3.0.130403-bf01aae/content/api/classcPostModuleAddNotification.png
shigeya/omnetpp/,2024-09-16 20:16:20+00:00,1,14,ide/plugins/org.omnetpp.doc_4.3.0.130403-bf01aae/content/api/classcPostModuleDeleteNotification.png
shigeya/omnetpp/,2024-09-16 20:16:20+00:00,1,14,ide/plugins/org.omnetpp.doc_4.3.0.130403-bf01aae/content/api/classcPostModuleReparentNotification.png
shigeya/omnetpp/,2024-09-16 20:16:20+00:00,1,14,ide/plugins/org.omnetpp.doc_4.3.0.130403-bf01aae/content/api/classcPostParameterChangeNotification.png
shigeya/omnetpp/,2024-09-16 20:16:20+00:00,1,14,ide/plugins/org.omnetpp.doc_4.3.0.130403-bf01aae/content/api/classcPostPathCreateNotification.png
shigeya/omnetpp/,2024-09-16 20:16:20+00:00,1,14,ide/plugins/org.omnetpp.doc_4.3.0.130403-bf01aae/content/api/classcPostPathCutNotification.png
shigeya/omnetpp/,2024-09-16 20:16:20+00:00,1,14,ide/plugins/org.omnetpp.doc_4.3.0.130403-bf01aae/content/api/classcPreDisplayStringChangeNotification.png
shigeya/omnetpp/,2024-09-16 20:16:20+00:00,1,14,ide/plugins/org.omnetpp.doc_4.3.0.130403-bf01aae/content/api/classcPreGateAddNotification.png
shigeya/omnetpp/,2024-09-16 20:16:20+00:00,1,14,ide/plugins/org.omnetpp.doc_4.3.0.130403-bf01aae/content/api/classcPreGateConnectNotification.png
shigeya/omnetpp/,2024-09-16 20:16:20+00:00,1,14,ide/plugins/org.omnetpp.doc_4.3.0.130403-bf01aae/content/api/classcPreGateDeleteNotification.png
shigeya/omnetpp/,2024-09-16 20:16:20+00:00,1,14,ide/plugins/org.omnetpp.doc_4.3.0.130403-bf01aae/content/api/classcPreGateDisconnectNotification.png
shigeya/omnetpp/,2024-09-16 20:16:20+00:00,1,14,ide/plugins/org.omnetpp.doc_4.3.0.130403-bf01aae/content/api/classcPreGateVectorResizeNotification.png
shigeya/omnetpp/,2024-09-16 20:16:20+00:00,1,14,ide/plugins/org.omnetpp.doc_4.3.0.130403-bf01aae/content/api/classcPreModuleAddNotification.png
shigeya/omnetpp/,2024-09-16 20:16:20+00:00,1,14,ide/plugins/org.omnetpp.doc_4.3.0.130403-bf01aae/content/api/classcPreModuleDeleteNotification.png
shigeya/omnetpp/,2024-09-16 20:16:20+00:00,1,14,ide/plugins/org.omnetpp.doc_4.3.0.130403-bf01aae/content/api/classcPreModuleReparentNotification.png
shigeya/omnetpp/,2024-09-16 20:16:20+00:00,1,14,ide/plugins/org.omnetpp.doc_4.3.0.130403-bf01aae/content/api/classcPreParameterChangeNotification.png
shigeya/omnetpp/,2024-09-16 20:16:20+00:00,1,14,ide/plugins/org.omnetpp.doc_4.3.0.130403-bf01aae/content/api/classcPrePathCreateNotification.png
shigeya/omnetpp/,2024-09-16 20:16:20+00:00,1,14,ide/plugins/org.omnetpp.doc_4.3.0.130403-bf01aae/content/api/classcPrePathCutNotification.png
shigeya/omnetpp/,2024-09-16 20:16:20+00:00,1,14,ide/plugins/org.omnetpp.doc_4.3.0.130403-bf01aae/content/api/classcProperties.png
shigeya/omnetpp/,2024-09-16 20:16:20+00:00,1,14,ide/plugins/org.omnetpp.doc_4.3.0.130403-bf01aae/content/api/classcProperty.png
shigeya/omnetpp/,2024-09-16 20:16:20+00:00,1,14,ide/plugins/org.omnetpp.doc_4.3.0.130403-bf01aae/content/api/classcQueue.png
shigeya/omnetpp/,2024-09-16 20:16:20+00:00,1,14,ide/plugins/org.omnetpp.doc_4.3.0.130403-bf01aae/content/api/classcRNG.png
shigeya/omnetpp/,2024-09-16 20:16:20+00:00,1,14,ide/plugins/org.omnetpp.doc_4.3.0.130403-bf01aae/content/api/classcRealTimeScheduler.png
shigeya/omnetpp/,2024-09-16 20:16:20+00:00,1,14,ide/plugins/org.omnetpp.doc_4.3.0.130403-bf01aae/content/api/classcRegistrationList.png
shigeya/omnetpp/,2024-09-16 20:16:20+00:00,1,14,ide/plugins/org.omnetpp.doc_4.3.0.130403-bf01aae/content/api/classcResultFilter.png
shigeya/omnetpp/,2024-09-16 20:16:20+00:00,1,14,ide/plugins/org.omnetpp.doc_4.3.0.130403-bf01aae/content/api/classcResultFilterDescriptor.png
shigeya/omnetpp/,2024-09-16 20:16:20+00:00,1,14,ide/plugins/org.omnetpp.doc_4.3.0.130403-bf01aae/content/api/classcResultListener.png
shigeya/omnetpp/,2024-09-16 20:16:20+00:00,1,14,ide/plugins/org.omnetpp.doc_4.3.0.130403-bf01aae/content/api/classcResultRecorder.png
shigeya/omnetpp/,2024-09-16 20:16:20+00:00,1,14,ide/plugins/org.omnetpp.doc_4.3.0.130403-bf01aae/content/api/classcResultRecorderDescriptor.png
shigeya/omnetpp/,2024-09-16 20:16:20+00:00,1,14,ide/plugins/org.omnetpp.doc_4.3.0.130403-bf01aae/content/api/classcRunnableEnvir.png
shigeya/omnetpp/,2024-09-16 20:16:20+00:00,1,14,ide/plugins/org.omnetpp.doc_4.3.0.130403-bf01aae/content/api/classcRuntimeError.png
shigeya/omnetpp/,2024-09-16 20:16:20+00:00,1,14,ide/plugins/org.omnetpp.doc_4.3.0.130403-bf01aae/content/api/classcScheduler.png
shigeya/omnetpp/,2024-09-16 20:16:20+00:00,1,14,ide/plugins/org.omnetpp.doc_4.3.0.130403-bf01aae/content/api/classcSequentialScheduler.png
shigeya/omnetpp/,2024-09-16 20:16:20+00:00,1,14,ide/plugins/org.omnetpp.doc_4.3.0.130403-bf01aae/content/api/classcSimpleModule.png
shigeya/omnetpp/,2024-09-16 20:16:20+00:00,1,14,ide/plugins/org.omnetpp.doc_4.3.0.130403-bf01aae/content/api/classcSimulation.png
shigeya/omnetpp/,2024-09-16 20:16:20+00:00,1,14,ide/plugins/org.omnetpp.doc_4.3.0.130403-bf01aae/content/api/classcSnapshotManager.png
shigeya/omnetpp/,2024-09-16 20:16:20+00:00,1,14,ide/plugins/org.omnetpp.doc_4.3.0.130403-bf01aae/content/api/classcStackCleanupException.png
shigeya/omnetpp/,2024-09-16 20:16:20+00:00,1,14,ide/plugins/org.omnetpp.doc_4.3.0.130403-bf01aae/content/api/classcStatistic.png
shigeya/omnetpp/,2024-09-16 20:16:20+00:00,1,14,ide/plugins/org.omnetpp.doc_4.3.0.130403-bf01aae/content/api/classcStdDev.png
shigeya/omnetpp/,2024-09-16 20:16:20+00:00,1,14,ide/plugins/org.omnetpp.doc_4.3.0.130403-bf01aae/content/api/classcStringParImpl.png
shigeya/omnetpp/,2024-09-16 20:16:20+00:00,1,14,ide/plugins/org.omnetpp.doc_4.3.0.130403-bf01aae/content/api/classcSubModIterator.png
shigeya/omnetpp/,2024-09-16 20:16:20+00:00,1,14,ide/plugins/org.omnetpp.doc_4.3.0.130403-bf01aae/content/api/classcTDExpandingWindows.png
shigeya/omnetpp/,2024-09-16 20:16:20+00:00,1,14,ide/plugins/org.omnetpp.doc_4.3.0.130403-bf01aae/content/api/classcTerminationException.png
shigeya/omnetpp/,2024-09-16 20:16:20+00:00,1,14,ide/plugins/org.omnetpp.doc_4.3.0.130403-bf01aae/content/api/classcTimestampedValue.png
shigeya/omnetpp/,2024-09-16 20:16:20+00:00,1,14,ide/plugins/org.omnetpp.doc_4.3.0.130403-bf01aae/content/api/classcTopology.png
shigeya/omnetpp/,2024-09-16 20:16:20+00:00,1,14,ide/plugins/org.omnetpp.doc_4.3.0.130403-bf01aae/content/api/classcTopology_1_1Link.png
shigeya/omnetpp/,2024-09-16 20:16:20+00:00,1,14,ide/plugins/org.omnetpp.doc_4.3.0.130403-bf01aae/content/api/classcTopology_1_1LinkIn.png
shigeya/omnetpp/,2024-09-16 20:16:20+00:00,1,14,ide/plugins/org.omnetpp.doc_4.3.0.130403-bf01aae/content/api/classcTopology_1_1LinkOut.png
shigeya/omnetpp/,2024-09-16 20:16:20+00:00,1,14,ide/plugins/org.omnetpp.doc_4.3.0.130403-bf01aae/content/api/classcTransientDetection.png
shigeya/omnetpp/,2024-09-16 20:16:20+00:00,1,14,ide/plugins/org.omnetpp.doc_4.3.0.130403-bf01aae/content/api/classcVarHistogram.png
shigeya/omnetpp/,2024-09-16 20:16:20+00:00,1,14,ide/plugins/org.omnetpp.doc_4.3.0.130403-bf01aae/content/api/classcWatchBase.png
shigeya/omnetpp/,2024-09-16 20:16:20+00:00,1,14,ide/plugins/org.omnetpp.doc_4.3.0.130403-bf01aae/content/api/classcWatch__bool.png
shigeya/omnetpp/,2024-09-16 20:16:20+00:00,1,14,ide/plugins/org.omnetpp.doc_4.3.0.130403-bf01aae/content/api/classcWatch__cObject.png
shigeya/omnetpp/,2024-09-16 20:16:20+00:00,1,14,ide/plugins/org.omnetpp.doc_4.3.0.130403-bf01aae/content/api/classcWatch__cObjectPtr.png
shigeya/omnetpp/,2024-09-16 20:16:20+00:00,1,14,ide/plugins/org.omnetpp.doc_4.3.0.130403-bf01aae/content/api/classcWatch__char.png
shigeya/omnetpp/,2024-09-16 20:16:20+00:00,1,14,ide/plugins/org.omnetpp.doc_4.3.0.130403-bf01aae/content/api/classcWatch__stdstring.png
shigeya/omnetpp/,2024-09-16 20:16:20+00:00,1,14,ide/plugins/org.omnetpp.doc_4.3.0.130403-bf01aae/content/api/classcWatch__uchar.png
shigeya/omnetpp/,2024-09-16 20:16:20+00:00,1,14,ide/plugins/org.omnetpp.doc_4.3.0.130403-bf01aae/content/api/classcWeightedStdDev.png
shigeya/omnetpp/,2024-09-16 20:16:20+00:00,1,14,ide/plugins/org.omnetpp.doc_4.3.0.130403-bf01aae/content/api/classcXMLElement_1_1ParamResolver.png
shigeya/omnetpp/,2024-09-16 20:16:20+00:00,1,14,ide/plugins/org.omnetpp.doc_4.3.0.130403-bf01aae/content/api/classcXMLParImpl.png
shigeya/omnetpp/,2024-09-16 20:16:20+00:00,1,14,ide/plugins/org.omnetpp.doc_4.3.0.130403-bf01aae/content/api/classnoncopyable.png
shigeya/omnetpp/,2024-09-16 20:16:20+00:00,1,14,ide/plugins/org.omnetpp.doc_4.3.0.130403-bf01aae/content/tictoc-tutorial/classTic8.png
shigeya/omnetpp/,2024-09-16 20:16:20+00:00,1,14,ide/plugins/org.omnetpp.doc_4.3.0.130403-bf01aae/content/tictoc-tutorial/classTic9.png
shigeya/omnetpp/,2024-09-16 20:16:20+00:00,1,14,ide/plugins/org.omnetpp.doc_4.3.0.130403-bf01aae/content/tictoc-tutorial/classToc8.png
shigeya/omnetpp/,2024-09-16 20:16:20+00:00,1,14,ide/plugins/org.omnetpp.doc_4.3.0.130403-bf01aae/content/tictoc-tutorial/classToc9.png
shigeya/omnetpp/,2024-09-16 20:16:20+00:00,1,14,ide/plugins/org.omnetpp.doc_4.3.0.130403-bf01aae/content/tictoc-tutorial/classTxc1.png
shigeya/omnetpp/,2024-09-16 20:16:20+00:00,1,14,ide/plugins/org.omnetpp.doc_4.3.0.130403-bf01aae/content/tictoc-tutorial/classTxc10.png
shigeya/omnetpp/,2024-09-16 20:16:20+00:00,1,14,ide/plugins/org.omnetpp.doc_4.3.0.130403-bf01aae/content/tictoc-tutorial/classTxc11.png
shigeya/omnetpp/,2024-09-16 20:16:20+00:00,1,14,ide/plugins/org.omnetpp.doc_4.3.0.130403-bf01aae/content/tictoc-tutorial/classTxc12.png
shigeya/omnetpp/,2024-09-16 20:16:20+00:00,1,14,ide/plugins/org.omnetpp.doc_4.3.0.130403-bf01aae/content/tictoc-tutorial/classTxc13.png
shigeya/omnetpp/,2024-09-16 20:16:20+00:00,1,14,ide/plugins/org.omnetpp.doc_4.3.0.130403-bf01aae/content/tictoc-tutorial/classTxc14.png
shigeya/omnetpp/,2024-09-16 20:16:20+00:00,1,14,ide/plugins/org.omnetpp.doc_4.3.0.130403-bf01aae/content/tictoc-tutorial/classTxc15.png
shigeya/omnetpp/,2024-09-16 20:16:20+00:00,1,14,ide/plugins/org.omnetpp.doc_4.3.0.130403-bf01aae/content/tictoc-tutorial/classTxc16.png
shigeya/omnetpp/,2024-09-16 20:16:20+00:00,1,14,ide/plugins/org.omnetpp.doc_4.3.0.130403-bf01aae/content/tictoc-tutorial/classTxc2.png
shigeya/omnetpp/,2024-09-16 20:16:20+00:00,1,14,ide/plugins/org.omnetpp.doc_4.3.0.130403-bf01aae/content/tictoc-tutorial/classTxc3.png
shigeya/omnetpp/,2024-09-16 20:16:20+00:00,1,14,ide/plugins/org.omnetpp.doc_4.3.0.130403-bf01aae/content/tictoc-tutorial/classTxc4.png
shigeya/omnetpp/,2024-09-16 20:16:20+00:00,1,14,ide/plugins/org.omnetpp.doc_4.3.0.130403-bf01aae/content/tictoc-tutorial/classTxc5.png
shigeya/omnetpp/,2024-09-16 20:16:20+00:00,1,14,ide/plugins/org.omnetpp.doc_4.3.0.130403-bf01aae/content/tictoc-tutorial/classTxc6.png
shigeya/omnetpp/,2024-09-16 20:16:20+00:00,1,14,ide/plugins/org.omnetpp.doc_4.3.0.130403-bf01aae/content/tictoc-tutorial/classTxc7.png
skython/eXe/,2023-12-25 11:33:33+00:00,0,8,doc/overview.png
slowli/software-engineering-lectures/,2023-11-29 11:35:07+00:00,1,4,src/01-intro/03/decorator.png
snowplow/snowplow.github.com/,2024-07-30 10:55:01+00:00,20,16,assets/img/olap/star-schema.png
sones/sones/,2024-11-12 20:04:40+00:00,5,213,Documentation/media/documentation/database/edges/classdiagram.png
sones/sones/,2024-11-12 20:04:40+00:00,5,213,Documentation/media/documentation/database/edges/typeinterfaces.png
sones/sones/,2024-11-12 20:04:40+00:00,5,213,Documentation/media/documentation/plugins/database/geometries.png
spcs/synaps/,2024-08-31 00:54:47+00:00,4,17,doc/source/images/diagrams/CassandraDatabaseModel.jpg
spring-projects/spring-net/,2024-11-06 04:08:08+00:00,30,851,doc/reference/src/images/Migration_App_UML_Diagram.png
spring-projects/spring-net/,2024-11-06 04:08:08+00:00,30,851,doc/reference/src/images/aop-uml.gif
spring-projects/spring-net/,2024-11-06 04:08:08+00:00,30,851,doc/reference/src/images/movie-finder.gif
sprossiter/JSIT/,2024-08-26 23:12:56+00:00,1,2,src/main/resources/docs/diagrams/eventsArchitectureMarker.png
sprossiter/JSIT/,2024-08-26 23:12:56+00:00,1,2,src/main/resources/docs/diagrams/eventsArchitectureMessageBased.png
sprossiter/JSIT/,2024-08-26 23:12:56+00:00,1,2,src/main/resources/docs/diagrams/jsitUsageClassSimple.png
sprossiter/JSIT/,2024-08-26 23:12:56+00:00,1,2,src/main/resources/docs/diagrams/jsitUsageClassSimpleAnyLogic.png
sriram-mahavadi/extlp/,2024-04-26 05:27:19+00:00,3,2,doc/images/btree_uml.png
statismo/statismo/,2024-11-02 12:32:09+00:00,12,268,doc/IJ/pictures/class_diagram.png
statismo/statismo/,2024-11-02 12:32:09+00:00,12,268,doc/IJ/pictures/class_diagram.svg
statismo/statismo/,2024-11-02 12:32:09+00:00,12,268,doc/classdoc/class_diagram.png
stefan-ka/stefan-ka.github.io/,2024-06-19 08:23:45+00:00,16,0,media/062015-parallel-programming-summary1-lock-and-condition.png
stefan-ka/stefan-ka.github.io/,2024-06-19 08:23:45+00:00,16,0,media/122018-Strategic_DDD_Domain_Model.png
streambuf/recognition_numbers/,2024-04-16 11:26:55+00:00,1,12,screenshots/UML3.png
stritti/log4js/,2024-10-25 17:21:56+00:00,8,449,log4js-site/xdocs/resources/images/Log4JS-UML.jpg
sungsoo/sungsoo.github.com/,2024-11-14 04:32:33+00:00,1,30,images/rib-interface.jpg
sunnypatel/Classwork/,2024-08-22 22:38:19+00:00,2,21,Junior Yr/Spring_2012/cs350-SoftwareDesign/survey/UML.png
sunnypatel/Classwork/,2024-08-22 22:38:19+00:00,2,21,Junior Yr/Spring_2012/cs350-SoftwareDesign/survey/UML_HW2.png
svstuff/systemverilog/,2024-09-28 22:23:17+00:00,1,12,uvm-1.1d/docs/html/images/uvm_ref_tlm_analysis_if.gif
svstuff/systemverilog/,2024-09-28 22:23:17+00:00,1,12,uvm-1.1d/docs/html/images/uvm_ref_tlm_bidir_ports.gif
svstuff/systemverilog/,2024-09-28 22:23:17+00:00,1,12,uvm-1.1d/docs/html/images/uvm_ref_tlm_get_peek_ifs.gif
svstuff/systemverilog/,2024-09-28 22:23:17+00:00,1,12,uvm-1.1d/docs/html/images/uvm_ref_tlm_master_slave_ifs.gif
svstuff/systemverilog/,2024-09-28 22:23:17+00:00,1,12,uvm-1.1d/docs/html/images/uvm_ref_tlm_put_ifs.gif
svstuff/systemverilog/,2024-09-28 22:23:17+00:00,1,12,uvm-1.1d/docs/html/images/uvm_ref_tlm_transport_ifs.gif
svstuff/systemverilog/,2024-09-28 22:23:17+00:00,1,12,uvm-1.1d/docs/html/images/uvm_ref_tlm_uni_ports.gif
symfony/symfony1-docs/,2024-11-03 23:17:58+00:00,30,103,gentle-introduction/en/images/F1401.png
symfony/symfony1-docs/,2024-11-03 23:17:58+00:00,30,103,gentle-introduction/en/images/F1608.png
symfony/symfony1-docs/,2024-11-03 23:17:58+00:00,30,103,jobeet/images/03/diagram.png
tanure/ExemploMVP/,2024-01-16 12:38:06+00:00,1,2,src/ExemploMVP.Web/Images/DiagramaClasse.png
tazzledazzle/UW-CSS/,2024-03-02 12:42:33+00:00,1,4,343/lab4/lab4classUML.jpg
tcs-ulli/fpvectorial/,2024-10-02 11:08:07+00:00,1,2,docs/fpvectorial.jpg
thethythy/Mnemopwd/,2024-06-13 13:39:13+00:00,1,0,design/class_diagram_client_side.png
thethythy/Mnemopwd/,2024-06-13 13:39:13+00:00,1,0,design/class_diagram_server_side.png
tlin-fei/ds4p/,2024-01-13 23:52:04+00:00,0,1,DS4P/acs-showcase/ACS Showcase Class Diagram.png
tlin-fei/ds4p/,2024-01-13 23:52:04+00:00,0,1,DS4P/consent-gen/Consent - Gen Class Diagram.png
tmtxt/tmtxt.github.com/,2024-10-25 00:24:06+00:00,22,9,files/2013-03-30-microcontroller-emulation-in-cpp/class_diagram.png
tourdedave/elemental-selenium-tips/,2024-05-18 08:18:30+00:00,8,285,vendor/apache-jmeter-2.11/docs/images/screenshots/class_diagram.gif
toutpt/collective.trainingmanual/,2024-03-29 16:08:48+00:00,4,0,developpeur/source/python/ConceptionUMLDeLaClasseCercle.jpg
toutpt/collective.trainingmanual/,2024-03-29 16:08:48+00:00,4,0,developpeur/source/uml/uml_repr_diagramme_classes.jpg
toutpt/collective.trainingmanual/,2024-03-29 16:08:48+00:00,4,0,developpeur/source/uml/uml_repr_diagramme_objets.jpg
toutpt/collective.trainingmanual/,2024-03-29 16:08:48+00:00,4,0,developpeur/source/uml/uml_repr_generalisation.jpg
toutpt/collective.trainingmanual/,2024-03-29 16:08:48+00:00,4,0,developpeur/source/uml/uml_repr_interface.jpg
toutpt/collective.trainingmanual/,2024-03-29 16:08:48+00:00,4,0,developpeur/source/uml/uml_repr_realisations.jpg
toutpt/collective.trainingmanual/,2024-03-29 16:08:48+00:00,4,0,docs/developpeur/_images/argouml_ajout_methode.jpg
tupilabs/tap4j/,2024-05-14 06:59:04+00:00,7,31,src/documents/uml/ClassDiagram1.jpg
ua-eas/ua-rice-2.1.9/,2024-03-14 23:47:33+00:00,0,0,src/site/docbook/db_diagrams/rice-krcr.png
ua-eas/ua-rice-2.1.9/,2024-03-14 23:47:33+00:00,0,0,src/site/docbook/db_diagrams/rice-kren.png
ua-eas/ua-rice-2.1.9/,2024-03-14 23:47:33+00:00,0,0,src/site/docbook/db_diagrams/rice-krew.png
ua-eas/ua-rice-2.1.9/,2024-03-14 23:47:33+00:00,0,0,src/site/docbook/db_diagrams/rice-krim.png
ua-eas/ua-rice-2.1.9/,2024-03-14 23:47:33+00:00,0,0,src/site/docbook/db_diagrams/rice-krlc.png
ua-eas/ua-rice-2.1.9/,2024-03-14 23:47:33+00:00,0,0,src/site/docbook/db_diagrams/rice-krms.png
ua-eas/ua-rice-2.1.9/,2024-03-14 23:47:33+00:00,0,0,src/site/docbook/db_diagrams/rice-krns.png
ua-eas/ua-rice-2.1.9/,2024-03-14 23:47:33+00:00,0,0,src/site/docbook/db_diagrams/rice-krsb.png
ua-eas/ua-rice-2.1.9/,2024-03-14 23:47:33+00:00,0,0,src/site/docbook/images/krms ruleModel-20.png
unknown-horizons/unknown-horizons/,2024-11-12 20:23:59+00:00,30,1426,development/road-directions.png
unknown-horizons/unknown-horizons/,2024-11-12 20:23:59+00:00,30,1426,development/uml/components_design.png
unknown-horizons/unknown-horizons/,2024-11-12 20:23:59+00:00,30,1426,development/uml/components_implemented.png
unknown-horizons/unknown-horizons/,2024-11-12 20:23:59+00:00,30,1426,development/uml/production_classes.png
utn-frm-si/reservas/,2024-08-28 12:29:03+00:00,2,2,docs/uml/diagrama_clases.png
venam/blog/,2024-09-09 06:35:06+00:00,1,2,assets/umlet.jpg
vlead/dataservice/,2024-01-16 06:27:15+00:00,7,1,src/diagrams/model-diagram.jpg
vulfgang/coursework-kitten/,2024-10-11 08:11:52+00:00,4,15,CIS29/Final-Lab/Documentation/uml-class-diagram.jpg
vulfgang/coursework-kitten/,2024-10-11 08:11:52+00:00,4,15,CIS35B/Assignment-1/lab-1_uml-class-diagram.jpg
vulfgang/coursework-kitten/,2024-10-11 08:11:52+00:00,4,15,CIS35B/Assignment-2/lab-2_uml-class-diagram.jpg
vulfgang/coursework-kitten/,2024-10-11 08:11:52+00:00,4,15,CIS35B/Assignment-3/lab-3_uml-class-diagram.jpg
vulfgang/coursework-kitten/,2024-10-11 08:11:52+00:00,4,15,CIS35B/Assignment-4/lab-4_uml-class-diagram.jpg
vulfgang/coursework-kitten/,2024-10-11 08:11:52+00:00,4,15,CIS35B/Assignment-5/lab-5_uml-class-diagram.jpg
vulfgang/coursework-kitten/,2024-10-11 08:11:52+00:00,4,15,CIS35B/Documentation/lab-1_uml-class-diagram.jpg
vulfgang/coursework-kitten/,2024-10-11 08:11:52+00:00,4,15,CIS35B/Documentation/lab-2_uml-class-diagram.jpg
vulfgang/coursework-kitten/,2024-10-11 08:11:52+00:00,4,15,CIS35B/Documentation/lab-3_uml-class-diagram.jpg
vulfgang/coursework-kitten/,2024-10-11 08:11:52+00:00,4,15,CIS35B/Documentation/lab-4_uml-class-diagram.jpg
vulfgang/coursework-kitten/,2024-10-11 08:11:52+00:00,4,15,CIS35B/Documentation/lab-5_uml-class-diagram.jpg
vulfgang/coursework-kitten/,2024-10-11 08:11:52+00:00,4,15,CIS35B/Documentation/lab1_uml-class-diagramOLD.JPG
vulfgang/coursework-kitten/,2024-10-11 08:11:52+00:00,4,15,CIS35B/Documentation/lab1_uml-class-diagramOLD1.jpg
vulfgang/coursework-kitten/,2024-10-11 08:11:52+00:00,4,15,CIS64B/assignment-6/assignment-6-schema.png
w3c/data-shapes/,2024-08-02 14:17:54+00:00,20,89,shacl/images/shacl-class-metamodel.png
w3c/data-shapes/,2024-08-02 14:17:54+00:00,20,89,unmaintained/data-shapes-primer/images/computeArea-function.png
w3c/data-shapes/,2024-08-02 14:17:54+00:00,20,89,unmaintained/data-shapes-primer/images/square-class-diagram.png
wagnerjs/SIGAR/,2024-06-04 17:39:29+00:00,6,0,documentacao/Arquitetura/Classe_Diagram.jpg
wakaleo/game-of-life/,2024-11-12 11:04:29+00:00,6,2037,gameoflife-web/tools/jmeter/docs/images/screenshots/class_diagram.gif
wangkuiwu/wangkuiwu.github.io/,2024-07-06 09:02:06+00:00,3,39,media/pic/design_patterns/pattern01_02.jpg
wangkuiwu/wangkuiwu.github.io/,2024-07-06 09:02:06+00:00,3,39,media/pic/design_patterns/pattern01_03.jpg
wangkuiwu/wangkuiwu.github.io/,2024-07-06 09:02:06+00:00,3,39,media/pic/design_patterns/pattern02_02.jpg
wangkuiwu/wangkuiwu.github.io/,2024-07-06 09:02:06+00:00,3,39,media/pic/design_patterns/pattern02_03.jpg
wangkuiwu/wangkuiwu.github.io/,2024-07-06 09:02:06+00:00,3,39,media/pic/design_patterns/pattern03_02.jpg
wangkuiwu/wangkuiwu.github.io/,2024-07-06 09:02:06+00:00,3,39,media/pic/design_patterns/pattern03_03.jpg
wangkuiwu/wangkuiwu.github.io/,2024-07-06 09:02:06+00:00,3,39,media/pic/design_patterns/pattern06_01.jpg
wangkuiwu/wangkuiwu.github.io/,2024-07-06 09:02:06+00:00,3,39,media/pic/design_patterns/pattern06_02.jpg
wangkuiwu/wangkuiwu.github.io/,2024-07-06 09:02:06+00:00,3,39,media/pic/design_patterns/pattern07_01.jpg
wangkuiwu/wangkuiwu.github.io/,2024-07-06 09:02:06+00:00,3,39,media/pic/design_patterns/pattern07_02.jpg
wangkuiwu/wangkuiwu.github.io/,2024-07-06 09:02:06+00:00,3,39,media/pic/design_patterns/pattern08_01.jpg
wangkuiwu/wangkuiwu.github.io/,2024-07-06 09:02:06+00:00,3,39,media/pic/design_patterns/pattern08_02.jpg
wangkuiwu/wangkuiwu.github.io/,2024-07-06 09:02:06+00:00,3,39,media/pic/design_patterns/pattern09_03.jpg
wangkuiwu/wangkuiwu.github.io/,2024-07-06 09:02:06+00:00,3,39,media/pic/design_patterns/pattern09_04.jpg
wangkuiwu/wangkuiwu.github.io/,2024-07-06 09:02:06+00:00,3,39,media/pic/design_patterns/pattern10_01.jpg
wangkuiwu/wangkuiwu.github.io/,2024-07-06 09:02:06+00:00,3,39,media/pic/design_patterns/pattern11_01.jpg
wangkuiwu/wangkuiwu.github.io/,2024-07-06 09:02:06+00:00,3,39,media/pic/design_patterns/pattern12_01.jpg
wangkuiwu/wangkuiwu.github.io/,2024-07-06 09:02:06+00:00,3,39,media/pic/design_patterns/pattern12_02.jpg
wangkuiwu/wangkuiwu.github.io/,2024-07-06 09:02:06+00:00,3,39,media/pic/design_patterns/pattern13_04.jpg
wangkuiwu/wangkuiwu.github.io/,2024-07-06 09:02:06+00:00,3,39,media/pic/design_patterns/pattern13_05.jpg
wangkuiwu/wangkuiwu.github.io/,2024-07-06 09:02:06+00:00,3,39,media/pic/design_patterns/pattern14_01.jpg
wangkuiwu/wangkuiwu.github.io/,2024-07-06 09:02:06+00:00,3,39,media/pic/design_patterns/pattern16_01.jpg
wangkuiwu/wangkuiwu.github.io/,2024-07-06 09:02:06+00:00,3,39,media/pic/design_patterns/pattern17_01.jpg
wangkuiwu/wangkuiwu.github.io/,2024-07-06 09:02:06+00:00,3,39,media/pic/design_patterns/pattern17_02.jpg
wangkuiwu/wangkuiwu.github.io/,2024-07-06 09:02:06+00:00,3,39,media/pic/design_patterns/pattern18_01.jpg
wangkuiwu/wangkuiwu.github.io/,2024-07-06 09:02:06+00:00,3,39,media/pic/java/threads/juc-col06-01.jpg
wangkuiwu/wangkuiwu.github.io/,2024-07-06 09:02:06+00:00,3,39,media/pic/java/threads/juc-col07-01.jpg
wangkuiwu/wangkuiwu.github.io/,2024-07-06 09:02:06+00:00,3,39,media/pic/java/threads/juc-col08-01.jpg
wangkuiwu/wangkuiwu.github.io/,2024-07-06 09:02:06+00:00,3,39,media/pic/java/threads/juc-col09-01.jpg
wangkuiwu/wangkuiwu.github.io/,2024-07-06 09:02:06+00:00,3,39,media/pic/java/threads/juc-col10-01.jpg
wangkuiwu/wangkuiwu.github.io/,2024-07-06 09:02:06+00:00,3,39,media/pic/java/threads/juc-executor01-01.jpg
wangkuiwu/wangkuiwu.github.io/,2024-07-06 09:02:06+00:00,3,39,media/pic/java/threads/juc-executor02-01.jpg
wangkuiwu/wangkuiwu.github.io/,2024-07-06 09:02:06+00:00,3,39,media/pic/uml/uml02-02.jpg
wangkuiwu/wangkuiwu.github.io/,2024-07-06 09:02:06+00:00,3,39,media/pic/uml/uml02-03.jpg
wangkuiwu/wangkuiwu.github.io/,2024-07-06 09:02:06+00:00,3,39,media/pic/uml/uml02-04.jpg
wangkuiwu/wangkuiwu.github.io/,2024-07-06 09:02:06+00:00,3,39,media/pic/uml/uml03-01.jpg
wangkuiwu/wangkuiwu.github.io/,2024-07-06 09:02:06+00:00,3,39,media/pic/uml/uml03-02.jpg
wangkuiwu/wangkuiwu.github.io/,2024-07-06 09:02:06+00:00,3,39,media/pic/uml/uml03-03.jpg
wangkuiwu/wangkuiwu.github.io/,2024-07-06 09:02:06+00:00,3,39,media/pic/uml/uml03-04.jpg
wangkuiwu/wangkuiwu.github.io/,2024-07-06 09:02:06+00:00,3,39,media/pic/uml/uml03-05.jpg
wangkuiwu/wangkuiwu.github.io/,2024-07-06 09:02:06+00:00,3,39,media/pic/uml/uml03-06.jpg
wangkuiwu/wangkuiwu.github.io/,2024-07-06 09:02:06+00:00,3,39,media/pic/uml/uml03-07.jpg
wangkuiwu/wangkuiwu.github.io/,2024-07-06 09:02:06+00:00,3,39,media/pic/uml/uml03-08.jpg
wangkuiwu/wangkuiwu.github.io/,2024-07-06 09:02:06+00:00,3,39,media/pic/uml/uml03-09.jpg
webfactory/content-mapping/,2024-09-04 13:53:31+00:00,4,4,doc/class-diagram.png
wimleers/sudoku/,2024-10-27 10:25:49+00:00,2,102,doc/UML-080209.png
wimleers/sudoku/,2024-10-27 10:25:49+00:00,2,102,doc/images/UML_1.png
wimleers/sudoku/,2024-10-27 10:25:49+00:00,2,102,doc/images/UML_2.png
wimleers/sudoku/,2024-10-27 10:25:49+00:00,2,102,doc/images/UML_3.png
wimleers/sudoku/,2024-10-27 10:25:49+00:00,2,102,doc/images/UML_4.png
wolandscat/EOMF/,2024-10-08 00:35:00+00:00,1,6,doc/uml/BMM_classes.png
wolandscat/EOMF/,2024-10-08 00:35:00+00:00,1,6,doc/uml/P_BMM_classes.png
wro4j/wro4j-examples/,2024-10-30 12:00:38+00:00,3,9,wro4j-demo/doc/WRO - ClassDiagram.jpg
wyon/note/,2024-08-23 06:52:12+00:00,1,0,design_patterns/img/pattens_abstract_factory.png
wyon/note/,2024-08-23 06:52:12+00:00,1,0,design_patterns/img/patterns_bridge.png
wyon/note/,2024-08-23 06:52:12+00:00,1,0,design_patterns/img/patterns_builder.png
wyon/note/,2024-08-23 06:52:12+00:00,1,0,design_patterns/img/patterns_china_of_responsibility.png
wyon/note/,2024-08-23 06:52:12+00:00,1,0,design_patterns/img/patterns_command.png
wyon/note/,2024-08-23 06:52:12+00:00,1,0,design_patterns/img/patterns_composite.png
wyon/note/,2024-08-23 06:52:12+00:00,1,0,design_patterns/img/patterns_decorator.png
wyon/note/,2024-08-23 06:52:12+00:00,1,0,design_patterns/img/patterns_factory_method.png
wyon/note/,2024-08-23 06:52:12+00:00,1,0,design_patterns/img/patterns_flyweight.png
wyon/note/,2024-08-23 06:52:12+00:00,1,0,design_patterns/img/patterns_interpreter.png
wyon/note/,2024-08-23 06:52:12+00:00,1,0,design_patterns/img/patterns_iterator.png
wyon/note/,2024-08-23 06:52:12+00:00,1,0,design_patterns/img/patterns_mediator.png
wyon/note/,2024-08-23 06:52:12+00:00,1,0,design_patterns/img/patterns_memento.png
wyon/note/,2024-08-23 06:52:12+00:00,1,0,design_patterns/img/patterns_observer.png
wyon/note/,2024-08-23 06:52:12+00:00,1,0,design_patterns/img/patterns_prototype.png
wyon/note/,2024-08-23 06:52:12+00:00,1,0,design_patterns/img/patterns_proxy.png
wyon/note/,2024-08-23 06:52:12+00:00,1,0,design_patterns/img/patterns_singleton.png
wyon/note/,2024-08-23 06:52:12+00:00,1,0,design_patterns/img/patterns_state.png
wyon/note/,2024-08-23 06:52:12+00:00,1,0,design_patterns/img/patterns_strategy.png
wyon/note/,2024-08-23 06:52:12+00:00,1,0,design_patterns/img/patterns_template_method.png
wyon/note/,2024-08-23 06:52:12+00:00,1,0,design_patterns/img/patterns_visitor.png
xenodium/xenodium.github.io/,2024-11-13 13:22:10+00:00,3,9,images/plantuml-example/plantuml-singer.png
