Project,Contributors,Model Link - Github
0003088/libelektra-qt-gui-test/,12.0,https://www.github.com/0003088/libelektra-qt-gui-test/tree/master/doc/images/overview_plugins.xmi
01org/vmf/,11.0,https://www.github.com/01org/vmf/tree/master/docs/design/LLD.uml
080419android/scheduler/,3.0,https://www.github.com/080419android/scheduler/tree/master/Requirements/080419A - ClassDiagram_v_1_0_0.png
0877624/0877624-0896919-0894785/,3.0,https://www.github.com/0877624/0877624-0896919-0894785/tree/master/UML Diagram/ModelDefinition/UML Diagram.uml
09421/Track-A-Bus/,2.0,https://www.github.com/09421/Track-A-Bus/tree/master/1 - Systemdesign/1 - Ikke-samlede docs/Diagrammer/Misc/Use_Case_Diagram.jpg
09421/Track-A-Bus/,2.0,https://www.github.com/09421/Track-A-Bus/tree/master/1 - Systemdesign/3 - 4th/04_Systemdesign/Diagrammer/SSD/UC1 Simple Sequence Diagram.png
09421/Track-A-Bus/,2.0,https://www.github.com/09421/Track-A-Bus/tree/master/1 - Systemdesign/3 - 4th/04_Systemdesign/Diagrammer/SSD/UC1.1 Simple Sequence Diagram.png
09421/Track-A-Bus/,2.0,https://www.github.com/09421/Track-A-Bus/tree/master/1 - Systemdesign/3 - 4th/04_Systemdesign/Diagrammer/SSD/UC1.2 Simple Sequence Diagram.png
09421/Track-A-Bus/,2.0,https://www.github.com/09421/Track-A-Bus/tree/master/1 - Systemdesign/3 - 4th/04_Systemdesign/Diagrammer/Use_Case_Diagram.jpg
09421/Track-A-Bus/,2.0,https://www.github.com/09421/Track-A-Bus/tree/master/2 - Kravspec/2 - Samlet kravspec/Use_Cases/Diagrammer/Use_Case_Diagram.jpg
09421/Track-A-Bus/,2.0,https://www.github.com/09421/Track-A-Bus/tree/master/4 - Rapport/4 semester/Billeder/Use_Case_Diagram.jpg
09421/Track-A-Bus/,2.0,https://www.github.com/09421/Track-A-Bus/tree/master/4 - Rapport/Billeder/Use_Case_Diagram.jpg
09421/Track-A-Bus/,2.0,https://www.github.com/09421/Track-A-Bus/tree/master/7 - Bilag/2 - Diagrammer/3 - Klassediagrammer/Administrator hjemmeside - klassediagram.jpg
09421/Track-A-Bus/,2.0,https://www.github.com/09421/Track-A-Bus/tree/master/7 - Bilag/2 - Diagrammer/3 - Klassediagrammer/Mobil applikation - Klassediagram.jpg
09421/Track-A-Bus/,2.0,https://www.github.com/09421/Track-A-Bus/tree/master/7 - Bilag/2 - Diagrammer/3 - Klassediagrammer/Simulator - Klassediagram.jpg
09421/Track-A-Bus/,2.0,https://www.github.com/09421/Track-A-Bus/tree/master/7 - Bilag/2 - Diagrammer/5 - Use Case diagrammer/Use_Case_Diagram.jpg
100Continue/Gulu--web-server-test-tools/,2.0,https://www.github.com/100Continue/Gulu--web-server-test-tools/tree/master/gulu3.6/doc/FileHandlerUML.jpg
100Continue/Gulu--web-server-test-tools/,2.0,https://www.github.com/100Continue/Gulu--web-server-test-tools/tree/master/gulu3.6/doc/ProcessHandlerUML.jpg
100Continue/Gulu--web-server-test-tools/,2.0,https://www.github.com/100Continue/Gulu--web-server-test-tools/tree/master/gulu3.6/doc/RequestUML.jpg
100Continue/Gulu--web-server-test-tools/,2.0,https://www.github.com/100Continue/Gulu--web-server-test-tools/tree/master/gulu3.6/doc/ResponseUML.jpg
100Continue/Gulu--web-server-test-tools/,2.0,https://www.github.com/100Continue/Gulu--web-server-test-tools/tree/master/gulu3.6/doc/assertUML.jpg
100Continue/Gulu--web-server-test-tools/,2.0,https://www.github.com/100Continue/Gulu--web-server-test-tools/tree/master/gulu3.6/doc/authorizationUML.jpg
101companies/101repo/,24.0,https://www.github.com/101companies/101repo/tree/master/contributions/jgralab/101companies-schema.xmi
131213web/ProjectTask/,9.0,https://www.github.com/131213web/ProjectTask/tree/master/tasks/task04/activity_diagram1.png
131213web/ProjectTask/,9.0,https://www.github.com/131213web/ProjectTask/tree/master/tasks/task04/activity_diagram2.png
131213web/ProjectTask/,9.0,https://www.github.com/131213web/ProjectTask/tree/master/tasks/task04/activity_diagram3.png
131213web/ProjectTask/,9.0,https://www.github.com/131213web/ProjectTask/tree/master/tasks/task04/classDiagram.png
131213web/ProjectTask/,9.0,https://www.github.com/131213web/ProjectTask/tree/master/tasks/task04/state_diagram.png
1string2boolthem/ProjectHub/,4.0,https://www.github.com/1string2boolthem/ProjectHub/tree/master/Documentation/Project Diagrams/UML Class Diagrams/Android Diagram.jpg
1string2boolthem/ProjectHub/,4.0,https://www.github.com/1string2boolthem/ProjectHub/tree/master/Documentation/Project Diagrams/UML Class Diagrams/Servlet Diagram.jpg
211tbc/synthesis/,4.0,https://www.github.com/211tbc/synthesis/tree/master/docs/UML/SequenceDiagram.png
211tbc/synthesis/,4.0,https://www.github.com/211tbc/synthesis/tree/master/docs/UML/UseCaseDiagram.png
