repo,stargazers_count,GitHub URL,Total number of UML files,No. of .uml,No. of .xmi,No. of .svg,No. of .png,No. of .jpeg,No. of .bmp,No. of .jpg,No. of .gif,Model Link - Github
kubernetes/kubernetes,97422.0,http://github.com/kubernetes/kubernetes/,2,0,0,0,2,0,0,0,0,https://www.github.com/kubernetes/kubernetes/tree/master/docs/proposals/Kubemark_architecture.png
kubernetes/kubernetes,97422.0,http://github.com/kubernetes/kubernetes/,2,0,0,0,2,0,0,0,0,https://www.github.com/kubernetes/kubernetes/tree/master/docs/user-guide/monitoring-architecture.png
spring-projects/spring-framework,51460.0,http://github.com/spring-projects/spring-framework/,1,0,0,0,0,0,0,0,1,https://www.github.com/spring-projects/spring-framework/tree/master/src/asciidoc/images/aop-uml.gif
nodejs/node-v0.x-archive,34567.0,http://github.com/nodejs/node-v0.x-archive/,1,0,0,0,1,0,0,0,0,https://www.github.com/nodejs/node-v0.x-archive/tree/master/deps/uv/docs/src/static/architecture.png
odoo/odoo,28771.0,http://github.com/odoo/odoo/,1,0,0,0,1,0,0,0,0,https://www.github.com/odoo/odoo/tree/master/doc/howtos/web/viewarchitecture.png
medcl/elasticsearch-analysis-ik,14989.0,http://github.com/medcl/elasticsearch-analysis-ik/,1,1,0,0,0,0,0,0,0,https://www.github.com/medcl/elasticsearch-analysis-ik/tree/master/src/main/uml/IKAnalysisBinderProcessor.uml
FreeCAD/FreeCAD,13725.0,http://github.com/FreeCAD/FreeCAD/,2,2,0,0,0,0,0,0,0,https://www.github.com/FreeCAD/FreeCAD/tree/master/src/Doc/FreeCAD.uml
FreeCAD/FreeCAD,13725.0,http://github.com/FreeCAD/FreeCAD/,2,2,0,0,0,0,0,0,0,https://www.github.com/FreeCAD/FreeCAD/tree/master/src/Doc/PythonClassModel.uml
miloyip/rapidjson,12918.0,http://github.com/miloyip/rapidjson/,1,0,0,0,1,0,0,0,0,https://www.github.com/miloyip/rapidjson/tree/master/doc/diagram/architecture.png
Activiti/Activiti,9347.0,http://github.com/Activiti/Activiti/,1,0,0,0,1,0,0,0,0,https://www.github.com/Activiti/Activiti/tree/master/userguide/src/en/images/kickstart.diagram.png
mysql/mysql-server,8947.0,http://github.com/mysql/mysql-server/,1,0,0,0,1,0,0,0,0,https://www.github.com/mysql/mysql-server/tree/5.7/extra/rapidjson/doc/diagram/iterative-parser-states-diagram.png
Azure/azure-content,8721.0,http://github.com/Azure/azure-content/,4,0,0,0,4,0,0,0,0,https://www.github.com/Azure/azure-content/tree/master/articles/data-factory/media/data-factory-get-started-using-editor/getstarted-datafactoryblade-diagramtile.png
Azure/azure-content,8721.0,http://github.com/Azure/azure-content/,4,0,0,0,4,0,0,0,0,https://www.github.com/Azure/azure-content/tree/master/articles/media/data-factory-get-started/getstarted-datafactoryblade-diagramtile.png
Azure/azure-content,8721.0,http://github.com/Azure/azure-content/,4,0,0,0,4,0,0,0,0,https://www.github.com/Azure/azure-content/tree/master/articles/storage/media/storage-table-design-guide/storage-table-design-IMAGE03.png
Azure/azure-content,8721.0,http://github.com/Azure/azure-content/,4,0,0,0,4,0,0,0,0,https://www.github.com/Azure/azure-content/tree/master/articles/storage/media/storage-table-design-guide/storage-table-design-IMAGE12.png
SonarSource/sonarqube,7660.0,http://github.com/SonarSource/sonarqube/,1,0,0,0,0,0,0,0,1,https://www.github.com/SonarSource/sonarqube/tree/master/tests/upgrade/projects/struts-1.3.9-diet/core/src/main/java/org/apache/struts/action/doc-files/actionUML.gif
qgis/QGIS,7205.0,http://github.com/qgis/QGIS/,1,0,1,0,0,0,0,0,0,https://www.github.com/qgis/QGIS/tree/master/src/server/qgis_wms.xmi
apache/jmeter,6917.0,http://github.com/apache/jmeter/,2,0,0,0,0,0,0,0,2,https://www.github.com/apache/jmeter/tree/trunk/docs/images/screenshots/class_diagram.gif
apache/jmeter,6917.0,http://github.com/apache/jmeter/,2,0,0,0,0,0,0,0,2,https://www.github.com/apache/jmeter/tree/trunk/xdocs/images/screenshots/class_diagram.gif
google/lovefield,6844.0,http://github.com/google/lovefield/,1,0,0,0,1,0,0,0,0,https://www.github.com/google/lovefield/tree/master/docs/dd/images/query_engine_diagram.png
NorthwoodsSoftware/GoJS,6819.0,http://github.com/NorthwoodsSoftware/GoJS/,1,0,0,0,1,0,0,0,0,https://www.github.com/NorthwoodsSoftware/GoJS/tree/master/assets/images/screenshots/sequenceDiagram.png
gocd/gocd,6753.0,http://github.com/gocd/gocd/,3,0,0,0,3,0,0,0,0,https://www.github.com/gocd/gocd/tree/master/server/webapp/WEB-INF/rails.new/vendor/bundle/jruby/1.9/gems/yard-0.8.7.6/docs/images/code-objects-class-diagram.png
gocd/gocd,6753.0,http://github.com/gocd/gocd/,3,0,0,0,3,0,0,0,0,https://www.github.com/gocd/gocd/tree/master/server/webapp/WEB-INF/rails.new/vendor/bundle/jruby/1.9/gems/yard-0.8.7.6/docs/images/parser-class-diagram.png
gocd/gocd,6753.0,http://github.com/gocd/gocd/,3,0,0,0,3,0,0,0,0,https://www.github.com/gocd/gocd/tree/master/server/webapp/WEB-INF/rails.new/vendor/bundle/jruby/1.9/gems/yard-0.8.7.6/docs/images/tags-class-diagram.png
android-cn/android-open-project-analysis,6647.0,http://github.com/android-cn/android-open-project-analysis/,8,2,0,0,3,0,0,3,0,https://www.github.com/android-cn/android-open-project-analysis/tree/master/tool-lib/common/xutils/image/design.png
android-cn/android-open-project-analysis,6647.0,http://github.com/android-cn/android-open-project-analysis/,8,2,0,0,3,0,0,3,0,https://www.github.com/android-cn/android-open-project-analysis/tree/master/tool-lib/compatibility/nineoldanimations/uml/nineold-animations_uml.jpg
android-cn/android-open-project-analysis,6647.0,http://github.com/android-cn/android-open-project-analysis/,8,2,0,0,3,0,0,3,0,https://www.github.com/android-cn/android-open-project-analysis/tree/master/tool-lib/dependency-injection/dagger/images/uml_types.png
android-cn/android-open-project-analysis,6647.0,http://github.com/android-cn/android-open-project-analysis/,8,2,0,0,3,0,0,3,0,https://www.github.com/android-cn/android-open-project-analysis/tree/master/tool-lib/network/retrofit/image/retrofit-uml.png
android-cn/android-open-project-analysis,6647.0,http://github.com/android-cn/android-open-project-analysis/,8,2,0,0,3,0,0,3,0,https://www.github.com/android-cn/android-open-project-analysis/tree/master/tool-lib/other/base-adapter-helper/image/base-adapter-helper-ClassDiagram.jpg
android-cn/android-open-project-analysis,6647.0,http://github.com/android-cn/android-open-project-analysis/,8,2,0,0,3,0,0,3,0,https://www.github.com/android-cn/android-open-project-analysis/tree/master/view/image-view/photoview/images/startuml.jpg
android-cn/android-open-project-analysis,6647.0,http://github.com/android-cn/android-open-project-analysis/,8,2,0,0,3,0,0,3,0,https://www.github.com/android-cn/android-open-project-analysis/tree/master/tool-lib/other/base-adapter-helper/uml/base-adapter-helper.uml
android-cn/android-open-project-analysis,6647.0,http://github.com/android-cn/android-open-project-analysis/,8,2,0,0,3,0,0,3,0,https://www.github.com/android-cn/android-open-project-analysis/tree/master/tool-lib/plugin/dynamic-load-apk/uml/dlapkload.uml
google/google-api-python-client,6494.0,http://github.com/google/google-api-python-client/,20,0,0,0,0,0,0,0,20,https://www.github.com/google/google-api-python-client/tree/master/docs/epy/uml_class_diagram_for_googleap_11.gif
google/google-api-python-client,6494.0,http://github.com/google/google-api-python-client/,20,0,0,0,0,0,0,0,20,https://www.github.com/google/google-api-python-client/tree/master/docs/epy/uml_class_diagram_for_googleap_12.gif
google/google-api-python-client,6494.0,http://github.com/google/google-api-python-client/,20,0,0,0,0,0,0,0,20,https://www.github.com/google/google-api-python-client/tree/master/docs/epy/uml_class_diagram_for_googleap_13.gif
google/google-api-python-client,6494.0,http://github.com/google/google-api-python-client/,20,0,0,0,0,0,0,0,20,https://www.github.com/google/google-api-python-client/tree/master/docs/epy/uml_class_diagram_for_googleap_14.gif
google/google-api-python-client,6494.0,http://github.com/google/google-api-python-client/,20,0,0,0,0,0,0,0,20,https://www.github.com/google/google-api-python-client/tree/master/docs/epy/uml_class_diagram_for_googleap_15.gif
google/google-api-python-client,6494.0,http://github.com/google/google-api-python-client/,20,0,0,0,0,0,0,0,20,https://www.github.com/google/google-api-python-client/tree/master/docs/epy/uml_class_diagram_for_googleap_16.gif
google/google-api-python-client,6494.0,http://github.com/google/google-api-python-client/,20,0,0,0,0,0,0,0,20,https://www.github.com/google/google-api-python-client/tree/master/docs/epy/uml_class_diagram_for_googleap_17.gif
google/google-api-python-client,6494.0,http://github.com/google/google-api-python-client/,20,0,0,0,0,0,0,0,20,https://www.github.com/google/google-api-python-client/tree/master/docs/epy/uml_class_diagram_for_googleap_18.gif
google/google-api-python-client,6494.0,http://github.com/google/google-api-python-client/,20,0,0,0,0,0,0,0,20,https://www.github.com/google/google-api-python-client/tree/master/docs/epy/uml_class_diagram_for_googleap_19.gif
google/google-api-python-client,6494.0,http://github.com/google/google-api-python-client/,20,0,0,0,0,0,0,0,20,https://www.github.com/google/google-api-python-client/tree/master/docs/epy/uml_class_diagram_for_googleap_20.gif
google/google-api-python-client,6494.0,http://github.com/google/google-api-python-client/,20,0,0,0,0,0,0,0,20,https://www.github.com/google/google-api-python-client/tree/master/docs/epy/uml_class_diagram_for_googleap_21.gif
google/google-api-python-client,6494.0,http://github.com/google/google-api-python-client/,20,0,0,0,0,0,0,0,20,https://www.github.com/google/google-api-python-client/tree/master/docs/epy/uml_class_diagram_for_googleap_22.gif
google/google-api-python-client,6494.0,http://github.com/google/google-api-python-client/,20,0,0,0,0,0,0,0,20,https://www.github.com/google/google-api-python-client/tree/master/docs/epy/uml_class_diagram_for_googleap_29.gif
google/google-api-python-client,6494.0,http://github.com/google/google-api-python-client/,20,0,0,0,0,0,0,0,20,https://www.github.com/google/google-api-python-client/tree/master/docs/epy/uml_class_diagram_for_googleap_3.gif
google/google-api-python-client,6494.0,http://github.com/google/google-api-python-client/,20,0,0,0,0,0,0,0,20,https://www.github.com/google/google-api-python-client/tree/master/docs/epy/uml_class_diagram_for_googleap_37.gif
google/google-api-python-client,6494.0,http://github.com/google/google-api-python-client/,20,0,0,0,0,0,0,0,20,https://www.github.com/google/google-api-python-client/tree/master/docs/epy/uml_class_diagram_for_googleap_38.gif
google/google-api-python-client,6494.0,http://github.com/google/google-api-python-client/,20,0,0,0,0,0,0,0,20,https://www.github.com/google/google-api-python-client/tree/master/docs/epy/uml_class_diagram_for_googleap_39.gif
google/google-api-python-client,6494.0,http://github.com/google/google-api-python-client/,20,0,0,0,0,0,0,0,20,https://www.github.com/google/google-api-python-client/tree/master/docs/epy/uml_class_diagram_for_googleap_41.gif
google/google-api-python-client,6494.0,http://github.com/google/google-api-python-client/,20,0,0,0,0,0,0,0,20,https://www.github.com/google/google-api-python-client/tree/master/docs/epy/uml_class_diagram_for_googleap_42.gif
google/google-api-python-client,6494.0,http://github.com/google/google-api-python-client/,20,0,0,0,0,0,0,0,20,https://www.github.com/google/google-api-python-client/tree/master/docs/epy/uml_class_diagram_for_googleap_9.gif
me115/design_patterns,6255.0,http://github.com/me115/design_patterns/,1,0,0,0,0,0,0,1,0,https://www.github.com/me115/design_patterns/tree/master/_static/uml_class_struct.jpg
h2oai/h2o-3,6219.0,http://github.com/h2oai/h2o-3/,1,1,0,0,0,0,0,0,0,https://www.github.com/h2oai/h2o-3/tree/master/h2o-docs/src/product/architecture/src/run_glm_from_r.uml
ldcsaa/HP-Socket,5167.0,http://github.com/ldcsaa/HP-Socket/,2,1,0,0,0,0,0,1,0,https://www.github.com/ldcsaa/HP-Socket/tree/master/Doc/HP-Socket Class Diagram - v3.3.jpg
ldcsaa/HP-Socket,5167.0,http://github.com/ldcsaa/HP-Socket/,2,1,0,0,0,0,0,1,0,https://www.github.com/ldcsaa/HP-Socket/tree/master/Doc/HP-Socket Class Diagram - v3.3.uml
accord-net/framework,4355.0,http://github.com/accord-net/framework/,1,1,0,0,0,0,0,0,0,https://www.github.com/accord-net/framework/tree/master/Sources/Accord.Docs/Accord.Modeling/ModelDefinition/Accord.Documentation.uml
Freeyourgadget/Gadgetbridge,4050.0,http://github.com/Freeyourgadget/Gadgetbridge/,1,0,1,0,0,0,0,0,0,https://www.github.com/Freeyourgadget/Gadgetbridge/tree/master/app/src/main/assets/devintro.xmi
biolab/orange3,4039.0,http://github.com/biolab/orange3/,1,0,0,0,1,0,0,0,0,https://www.github.com/biolab/orange3/tree/master/doc/visual-programming/source/widgets/visualize/images/SieveDiagram-Titanic.png
Dolibarr/dolibarr,3932.0,http://github.com/Dolibarr/dolibarr/,1,1,0,0,0,0,0,0,0,https://www.github.com/Dolibarr/dolibarr/tree/develop/dev/uml/dolibarr.uml
CGAL/cgal,3824.0,http://github.com/CGAL/cgal/,5,0,0,0,5,0,0,0,0,https://www.github.com/CGAL/cgal/tree/master/Combinatorial_map/doc/Combinatorial_map/fig/Diagramme_class.png
CGAL/cgal,3824.0,http://github.com/CGAL/cgal/,5,0,0,0,5,0,0,0,0,https://www.github.com/CGAL/cgal/tree/master/GraphicsView/doc/GraphicsView/fig/uml-design.png
CGAL/cgal,3824.0,http://github.com/CGAL/cgal/,5,0,0,0,5,0,0,0,0,https://www.github.com/CGAL/cgal/tree/master/Linear_cell_complex/doc/Linear_cell_complex/fig/Diagramme_class.png
CGAL/cgal,3824.0,http://github.com/CGAL/cgal/,5,0,0,0,5,0,0,0,0,https://www.github.com/CGAL/cgal/tree/master/Surface_mesh_parameterization/doc/Surface_mesh_parameterization/fig/parameterizer_class_diagram.png
CGAL/cgal,3824.0,http://github.com/CGAL/cgal/,5,0,0,0,5,0,0,0,0,https://www.github.com/CGAL/cgal/tree/master/Surface_mesh_parameterization/doc/Surface_mesh_parameterization/fig/parameterizer_class_diagram_simplified.png
phpDocumentor/phpDocumentor2,3810.0,http://github.com/phpDocumentor/phpDocumentor2/,1,0,0,0,1,0,0,0,0,https://www.github.com/phpDocumentor/phpDocumentor2/tree/master/src/phpDocumentor/Plugin/Scrybe/docs/internals/images/TableOfContents_Class_Diagram.png
apache/maven,3573.0,http://github.com/apache/maven/,1,0,0,0,1,0,0,0,0,https://www.github.com/apache/maven/tree/master/maven-core/src/site/resources/design/2.1-lifecycle-refactor-sequence-diagram.png
code4craft/netty-learning,3479.0,http://github.com/code4craft/netty-learning/,2,0,0,0,2,0,0,0,0,https://www.github.com/code4craft/netty-learning/tree/master/asserts/diagram-channel-buffer.png
code4craft/netty-learning,3479.0,http://github.com/code4craft/netty-learning/,2,0,0,0,2,0,0,0,0,https://www.github.com/code4craft/netty-learning/tree/master/asserts/diagram-wrapped-channel-buffer.png
munificent/game-programming-patterns,3462.0,http://github.com/munificent/game-programming-patterns/,1,0,0,0,1,0,0,0,0,https://www.github.com/munificent/game-programming-patterns/tree/master/html/images/component-uml.png
OGRECave/ogre,3235.0,http://github.com/OGRECave/ogre/,1,0,0,0,1,0,0,0,0,https://www.github.com/OGRECave/ogre/tree/master/Docs/src/images/uml-overview.png
OculusVR/RakNet,3177.0,http://github.com/OculusVR/RakNet/,1,0,0,0,0,0,0,1,0,https://www.github.com/OculusVR/RakNet/tree/master/Help/RakNetUML.jpg
droolsjbpm/optaplanner,2990.0,http://github.com/droolsjbpm/optaplanner/,4,0,0,0,4,0,0,0,0,https://www.github.com/droolsjbpm/optaplanner/tree/master/optaplanner-docs/src/main/docbook/en-US/images/Chapter-Score_calculation/incrementalScoreCalculatorSequenceDiagram.png
droolsjbpm/optaplanner,2990.0,http://github.com/droolsjbpm/optaplanner/,4,0,0,0,4,0,0,0,0,https://www.github.com/droolsjbpm/optaplanner/tree/master/optaplanner-docs/src/main/docbook/en-US/images/Chapter-Score_calculation/scoreClassDiagram.png
droolsjbpm/optaplanner,2990.0,http://github.com/droolsjbpm/optaplanner/,4,0,0,0,4,0,0,0,0,https://www.github.com/droolsjbpm/optaplanner/tree/master/optaplanner-docs/src/main/docbook/en-US/images/Chapter-Use_cases_and_examples/examinationDomainDiagram.png
droolsjbpm/optaplanner,2990.0,http://github.com/droolsjbpm/optaplanner/,4,0,0,0,4,0,0,0,0,https://www.github.com/droolsjbpm/optaplanner/tree/master/optaplanner-docs/src/main/docbook/en-US/images/Chapter-Use_cases_and_examples/nQueensDomainDiagram.png
core-plot/core-plot,2754.0,http://github.com/core-plot/core-plot/,1,0,0,0,1,0,0,0,0,https://www.github.com/core-plot/core-plot/tree/master/documentation/images/ClassDiagram.png
saki4510t/UVCCamera,2673.0,http://github.com/saki4510t/UVCCamera/,1,0,0,0,1,0,0,0,0,https://www.github.com/saki4510t/UVCCamera/tree/master/libuvccamera/src/main/jni/rapidjson/doc/diagram/iterative-parser-states-diagram.png
qos-ch/logback,2669.0,http://github.com/qos-ch/logback/,2,1,0,0,0,0,0,1,0,https://www.github.com/qos-ch/logback/tree/master/logback-site/src/site/resources/manual/images/chapters/appenders/appenderClassDiagram.jpg
qos-ch/logback,2669.0,http://github.com/qos-ch/logback/,2,1,0,0,0,0,0,1,0,https://www.github.com/qos-ch/logback/tree/master/logback-site/src/site/resources/manual/images/chapters/appenders/appender.uml
simple-android-framework/android_design_patterns_analysis,2651.0,http://github.com/simple-android-framework/android_design_patterns_analysis/,11,0,0,0,11,0,0,0,0,https://www.github.com/simple-android-framework/android_design_patterns_analysis/tree/master/builder/mr.simple/images/builder-uml.png
simple-android-framework/android_design_patterns_analysis,2651.0,http://github.com/simple-android-framework/android_design_patterns_analysis/,11,0,0,0,11,0,0,0,0,https://www.github.com/simple-android-framework/android_design_patterns_analysis/tree/master/command/lijunhuayc/images/lijunhuayc_uml.png
simple-android-framework/android_design_patterns_analysis,2651.0,http://github.com/simple-android-framework/android_design_patterns_analysis/,11,0,0,0,11,0,0,0,0,https://www.github.com/simple-android-framework/android_design_patterns_analysis/tree/master/iterator/haoxiqiang/images/Iterator_UML_class_diagram.svg.png
simple-android-framework/android_design_patterns_analysis,2651.0,http://github.com/simple-android-framework/android_design_patterns_analysis/,11,0,0,0,11,0,0,0,0,https://www.github.com/simple-android-framework/android_design_patterns_analysis/tree/master/prototype/mr.simple/images/prototype-uml.png
simple-android-framework/android_design_patterns_analysis,2651.0,http://github.com/simple-android-framework/android_design_patterns_analysis/,11,0,0,0,11,0,0,0,0,https://www.github.com/simple-android-framework/android_design_patterns_analysis/tree/master/proxy/singwhatiwanna/images/proxy-uml.png
simple-android-framework/android_design_patterns_analysis,2651.0,http://github.com/simple-android-framework/android_design_patterns_analysis/,11,0,0,0,11,0,0,0,0,https://www.github.com/simple-android-framework/android_design_patterns_analysis/tree/master/strategy/gkerison/images/strategy-kerison-uml-android-animation-matrix.png
simple-android-framework/android_design_patterns_analysis,2651.0,http://github.com/simple-android-framework/android_design_patterns_analysis/,11,0,0,0,11,0,0,0,0,https://www.github.com/simple-android-framework/android_design_patterns_analysis/tree/master/strategy/gkerison/images/strategy-kerison-uml-android-animation.png
simple-android-framework/android_design_patterns_analysis,2651.0,http://github.com/simple-android-framework/android_design_patterns_analysis/,11,0,0,0,11,0,0,0,0,https://www.github.com/simple-android-framework/android_design_patterns_analysis/tree/master/strategy/gkerison/images/strategy-kerison-uml-android-interpolator.png
simple-android-framework/android_design_patterns_analysis,2651.0,http://github.com/simple-android-framework/android_design_patterns_analysis/,11,0,0,0,11,0,0,0,0,https://www.github.com/simple-android-framework/android_design_patterns_analysis/tree/master/strategy/gkerison/images/strategy-kerison-uml-android.png
simple-android-framework/android_design_patterns_analysis,2651.0,http://github.com/simple-android-framework/android_design_patterns_analysis/,11,0,0,0,11,0,0,0,0,https://www.github.com/simple-android-framework/android_design_patterns_analysis/tree/master/strategy/gkerison/images/strategy-kerison-uml-calc.png
simple-android-framework/android_design_patterns_analysis,2651.0,http://github.com/simple-android-framework/android_design_patterns_analysis/,11,0,0,0,11,0,0,0,0,https://www.github.com/simple-android-framework/android_design_patterns_analysis/tree/master/strategy/gkerison/images/strategy-kerison-uml.png
textlint/textlint,2551.0,http://github.com/textlint/textlint/,1,0,0,0,1,0,0,0,0,https://www.github.com/textlint/textlint/tree/master/docs/resources/architecture.png
imfly/bitcoin-on-nodejs,2482.0,http://github.com/imfly/bitcoin-on-nodejs/,1,0,0,0,1,0,0,0,0,https://www.github.com/imfly/bitcoin-on-nodejs/tree/master/styles/images/5/appjs-uml.png
spring-projects/spring-batch,2342.0,http://github.com/spring-projects/spring-batch/,10,0,0,0,0,0,0,6,4,https://www.github.com/spring-projects/spring-batch/tree/master/src/models/domain-chunk-view-classdiagram.gif
spring-projects/spring-batch,2342.0,http://github.com/spring-projects/spring-batch/,10,0,0,0,0,0,0,6,4,https://www.github.com/spring-projects/spring-batch/tree/master/src/models/domain-classdiagram.gif
spring-projects/spring-batch,2342.0,http://github.com/spring-projects/spring-batch/,10,0,0,0,0,0,0,6,4,https://www.github.com/spring-projects/spring-batch/tree/master/src/models/repository-classdiagram.gif
spring-projects/spring-batch,2342.0,http://github.com/spring-projects/spring-batch/,10,0,0,0,0,0,0,6,4,https://www.github.com/spring-projects/spring-batch/tree/master/src/site/docbook/reference/images/domain-classdiagram.jpg
spring-projects/spring-batch,2342.0,http://github.com/spring-projects/spring-batch/,10,0,0,0,0,0,0,6,4,https://www.github.com/spring-projects/spring-batch/tree/master/src/site/docbook/reference/images/flat-file-input-source-design.gif
spring-projects/spring-batch,2342.0,http://github.com/spring-projects/spring-batch/,10,0,0,0,0,0,0,6,4,https://www.github.com/spring-projects/spring-batch/tree/master/src/site/docbook/reference/images/flat-file-input-source-design.jpg
spring-projects/spring-batch,2342.0,http://github.com/spring-projects/spring-batch/,10,0,0,0,0,0,0,6,4,https://www.github.com/spring-projects/spring-batch/tree/master/src/site/docbook/reference/images/flatfile-input-source-diagram.jpg
spring-projects/spring-batch,2342.0,http://github.com/spring-projects/spring-batch/,10,0,0,0,0,0,0,6,4,https://www.github.com/spring-projects/spring-batch/tree/master/src/site/docbook/reference/images/io-design.jpg
spring-projects/spring-batch,2342.0,http://github.com/spring-projects/spring-batch/,10,0,0,0,0,0,0,6,4,https://www.github.com/spring-projects/spring-batch/tree/master/src/site/docbook/reference/images/item-reader-design.jpg
spring-projects/spring-batch,2342.0,http://github.com/spring-projects/spring-batch/,10,0,0,0,0,0,0,6,4,https://www.github.com/spring-projects/spring-batch/tree/master/src/site/docbook/reference/images/repository-classdiagram.jpg
h2oai/h2o-2,2223.0,http://github.com/h2oai/h2o-2/,1,1,0,0,0,0,0,0,0,https://www.github.com/h2oai/h2o-2/tree/master/docs/uml/run_glm_from_r.uml
webpack/react-starter,2221.0,http://github.com/webpack/react-starter/,1,0,0,0,1,0,0,0,0,https://www.github.com/webpack/react-starter/tree/master/NOTES/importsDiagram.png
xamarin/monodroid-samples,2194.0,http://github.com/xamarin/monodroid-samples/,1,0,0,0,1,0,0,0,0,https://www.github.com/xamarin/monodroid-samples/tree/master/PlatformFeatures/SimpleContentProvider/ClassDiagram1.png
apache/incubator-geode,2190.0,http://github.com/apache/incubator-geode/,2,0,0,0,1,0,0,0,1,https://www.github.com/apache/incubator-geode/tree/master/gemfire-core/src/main/java/com/gemstone/gemfire/cache/client/internal/doc-files/client_static_diagram.png
apache/incubator-geode,2190.0,http://github.com/apache/incubator-geode/,2,0,0,0,1,0,0,0,1,https://www.github.com/apache/incubator-geode/tree/master/gemfire-core/src/main/java/com/gemstone/gemfire/cache/doc-files/architecture.gif
linkedin/gobblin,2121.0,http://github.com/linkedin/gobblin/,1,0,0,0,1,0,0,0,0,https://www.github.com/linkedin/gobblin/tree/master/gobblin-docs/img/Gobblin-Metrics-Architecture.png
kermitt2/grobid,2060.0,http://github.com/kermitt2/grobid/,2,0,0,0,2,0,0,0,0,https://www.github.com/kermitt2/grobid/tree/master/grobid-core/doc/Annotations/ActivityDiagram.png
kermitt2/grobid,2060.0,http://github.com/kermitt2/grobid/,2,0,0,0,2,0,0,0,0,https://www.github.com/kermitt2/grobid/tree/master/grobid-core/doc/Annotations/ClassDiagram.png
wakaleo/game-of-life,1967.0,http://github.com/wakaleo/game-of-life/,1,0,0,0,0,0,0,0,1,https://www.github.com/wakaleo/game-of-life/tree/master/gameoflife-web/tools/jmeter/docs/images/screenshots/class_diagram.gif
unconed/MathBox.js,1935.0,http://github.com/unconed/MathBox.js/,1,0,0,0,1,0,0,0,0,https://www.github.com/unconed/MathBox.js/tree/master/resources/architecture.png
nodejs/node-convergence-archive,1852.0,http://github.com/nodejs/node-convergence-archive/,1,0,0,0,1,0,0,0,0,https://www.github.com/nodejs/node-convergence-archive/tree/master/deps/uv/docs/src/static/architecture.png
lsegal/yard,1843.0,http://github.com/lsegal/yard/,3,0,0,0,3,0,0,0,0,https://www.github.com/lsegal/yard/tree/master/docs/images/overview-class-diagram.png
lsegal/yard,1843.0,http://github.com/lsegal/yard/,3,0,0,0,3,0,0,0,0,https://www.github.com/lsegal/yard/tree/master/docs/images/parser-class-diagram.png
lsegal/yard,1843.0,http://github.com/lsegal/yard/,3,0,0,0,3,0,0,0,0,https://www.github.com/lsegal/yard/tree/master/docs/images/tags-class-diagram.png
asciidocfx/AsciidocFX,1716.0,http://github.com/asciidocfx/AsciidocFX/,3,0,0,0,3,0,0,0,0,https://www.github.com/asciidocfx/AsciidocFX/tree/master/conf/booksample/images/uml-diagram.png
asciidocfx/AsciidocFX,1716.0,http://github.com/asciidocfx/AsciidocFX/,3,0,0,0,3,0,0,0,0,https://www.github.com/asciidocfx/AsciidocFX/tree/master/conf/cheatsheet/images/uml-diagram.png
asciidocfx/AsciidocFX,1716.0,http://github.com/asciidocfx/AsciidocFX/,3,0,0,0,3,0,0,0,0,https://www.github.com/asciidocfx/AsciidocFX/tree/master/images/uml-example.png
clinical-meteor/cookbook,1675.0,http://github.com/clinical-meteor/cookbook/,1,0,0,0,1,0,0,0,0,https://www.github.com/clinical-meteor/cookbook/tree/master/images/MeteorMicroserviceArchitecture.png
LibrePCB/LibrePCB,1645.0,http://github.com/LibrePCB/LibrePCB/,4,0,0,4,0,0,0,0,0,https://www.github.com/LibrePCB/LibrePCB/tree/master/dev/diagrams/svg/classdiagram_common.svg
LibrePCB/LibrePCB,1645.0,http://github.com/LibrePCB/LibrePCB/,4,0,0,4,0,0,0,0,0,https://www.github.com/LibrePCB/LibrePCB/tree/master/dev/diagrams/svg/classdiagram_library_editor.svg
LibrePCB/LibrePCB,1645.0,http://github.com/LibrePCB/LibrePCB/,4,0,0,4,0,0,0,0,0,https://www.github.com/LibrePCB/LibrePCB/tree/master/dev/diagrams/svg/classdiagram_overview.svg
LibrePCB/LibrePCB,1645.0,http://github.com/LibrePCB/LibrePCB/,4,0,0,4,0,0,0,0,0,https://www.github.com/LibrePCB/LibrePCB/tree/master/dev/diagrams/svg/classdiagram_project.svg
apache/poi,1599.0,http://github.com/apache/poi/,1,0,1,0,0,0,0,0,0,https://www.github.com/apache/poi/tree/trunk/src/models/poi.xmi
OctoMap/octomap,1588.0,http://github.com/OctoMap/octomap/,1,0,0,0,1,0,0,0,0,https://www.github.com/OctoMap/octomap/tree/master/octomap/share/images/uml_overview.png
auchenberg/chrome-devtools-app,1564.0,http://github.com/auchenberg/chrome-devtools-app/,1,0,0,0,1,0,0,0,0,https://www.github.com/auchenberg/chrome-devtools-app/tree/master/app/devtools/front_end/Images/responsiveDesign_2x.png
eProsima/Fast-RTPS,1528.0,http://github.com/eProsima/Fast-RTPS/,2,0,0,0,2,0,0,0,0,https://www.github.com/eProsima/Fast-RTPS/tree/master/utils/doxygen/pages/general_architecture.png
eProsima/Fast-RTPS,1528.0,http://github.com/eProsima/Fast-RTPS/,2,0,0,0,2,0,0,0,0,https://www.github.com/eProsima/Fast-RTPS/tree/master/utils/doxygen/pages/general_architecture_old.png
pjsip/pjproject,1474.0,http://github.com/pjsip/pjproject/,1,0,0,0,1,0,0,0,0,https://www.github.com/pjsip/pjproject/tree/master/pjnath/docs/UML-class-diagram.png
dtmilano/AndroidViewClient,1404.0,http://github.com/dtmilano/AndroidViewClient/,7,0,0,0,0,0,0,0,7,https://www.github.com/dtmilano/AndroidViewClient/tree/master/doc/uml_class_diagram_for_com_dtmi.gif
dtmilano/AndroidViewClient,1404.0,http://github.com/dtmilano/AndroidViewClient/,7,0,0,0,0,0,0,0,7,https://www.github.com/dtmilano/AndroidViewClient/tree/master/doc/uml_class_diagram_for_com_dtmi_2.gif
dtmilano/AndroidViewClient,1404.0,http://github.com/dtmilano/AndroidViewClient/,7,0,0,0,0,0,0,0,7,https://www.github.com/dtmilano/AndroidViewClient/tree/master/doc/uml_class_diagram_for_com_dtmi_3.gif
dtmilano/AndroidViewClient,1404.0,http://github.com/dtmilano/AndroidViewClient/,7,0,0,0,0,0,0,0,7,https://www.github.com/dtmilano/AndroidViewClient/tree/master/doc/uml_class_diagram_for_com_dtmi_4.gif
dtmilano/AndroidViewClient,1404.0,http://github.com/dtmilano/AndroidViewClient/,7,0,0,0,0,0,0,0,7,https://www.github.com/dtmilano/AndroidViewClient/tree/master/doc/uml_class_diagram_for_src_com_.gif
dtmilano/AndroidViewClient,1404.0,http://github.com/dtmilano/AndroidViewClient/,7,0,0,0,0,0,0,0,7,https://www.github.com/dtmilano/AndroidViewClient/tree/master/doc/uml_class_diagram_for_src_com__2.gif
dtmilano/AndroidViewClient,1404.0,http://github.com/dtmilano/AndroidViewClient/,7,0,0,0,0,0,0,0,7,https://www.github.com/dtmilano/AndroidViewClient/tree/master/doc/uml_class_diagram_for_src_com__3.gif
DynamoDS/Dynamo,1376.0,http://github.com/DynamoDS/Dynamo/,1,1,0,0,0,0,0,0,0,https://www.github.com/DynamoDS/Dynamo/tree/master/src/Resources/ProtoGeometry/LargeIcons/Autodesk.DesignScript.Geometry.Su0810.uml
unknown-horizons/unknown-horizons,1352.0,http://github.com/unknown-horizons/unknown-horizons/,1,0,0,0,1,0,0,0,0,https://www.github.com/unknown-horizons/unknown-horizons/tree/master/development/uml/components_design.png
David-Desmaisons/MVVM.CEF.Glue,1325.0,http://github.com/David-Desmaisons/MVVM.CEF.Glue/,1,1,0,0,0,0,0,0,0,https://www.github.com/David-Desmaisons/MVVM.CEF.Glue/tree/master/Documentation/ModelDefinition/ModelingProject1.uml
synrc/n2o,1318.0,http://github.com/synrc/n2o/,1,1,0,0,0,0,0,0,0,https://www.github.com/synrc/n2o/tree/master/doc/images/page-lifetime.uml
henryyan/activiti-in-action-codes,1171.0,http://github.com/henryyan/activiti-in-action-codes/,1,1,0,0,0,0,0,0,0,https://www.github.com/henryyan/activiti-in-action-codes/tree/master/umls/query.uml
rsms/gotalk,1166.0,http://github.com/rsms/gotalk/,1,0,0,0,1,0,0,0,0,https://www.github.com/rsms/gotalk/tree/master/doc/gotalk-pipeline-diagram.png
cpvrlab/ImagePlay,1144.0,http://github.com/cpvrlab/ImagePlay/,1,1,0,0,0,0,0,0,0,https://www.github.com/cpvrlab/ImagePlay/tree/master/ImagePlay/doc/UML.uml
objectcomputing/OpenDDS,1105.0,http://github.com/objectcomputing/OpenDDS/,9,2,3,0,4,0,0,0,0,https://www.github.com/objectcomputing/OpenDDS/tree/master/tools/modeling/plugins/org.opendds.modeling.help/html/modeling/images/diagram_compartments_cluttered.png
objectcomputing/OpenDDS,1105.0,http://github.com/objectcomputing/OpenDDS/,9,2,3,0,4,0,0,0,0,https://www.github.com/objectcomputing/OpenDDS/tree/master/tools/modeling/plugins/org.opendds.modeling.help/html/modeling/images/diagram_compartments_uncluttered.png
objectcomputing/OpenDDS,1105.0,http://github.com/objectcomputing/OpenDDS/,9,2,3,0,4,0,0,0,0,https://www.github.com/objectcomputing/OpenDDS/tree/master/tools/modeling/plugins/org.opendds.modeling.help/html/modeling/images/main_diagram_packages.png
objectcomputing/OpenDDS,1105.0,http://github.com/objectcomputing/OpenDDS/,9,2,3,0,4,0,0,0,0,https://www.github.com/objectcomputing/OpenDDS/tree/master/tools/modeling/testdata/MainDiagramTest_screenshot.png
objectcomputing/OpenDDS,1105.0,http://github.com/objectcomputing/OpenDDS/,9,2,3,0,4,0,0,0,0,https://www.github.com/objectcomputing/OpenDDS/tree/master/docs/design/UML/DDS_new_transport.uml
objectcomputing/OpenDDS,1105.0,http://github.com/objectcomputing/OpenDDS/,9,2,3,0,4,0,0,0,0,https://www.github.com/objectcomputing/OpenDDS/tree/master/docs/design/UML/history/DDS.uml
objectcomputing/OpenDDS,1105.0,http://github.com/objectcomputing/OpenDDS/,9,2,3,0,4,0,0,0,0,https://www.github.com/objectcomputing/OpenDDS/tree/master/docs/design/UML/history/DDS.xmi
objectcomputing/OpenDDS,1105.0,http://github.com/objectcomputing/OpenDDS/,9,2,3,0,4,0,0,0,0,https://www.github.com/objectcomputing/OpenDDS/tree/master/tools/modeling/docs/08-06-19.xmi
objectcomputing/OpenDDS,1105.0,http://github.com/objectcomputing/OpenDDS/,9,2,3,0,4,0,0,0,0,https://www.github.com/objectcomputing/OpenDDS/tree/master/tools/modeling/docs/08-06-20.xmi
enthought/mayavi,1104.0,http://github.com/enthought/mayavi/,2,0,1,0,1,0,0,0,0,https://www.github.com/enthought/mayavi/tree/master/docs/source/mayavi/images/design2b.png
enthought/mayavi,1104.0,http://github.com/enthought/mayavi/,2,0,1,0,1,0,0,0,0,https://www.github.com/enthought/mayavi/tree/master/docs/source/mayavi/images/core-class.xmi
godlikepanos/anki-3d-engine,1062.0,http://github.com/godlikepanos/anki-3d-engine/,2,0,2,0,0,0,0,0,0,https://www.github.com/godlikepanos/anki-3d-engine/tree/master/docs/drafts/scene.xmi
godlikepanos/anki-3d-engine,1062.0,http://github.com/godlikepanos/anki-3d-engine/,2,0,2,0,0,0,0,0,0,https://www.github.com/godlikepanos/anki-3d-engine/tree/master/docs/drafts/scene2.xmi
GIScience/openrouteservice,1029.0,http://github.com/GIScience/openrouteservice/,2,1,0,0,0,0,0,1,0,https://www.github.com/GIScience/openrouteservice/tree/master/documentation/ORS_classDiagram.jpg
GIScience/openrouteservice,1029.0,http://github.com/GIScience/openrouteservice/,2,1,0,0,0,0,0,1,0,https://www.github.com/GIScience/openrouteservice/tree/master/documentation/ORS_classDiagram.uml
GIScience/openrouteservice-core,1029.0,http://github.com/GIScience/openrouteservice-core/,2,1,0,0,0,0,0,1,0,https://www.github.com/GIScience/openrouteservice-core/tree/master/documentation/ORS_classDiagram.jpg
GIScience/openrouteservice-core,1029.0,http://github.com/GIScience/openrouteservice-core/,2,1,0,0,0,0,0,1,0,https://www.github.com/GIScience/openrouteservice-core/tree/master/documentation/ORS_classDiagram.uml
sipsorcery/sipsorcery,1023.0,http://github.com/sipsorcery/sipsorcery/,1,0,0,0,1,0,0,0,0,https://www.github.com/sipsorcery/sipsorcery/tree/master/Design/Modelling/SIPSorcery-RegistrationAgent-StateDiagram.png
SonarSource/sonar-java,1001.0,http://github.com/SonarSource/sonar-java/,2,0,0,0,0,0,0,0,2,https://www.github.com/SonarSource/sonar-java/tree/master/its/plugin/projects/struts-1.3.9-lite/taglib/src/main/java/org/apache/struts/taglib/nested/doc-files/nestedUML.gif
SonarSource/sonar-java,1001.0,http://github.com/SonarSource/sonar-java/,2,0,0,0,0,0,0,0,2,https://www.github.com/SonarSource/sonar-java/tree/master/its/plugin/projects/struts-1.3.9-lite/tiles/src/main/java/org/apache/struts/tiles/taglib/doc-files/tilesUML.gif
boost-experimental/di,998.0,http://github.com/boost-experimental/di/,6,4,0,0,2,0,0,0,0,https://www.github.com/boost-experimental/di/tree/cpp14/doc/images/coffee_maker_uml.png
boost-experimental/di,998.0,http://github.com/boost-experimental/di/,6,4,0,0,2,0,0,0,0,https://www.github.com/boost-experimental/di/tree/cpp14/doc/images/uml_dumper.png
boost-experimental/di,998.0,http://github.com/boost-experimental/di/,6,4,0,0,2,0,0,0,0,https://www.github.com/boost-experimental/di/tree/cpp14/doc/uml/coffee_maker.uml
boost-experimental/di,998.0,http://github.com/boost-experimental/di/,6,4,0,0,2,0,0,0,0,https://www.github.com/boost-experimental/di/tree/cpp14/doc/uml/di.uml
boost-experimental/di,998.0,http://github.com/boost-experimental/di/,6,4,0,0,2,0,0,0,0,https://www.github.com/boost-experimental/di/tree/master/doc/uml/coffee_maker.uml
boost-experimental/di,998.0,http://github.com/boost-experimental/di/,6,4,0,0,2,0,0,0,0,https://www.github.com/boost-experimental/di/tree/master/doc/uml/di.uml
apache/usergrid,995.0,http://github.com/apache/usergrid/,5,0,0,0,0,0,0,5,0,https://www.github.com/apache/usergrid/tree/master/stack/core/src/main/java/org/apache/usergrid/corepersistence/pipeline/PipelineDiagram.jpg
apache/usergrid,995.0,http://github.com/apache/usergrid/,5,0,0,0,0,0,0,5,0,https://www.github.com/apache/usergrid/tree/master/stack/core/src/main/java/org/apache/usergrid/corepersistence/pipeline/cursor/CursorDiagram.jpg
apache/usergrid,995.0,http://github.com/apache/usergrid/,5,0,0,0,0,0,0,5,0,https://www.github.com/apache/usergrid/tree/master/stack/core/src/main/java/org/apache/usergrid/corepersistence/pipeline/read/ReadDiagram.jpg
apache/usergrid,995.0,http://github.com/apache/usergrid/,5,0,0,0,0,0,0,5,0,https://www.github.com/apache/usergrid/tree/master/stack/core/src/main/java/org/apache/usergrid/corepersistence/pipeline/read/collect/CollectDiagram.jpg
apache/usergrid,995.0,http://github.com/apache/usergrid/,5,0,0,0,0,0,0,5,0,https://www.github.com/apache/usergrid/tree/master/stack/core/src/main/java/org/apache/usergrid/corepersistence/pipeline/read/traverse/GraphDiagram.jpg
dnnsoftware/Dnn.Platform,935.0,http://github.com/dnnsoftware/Dnn.Platform/,1,0,0,0,1,0,0,0,0,https://www.github.com/dnnsoftware/Dnn.Platform/tree/master/Documentation/Resources/Images/EvoqContent/MobileDevicesSupport/CreateMobileDiagram.png
lviggiano/owner,889.0,http://github.com/lviggiano/owner/,3,3,0,0,0,0,0,0,0,https://www.github.com/lviggiano/owner/tree/master/owner-site/docs/uml/config-hierarchy.uml
lviggiano/owner,889.0,http://github.com/lviggiano/owner/,3,3,0,0,0,0,0,0,0,https://www.github.com/lviggiano/owner/tree/master/owner-site/docs/uml/propertychange-event.uml
lviggiano/owner,889.0,http://github.com/lviggiano/owner/,3,3,0,0,0,0,0,0,0,https://www.github.com/lviggiano/owner/tree/master/owner-site/docs/uml/reload-event.uml
ElmerCSC/elmerfem,881.0,http://github.com/ElmerCSC/elmerfem/,1,0,1,0,0,0,0,0,0,https://www.github.com/ElmerCSC/elmerfem/tree/master/misc/netcdf/doc/GridDataMapper.xmi
apache/activemq-artemis,850.0,http://github.com/apache/activemq-artemis/,1,0,0,0,0,0,0,1,0,https://www.github.com/apache/activemq-artemis/tree/master/docs/user-manual/en/images/architecture1.jpg
djeedjay/DebugViewPP,821.0,http://github.com/djeedjay/DebugViewPP/,2,1,0,0,1,0,0,0,0,https://www.github.com/djeedjay/DebugViewPP/tree/master/art/ClassDiagram.png
djeedjay/DebugViewPP,821.0,http://github.com/djeedjay/DebugViewPP/,2,1,0,0,1,0,0,0,0,https://www.github.com/djeedjay/DebugViewPP/tree/master/art/StarUml class diagram.uml
javalite/activejdbc,819.0,http://github.com/javalite/activejdbc/,1,0,0,0,1,0,0,0,0,https://www.github.com/javalite/activejdbc/tree/master/doc/inheritance_umlet_class_diagram.png
spring-projects/spring-net,801.0,http://github.com/spring-projects/spring-net/,2,0,0,0,1,0,0,0,1,https://www.github.com/spring-projects/spring-net/tree/master/doc/reference/src/images/Migration_App_UML_Diagram.png
spring-projects/spring-net,801.0,http://github.com/spring-projects/spring-net/,2,0,0,0,1,0,0,0,1,https://www.github.com/spring-projects/spring-net/tree/master/doc/reference/src/images/aop-uml.gif
lcm-proj/lcm,800.0,http://github.com/lcm-proj/lcm/,1,0,0,0,1,0,0,0,0,https://www.github.com/lcm-proj/lcm/tree/master/lcm-java/jchart2d-code/doc/img/architecture.png
rbei-etas/busmaster,797.0,http://github.com/rbei-etas/busmaster/,1,0,0,0,1,0,0,0,0,https://www.github.com/rbei-etas/busmaster/tree/master/Documents/2 Requirement Specification/images/umls/id_dil_components_diagram.png
jenetics/jenetics,768.0,http://github.com/jenetics/jenetics/,1,0,0,1,0,0,0,0,0,https://www.github.com/jenetics/jenetics/tree/master/org.jenetics/src/main/java/org/jenetics/doc-files/StructureClassDiagram.svg
IQSS/dataverse,759.0,http://github.com/IQSS/dataverse/,11,11,0,0,0,0,0,0,0,https://www.github.com/IQSS/dataverse/tree/master/doc/Architecture/auth-classes.uml
IQSS/dataverse,759.0,http://github.com/IQSS/dataverse/,11,11,0,0,0,0,0,0,0,https://www.github.com/IQSS/dataverse/tree/master/doc/Architecture/components.uml
IQSS/dataverse,759.0,http://github.com/IQSS/dataverse/,11,11,0,0,0,0,0,0,0,https://www.github.com/IQSS/dataverse/tree/master/doc/Architecture/dataflow.uml
IQSS/dataverse,759.0,http://github.com/IQSS/dataverse/,11,11,0,0,0,0,0,0,0,https://www.github.com/IQSS/dataverse/tree/master/doc/Architecture/DataverseModel-agreed.uml
IQSS/dataverse,759.0,http://github.com/IQSS/dataverse/,11,11,0,0,0,0,0,0,0,https://www.github.com/IQSS/dataverse/tree/master/doc/Architecture/DataverseModel-current.uml
IQSS/dataverse,759.0,http://github.com/IQSS/dataverse/,11,11,0,0,0,0,0,0,0,https://www.github.com/IQSS/dataverse/tree/master/doc/Architecture/DataverseModel-uni1.uml
IQSS/dataverse,759.0,http://github.com/IQSS/dataverse/,11,11,0,0,0,0,0,0,0,https://www.github.com/IQSS/dataverse/tree/master/doc/Architecture/DataverseModel-uni2.uml
IQSS/dataverse,759.0,http://github.com/IQSS/dataverse/,11,11,0,0,0,0,0,0,0,https://www.github.com/IQSS/dataverse/tree/master/doc/Architecture/loadGroups.uml
IQSS/dataverse,759.0,http://github.com/IQSS/dataverse/,11,11,0,0,0,0,0,0,0,https://www.github.com/IQSS/dataverse/tree/master/doc/Architecture/request.uml
IQSS/dataverse,759.0,http://github.com/IQSS/dataverse/,11,11,0,0,0,0,0,0,0,https://www.github.com/IQSS/dataverse/tree/master/doc/Architecture/userLogin.uml
IQSS/dataverse,759.0,http://github.com/IQSS/dataverse/,11,11,0,0,0,0,0,0,0,https://www.github.com/IQSS/dataverse/tree/master/doc/Architecture/UsersAndGroups.uml
apache/isis,756.0,http://github.com/apache/isis/,10,0,0,0,10,0,0,0,0,https://www.github.com/apache/isis/tree/master/adocs/documentation/src/main/asciidoc/guides/images/reference-services-spi/PublishingService/yuml.me-23db58a4.png
apache/isis,756.0,http://github.com/apache/isis/,10,0,0,0,10,0,0,0,0,https://www.github.com/apache/isis/tree/master/mothballed/docbkx/core/applib/src/docbkx/guide/images/architecture-perspective.png
apache/isis,756.0,http://github.com/apache/isis/,10,0,0,0,10,0,0,0,0,https://www.github.com/apache/isis/tree/master/mothballed/docbkx/core/src/docbkx/guide/images/common/architecture-perspective.png
apache/isis,756.0,http://github.com/apache/isis/,10,0,0,0,10,0,0,0,0,https://www.github.com/apache/isis/tree/master/mothballed/docbkx/core/src/docbkx/guide/images/common/encoding-classdiagram.png
apache/isis,756.0,http://github.com/apache/isis/,10,0,0,0,10,0,0,0,0,https://www.github.com/apache/isis/tree/master/mothballed/docbkx/core/src/docbkx/guide/images/metamodel/architecture-diagram-top-level-with-specloader-expanded.png
apache/isis,756.0,http://github.com/apache/isis/,10,0,0,0,10,0,0,0,0,https://www.github.com/apache/isis/tree/master/mothballed/docbkx/core/src/docbkx/guide/images/metamodel/composition-diagram-top-level.png
apache/isis,756.0,http://github.com/apache/isis/,10,0,0,0,10,0,0,0,0,https://www.github.com/apache/isis/tree/master/mothballed/docbkx/core/src/docbkx/guide/images/progmodel/architecture-diagram.png
apache/isis,756.0,http://github.com/apache/isis/,10,0,0,0,10,0,0,0,0,https://www.github.com/apache/isis/tree/master/mothballed/docbkx/core/src/docbkx/guide/images/progmodel/composition-diagram-facets-package.png
apache/isis,756.0,http://github.com/apache/isis/,10,0,0,0,10,0,0,0,0,https://www.github.com/apache/isis/tree/master/mothballed/docbkx/core/src/docbkx/guide/images/runtime/architecture-diagram.png
apache/isis,756.0,http://github.com/apache/isis/,10,0,0,0,10,0,0,0,0,https://www.github.com/apache/isis/tree/master/mothballed/docbkx/core/src/docbkx/guide/images/webapp/architecture-diagram.png
elabftw/elabftw,734.0,http://github.com/elabftw/elabftw/,2,0,0,0,2,0,0,0,0,https://www.github.com/elabftw/elabftw/tree/master/vendor/phpdocumentor/phpdocumentor/src/phpDocumentor/Plugin/Scrybe/docs/internals/images/TableOfContents_Class_Diagram.png
elabftw/elabftw,734.0,http://github.com/elabftw/elabftw/,2,0,0,0,2,0,0,0,0,https://www.github.com/elabftw/elabftw/tree/master/vendor/zetacomponents/base/design/class_diagram.png
csgillespie/efficientR,696.0,http://github.com/csgillespie/efficientR/,1,0,0,0,1,0,0,0,0,https://www.github.com/csgillespie/efficientR/tree/master/figures/DiagrammeR-gantt-book.png
schubergphilis/Seccubus_v2,680.0,http://github.com/schubergphilis/Seccubus_v2/,1,1,0,0,0,0,0,0,0,https://www.github.com/schubergphilis/Seccubus_v2/tree/master/docs/GUI/umlSeccubusGUI.uml
ampas/aces-dev,677.0,http://github.com/ampas/aces-dev/,1,0,0,0,1,0,0,0,0,https://www.github.com/ampas/aces-dev/tree/master/documents/LaTeX/TB-2014-002/images/engineeringBlockDiagram.png
apache/wicket,674.0,http://github.com/apache/wicket/,4,0,0,0,2,0,0,2,0,https://www.github.com/apache/wicket/tree/master/wicket-user-guide/src/docs/img/mywebapp-class-diagramm.jpg
apache/wicket,674.0,http://github.com/apache/wicket/,4,0,0,0,2,0,0,2,0,https://www.github.com/apache/wicket/tree/master/wicket-user-guide/src/docs/img/uml-form-component.png
apache/wicket,674.0,http://github.com/apache/wicket/,4,0,0,0,2,0,0,2,0,https://www.github.com/apache/wicket/tree/master/wicket-user-guide/src/docs/imgOrigin/mywebapp-class-diagramm.jpg
apache/wicket,674.0,http://github.com/apache/wicket/,4,0,0,0,2,0,0,2,0,https://www.github.com/apache/wicket/tree/master/wicket-user-guide/src/docs/imgOrigin/uml-form-component.png
apple/swift-clang,673.0,http://github.com/apple/swift-clang/,1,0,0,0,1,0,0,0,0,https://www.github.com/apple/swift-clang/tree/stable/docs/DriverArchitecture.png
apple/swift-lldb,671.0,http://github.com/apple/swift-lldb/,64,0,0,0,0,0,0,0,64,https://www.github.com/apple/swift-lldb/tree/master/www/python_reference/uml_class_diagram_for_lldb_dec.gif
apple/swift-lldb,671.0,http://github.com/apple/swift-lldb/,64,0,0,0,0,0,0,0,64,https://www.github.com/apple/swift-lldb/tree/master/www/python_reference/uml_class_diagram_for_lldb_emb.gif
apple/swift-lldb,671.0,http://github.com/apple/swift-lldb/,64,0,0,0,0,0,0,0,64,https://www.github.com/apple/swift-lldb/tree/master/www/python_reference/uml_class_diagram_for_lldb_sba.gif
apple/swift-lldb,671.0,http://github.com/apple/swift-lldb/,64,0,0,0,0,0,0,0,64,https://www.github.com/apple/swift-lldb/tree/master/www/python_reference/uml_class_diagram_for_lldb_sba_2.gif
apple/swift-lldb,671.0,http://github.com/apple/swift-lldb/,64,0,0,0,0,0,0,0,64,https://www.github.com/apple/swift-lldb/tree/master/www/python_reference/uml_class_diagram_for_lldb_sbb.gif
apple/swift-lldb,671.0,http://github.com/apple/swift-lldb/,64,0,0,0,0,0,0,0,64,https://www.github.com/apple/swift-lldb/tree/master/www/python_reference/uml_class_diagram_for_lldb_sbb_2.gif
apple/swift-lldb,671.0,http://github.com/apple/swift-lldb/,64,0,0,0,0,0,0,0,64,https://www.github.com/apple/swift-lldb/tree/master/www/python_reference/uml_class_diagram_for_lldb_sbb_3.gif
apple/swift-lldb,671.0,http://github.com/apple/swift-lldb/,64,0,0,0,0,0,0,0,64,https://www.github.com/apple/swift-lldb/tree/master/www/python_reference/uml_class_diagram_for_lldb_sbb_4.gif
apple/swift-lldb,671.0,http://github.com/apple/swift-lldb/,64,0,0,0,0,0,0,0,64,https://www.github.com/apple/swift-lldb/tree/master/www/python_reference/uml_class_diagram_for_lldb_sbb_5.gif
apple/swift-lldb,671.0,http://github.com/apple/swift-lldb/,64,0,0,0,0,0,0,0,64,https://www.github.com/apple/swift-lldb/tree/master/www/python_reference/uml_class_diagram_for_lldb_sbc.gif
apple/swift-lldb,671.0,http://github.com/apple/swift-lldb/,64,0,0,0,0,0,0,0,64,https://www.github.com/apple/swift-lldb/tree/master/www/python_reference/uml_class_diagram_for_lldb_sbc_2.gif
apple/swift-lldb,671.0,http://github.com/apple/swift-lldb/,64,0,0,0,0,0,0,0,64,https://www.github.com/apple/swift-lldb/tree/master/www/python_reference/uml_class_diagram_for_lldb_sbc_3.gif
apple/swift-lldb,671.0,http://github.com/apple/swift-lldb/,64,0,0,0,0,0,0,0,64,https://www.github.com/apple/swift-lldb/tree/master/www/python_reference/uml_class_diagram_for_lldb_sbc_4.gif
apple/swift-lldb,671.0,http://github.com/apple/swift-lldb/,64,0,0,0,0,0,0,0,64,https://www.github.com/apple/swift-lldb/tree/master/www/python_reference/uml_class_diagram_for_lldb_sbd.gif
apple/swift-lldb,671.0,http://github.com/apple/swift-lldb/,64,0,0,0,0,0,0,0,64,https://www.github.com/apple/swift-lldb/tree/master/www/python_reference/uml_class_diagram_for_lldb_sbd_2.gif
apple/swift-lldb,671.0,http://github.com/apple/swift-lldb/,64,0,0,0,0,0,0,0,64,https://www.github.com/apple/swift-lldb/tree/master/www/python_reference/uml_class_diagram_for_lldb_sbd_3.gif
apple/swift-lldb,671.0,http://github.com/apple/swift-lldb/,64,0,0,0,0,0,0,0,64,https://www.github.com/apple/swift-lldb/tree/master/www/python_reference/uml_class_diagram_for_lldb_sbe.gif
apple/swift-lldb,671.0,http://github.com/apple/swift-lldb/,64,0,0,0,0,0,0,0,64,https://www.github.com/apple/swift-lldb/tree/master/www/python_reference/uml_class_diagram_for_lldb_sbe_2.gif
apple/swift-lldb,671.0,http://github.com/apple/swift-lldb/,64,0,0,0,0,0,0,0,64,https://www.github.com/apple/swift-lldb/tree/master/www/python_reference/uml_class_diagram_for_lldb_sbe_3.gif
apple/swift-lldb,671.0,http://github.com/apple/swift-lldb/,64,0,0,0,0,0,0,0,64,https://www.github.com/apple/swift-lldb/tree/master/www/python_reference/uml_class_diagram_for_lldb_sbf.gif
apple/swift-lldb,671.0,http://github.com/apple/swift-lldb/,64,0,0,0,0,0,0,0,64,https://www.github.com/apple/swift-lldb/tree/master/www/python_reference/uml_class_diagram_for_lldb_sbf_2.gif
apple/swift-lldb,671.0,http://github.com/apple/swift-lldb/,64,0,0,0,0,0,0,0,64,https://www.github.com/apple/swift-lldb/tree/master/www/python_reference/uml_class_diagram_for_lldb_sbf_3.gif
apple/swift-lldb,671.0,http://github.com/apple/swift-lldb/,64,0,0,0,0,0,0,0,64,https://www.github.com/apple/swift-lldb/tree/master/www/python_reference/uml_class_diagram_for_lldb_sbf_4.gif
apple/swift-lldb,671.0,http://github.com/apple/swift-lldb/,64,0,0,0,0,0,0,0,64,https://www.github.com/apple/swift-lldb/tree/master/www/python_reference/uml_class_diagram_for_lldb_sbh.gif
apple/swift-lldb,671.0,http://github.com/apple/swift-lldb/,64,0,0,0,0,0,0,0,64,https://www.github.com/apple/swift-lldb/tree/master/www/python_reference/uml_class_diagram_for_lldb_sbi.gif
apple/swift-lldb,671.0,http://github.com/apple/swift-lldb/,64,0,0,0,0,0,0,0,64,https://www.github.com/apple/swift-lldb/tree/master/www/python_reference/uml_class_diagram_for_lldb_sbi_2.gif
apple/swift-lldb,671.0,http://github.com/apple/swift-lldb/,64,0,0,0,0,0,0,0,64,https://www.github.com/apple/swift-lldb/tree/master/www/python_reference/uml_class_diagram_for_lldb_sbi_3.gif
apple/swift-lldb,671.0,http://github.com/apple/swift-lldb/,64,0,0,0,0,0,0,0,64,https://www.github.com/apple/swift-lldb/tree/master/www/python_reference/uml_class_diagram_for_lldb_sbl.gif
apple/swift-lldb,671.0,http://github.com/apple/swift-lldb/,64,0,0,0,0,0,0,0,64,https://www.github.com/apple/swift-lldb/tree/master/www/python_reference/uml_class_diagram_for_lldb_sbl_2.gif
apple/swift-lldb,671.0,http://github.com/apple/swift-lldb/,64,0,0,0,0,0,0,0,64,https://www.github.com/apple/swift-lldb/tree/master/www/python_reference/uml_class_diagram_for_lldb_sbl_3.gif
apple/swift-lldb,671.0,http://github.com/apple/swift-lldb/,64,0,0,0,0,0,0,0,64,https://www.github.com/apple/swift-lldb/tree/master/www/python_reference/uml_class_diagram_for_lldb_sbm.gif
apple/swift-lldb,671.0,http://github.com/apple/swift-lldb/,64,0,0,0,0,0,0,0,64,https://www.github.com/apple/swift-lldb/tree/master/www/python_reference/uml_class_diagram_for_lldb_sbm_2.gif
apple/swift-lldb,671.0,http://github.com/apple/swift-lldb/,64,0,0,0,0,0,0,0,64,https://www.github.com/apple/swift-lldb/tree/master/www/python_reference/uml_class_diagram_for_lldb_sbm_3.gif
apple/swift-lldb,671.0,http://github.com/apple/swift-lldb/,64,0,0,0,0,0,0,0,64,https://www.github.com/apple/swift-lldb/tree/master/www/python_reference/uml_class_diagram_for_lldb_sbm_4.gif
apple/swift-lldb,671.0,http://github.com/apple/swift-lldb/,64,0,0,0,0,0,0,0,64,https://www.github.com/apple/swift-lldb/tree/master/www/python_reference/uml_class_diagram_for_lldb_sbm_5.gif
apple/swift-lldb,671.0,http://github.com/apple/swift-lldb/,64,0,0,0,0,0,0,0,64,https://www.github.com/apple/swift-lldb/tree/master/www/python_reference/uml_class_diagram_for_lldb_sbm_6.gif
apple/swift-lldb,671.0,http://github.com/apple/swift-lldb/,64,0,0,0,0,0,0,0,64,https://www.github.com/apple/swift-lldb/tree/master/www/python_reference/uml_class_diagram_for_lldb_sbm_7.gif
apple/swift-lldb,671.0,http://github.com/apple/swift-lldb/,64,0,0,0,0,0,0,0,64,https://www.github.com/apple/swift-lldb/tree/master/www/python_reference/uml_class_diagram_for_lldb_sbp.gif
apple/swift-lldb,671.0,http://github.com/apple/swift-lldb/,64,0,0,0,0,0,0,0,64,https://www.github.com/apple/swift-lldb/tree/master/www/python_reference/uml_class_diagram_for_lldb_sbp_2.gif
apple/swift-lldb,671.0,http://github.com/apple/swift-lldb/,64,0,0,0,0,0,0,0,64,https://www.github.com/apple/swift-lldb/tree/master/www/python_reference/uml_class_diagram_for_lldb_sbs.gif
apple/swift-lldb,671.0,http://github.com/apple/swift-lldb/,64,0,0,0,0,0,0,0,64,https://www.github.com/apple/swift-lldb/tree/master/www/python_reference/uml_class_diagram_for_lldb_sbs_2.gif
apple/swift-lldb,671.0,http://github.com/apple/swift-lldb/,64,0,0,0,0,0,0,0,64,https://www.github.com/apple/swift-lldb/tree/master/www/python_reference/uml_class_diagram_for_lldb_sbs_3.gif
apple/swift-lldb,671.0,http://github.com/apple/swift-lldb/,64,0,0,0,0,0,0,0,64,https://www.github.com/apple/swift-lldb/tree/master/www/python_reference/uml_class_diagram_for_lldb_sbs_4.gif
apple/swift-lldb,671.0,http://github.com/apple/swift-lldb/,64,0,0,0,0,0,0,0,64,https://www.github.com/apple/swift-lldb/tree/master/www/python_reference/uml_class_diagram_for_lldb_sbs_5.gif
apple/swift-lldb,671.0,http://github.com/apple/swift-lldb/,64,0,0,0,0,0,0,0,64,https://www.github.com/apple/swift-lldb/tree/master/www/python_reference/uml_class_diagram_for_lldb_sbs_6.gif
apple/swift-lldb,671.0,http://github.com/apple/swift-lldb/,64,0,0,0,0,0,0,0,64,https://www.github.com/apple/swift-lldb/tree/master/www/python_reference/uml_class_diagram_for_lldb_sbs_7.gif
apple/swift-lldb,671.0,http://github.com/apple/swift-lldb/,64,0,0,0,0,0,0,0,64,https://www.github.com/apple/swift-lldb/tree/master/www/python_reference/uml_class_diagram_for_lldb_sbt.gif
apple/swift-lldb,671.0,http://github.com/apple/swift-lldb/,64,0,0,0,0,0,0,0,64,https://www.github.com/apple/swift-lldb/tree/master/www/python_reference/uml_class_diagram_for_lldb_sbt_10.gif
apple/swift-lldb,671.0,http://github.com/apple/swift-lldb/,64,0,0,0,0,0,0,0,64,https://www.github.com/apple/swift-lldb/tree/master/www/python_reference/uml_class_diagram_for_lldb_sbt_11.gif
apple/swift-lldb,671.0,http://github.com/apple/swift-lldb/,64,0,0,0,0,0,0,0,64,https://www.github.com/apple/swift-lldb/tree/master/www/python_reference/uml_class_diagram_for_lldb_sbt_12.gif
apple/swift-lldb,671.0,http://github.com/apple/swift-lldb/,64,0,0,0,0,0,0,0,64,https://www.github.com/apple/swift-lldb/tree/master/www/python_reference/uml_class_diagram_for_lldb_sbt_13.gif
apple/swift-lldb,671.0,http://github.com/apple/swift-lldb/,64,0,0,0,0,0,0,0,64,https://www.github.com/apple/swift-lldb/tree/master/www/python_reference/uml_class_diagram_for_lldb_sbt_14.gif
apple/swift-lldb,671.0,http://github.com/apple/swift-lldb/,64,0,0,0,0,0,0,0,64,https://www.github.com/apple/swift-lldb/tree/master/www/python_reference/uml_class_diagram_for_lldb_sbt_2.gif
apple/swift-lldb,671.0,http://github.com/apple/swift-lldb/,64,0,0,0,0,0,0,0,64,https://www.github.com/apple/swift-lldb/tree/master/www/python_reference/uml_class_diagram_for_lldb_sbt_3.gif
apple/swift-lldb,671.0,http://github.com/apple/swift-lldb/,64,0,0,0,0,0,0,0,64,https://www.github.com/apple/swift-lldb/tree/master/www/python_reference/uml_class_diagram_for_lldb_sbt_4.gif
apple/swift-lldb,671.0,http://github.com/apple/swift-lldb/,64,0,0,0,0,0,0,0,64,https://www.github.com/apple/swift-lldb/tree/master/www/python_reference/uml_class_diagram_for_lldb_sbt_5.gif
apple/swift-lldb,671.0,http://github.com/apple/swift-lldb/,64,0,0,0,0,0,0,0,64,https://www.github.com/apple/swift-lldb/tree/master/www/python_reference/uml_class_diagram_for_lldb_sbt_6.gif
apple/swift-lldb,671.0,http://github.com/apple/swift-lldb/,64,0,0,0,0,0,0,0,64,https://www.github.com/apple/swift-lldb/tree/master/www/python_reference/uml_class_diagram_for_lldb_sbt_7.gif
apple/swift-lldb,671.0,http://github.com/apple/swift-lldb/,64,0,0,0,0,0,0,0,64,https://www.github.com/apple/swift-lldb/tree/master/www/python_reference/uml_class_diagram_for_lldb_sbt_8.gif
apple/swift-lldb,671.0,http://github.com/apple/swift-lldb/,64,0,0,0,0,0,0,0,64,https://www.github.com/apple/swift-lldb/tree/master/www/python_reference/uml_class_diagram_for_lldb_sbt_9.gif
apple/swift-lldb,671.0,http://github.com/apple/swift-lldb/,64,0,0,0,0,0,0,0,64,https://www.github.com/apple/swift-lldb/tree/master/www/python_reference/uml_class_diagram_for_lldb_sbv.gif
apple/swift-lldb,671.0,http://github.com/apple/swift-lldb/,64,0,0,0,0,0,0,0,64,https://www.github.com/apple/swift-lldb/tree/master/www/python_reference/uml_class_diagram_for_lldb_sbw.gif
apple/swift-lldb,671.0,http://github.com/apple/swift-lldb/,64,0,0,0,0,0,0,0,64,https://www.github.com/apple/swift-lldb/tree/master/www/python_reference/uml_class_diagram_for_lldb_val.gif
apple/swift-lldb,671.0,http://github.com/apple/swift-lldb/,64,0,0,0,0,0,0,0,64,https://www.github.com/apple/swift-lldb/tree/master/www/python_reference/uml_class_diagram_for_lldb_val_2.gif
jbe2277/waf,660.0,http://github.com/jbe2277/waf/,1,1,0,0,0,0,0,0,0,https://www.github.com/jbe2277/waf/tree/master/src/System.Waf/Architecture/ModelDefinition/Architecture.uml
ochrons/diode,646.0,http://github.com/ochrons/diode/,1,0,0,0,1,0,0,0,0,https://www.github.com/ochrons/diode/tree/master/doc/images/architecture.png
orocrm/platform,624.0,http://github.com/orocrm/platform/,3,0,0,0,2,0,0,1,0,https://www.github.com/orocrm/platform/tree/master/src/Oro/Bundle/DataGridBundle/Resources/doc/backend/diagrams/datagrid_base_uml.jpg
orocrm/platform,624.0,http://github.com/orocrm/platform/,3,0,0,0,2,0,0,1,0,https://www.github.com/orocrm/platform/tree/master/src/Oro/Bundle/ImportExportBundle/Resources/doc/images/classes-diagram.png
orocrm/platform,624.0,http://github.com/orocrm/platform/,3,0,0,0,2,0,0,1,0,https://www.github.com/orocrm/platform/tree/master/src/Oro/Bundle/WorkflowBundle/Resources/doc/images/workflow-entities_classes-diagram.png
benas/gamehub.io,622.0,http://github.com/benas/gamehub.io/,1,0,0,0,0,0,0,1,0,https://www.github.com/benas/gamehub.io/tree/master/site/chesshub-sequence-diagram.jpg
code4craft/jsoup-learning,620.0,http://github.com/code4craft/jsoup-learning/,1,0,0,0,1,0,0,0,0,https://www.github.com/code4craft/jsoup-learning/tree/master/blogs/images/select uml.png
leancloud/docs,605.0,http://github.com/leancloud/docs/,1,0,0,0,1,0,0,0,0,https://www.github.com/leancloud/docs/tree/master/images/message_type_diagram.png
