Project,Last_Activity,Contributors,Stargazers,Class_Diagram_File,No_of_Class_Diagrams,Lines_of_Code,UML_LOC_ratio_scaled
wyon/note/,2024-08-23 06:52:12+00:00,1,0,design_patterns/img/patterns_bridge.png,21,11330,1.0
wyon/note/,2024-08-23 06:52:12+00:00,1,0,design_patterns/img/patterns_mediator.png,21,11330,1.0
wyon/note/,2024-08-23 06:52:12+00:00,1,0,design_patterns/img/pattens_abstract_factory.png,21,11330,1.0
wyon/note/,2024-08-23 06:52:12+00:00,1,0,design_patterns/img/patterns_builder.png,21,11330,1.0
wyon/note/,2024-08-23 06:52:12+00:00,1,0,design_patterns/img/patterns_china_of_responsibility.png,21,11330,1.0
wyon/note/,2024-08-23 06:52:12+00:00,1,0,design_patterns/img/patterns_command.png,21,11330,1.0
wyon/note/,2024-08-23 06:52:12+00:00,1,0,design_patterns/img/patterns_composite.png,21,11330,1.0
wyon/note/,2024-08-23 06:52:12+00:00,1,0,design_patterns/img/patterns_decorator.png,21,11330,1.0
wyon/note/,2024-08-23 06:52:12+00:00,1,0,design_patterns/img/patterns_flyweight.png,21,11330,1.0
wyon/note/,2024-08-23 06:52:12+00:00,1,0,design_patterns/img/patterns_interpreter.png,21,11330,1.0
wyon/note/,2024-08-23 06:52:12+00:00,1,0,design_patterns/img/patterns_iterator.png,21,11330,1.0
wyon/note/,2024-08-23 06:52:12+00:00,1,0,design_patterns/img/patterns_factory_method.png,21,11330,1.0
wyon/note/,2024-08-23 06:52:12+00:00,1,0,design_patterns/img/patterns_memento.png,21,11330,1.0
wyon/note/,2024-08-23 06:52:12+00:00,1,0,design_patterns/img/patterns_prototype.png,21,11330,1.0
wyon/note/,2024-08-23 06:52:12+00:00,1,0,design_patterns/img/patterns_proxy.png,21,11330,1.0
wyon/note/,2024-08-23 06:52:12+00:00,1,0,design_patterns/img/patterns_singleton.png,21,11330,1.0
wyon/note/,2024-08-23 06:52:12+00:00,1,0,design_patterns/img/patterns_state.png,21,11330,1.0
wyon/note/,2024-08-23 06:52:12+00:00,1,0,design_patterns/img/patterns_strategy.png,21,11330,1.0
wyon/note/,2024-08-23 06:52:12+00:00,1,0,design_patterns/img/patterns_template_method.png,21,11330,1.0
wyon/note/,2024-08-23 06:52:12+00:00,1,0,design_patterns/img/patterns_observer.png,21,11330,1.0
wyon/note/,2024-08-23 06:52:12+00:00,1,0,design_patterns/img/patterns_visitor.png,21,11330,1.0
wangkuiwu/wangkuiwu.github.io/,2024-07-06 09:02:06+00:00,3,39,media/pic/design_patterns/pattern17_01.jpg,44,34570,0.6866931995680093
wangkuiwu/wangkuiwu.github.io/,2024-07-06 09:02:06+00:00,3,39,media/pic/design_patterns/pattern13_05.jpg,44,34570,0.6866931995680093
wangkuiwu/wangkuiwu.github.io/,2024-07-06 09:02:06+00:00,3,39,media/pic/design_patterns/pattern14_01.jpg,44,34570,0.6866931995680093
wangkuiwu/wangkuiwu.github.io/,2024-07-06 09:02:06+00:00,3,39,media/pic/design_patterns/pattern16_01.jpg,44,34570,0.6866931995680093
wangkuiwu/wangkuiwu.github.io/,2024-07-06 09:02:06+00:00,3,39,media/pic/java/threads/juc-col07-01.jpg,44,34570,0.6866931995680093
wangkuiwu/wangkuiwu.github.io/,2024-07-06 09:02:06+00:00,3,39,media/pic/design_patterns/pattern17_02.jpg,44,34570,0.6866931995680093
wangkuiwu/wangkuiwu.github.io/,2024-07-06 09:02:06+00:00,3,39,media/pic/design_patterns/pattern18_01.jpg,44,34570,0.6866931995680093
wangkuiwu/wangkuiwu.github.io/,2024-07-06 09:02:06+00:00,3,39,media/pic/java/threads/juc-col06-01.jpg,44,34570,0.6866931995680093
wangkuiwu/wangkuiwu.github.io/,2024-07-06 09:02:06+00:00,3,39,media/pic/design_patterns/pattern03_03.jpg,44,34570,0.6866931995680093
wangkuiwu/wangkuiwu.github.io/,2024-07-06 09:02:06+00:00,3,39,media/pic/design_patterns/pattern13_04.jpg,44,34570,0.6866931995680093
wangkuiwu/wangkuiwu.github.io/,2024-07-06 09:02:06+00:00,3,39,media/pic/design_patterns/pattern12_02.jpg,44,34570,0.6866931995680093
wangkuiwu/wangkuiwu.github.io/,2024-07-06 09:02:06+00:00,3,39,media/pic/design_patterns/pattern12_01.jpg,44,34570,0.6866931995680093
wangkuiwu/wangkuiwu.github.io/,2024-07-06 09:02:06+00:00,3,39,media/pic/design_patterns/pattern11_01.jpg,44,34570,0.6866931995680093
wangkuiwu/wangkuiwu.github.io/,2024-07-06 09:02:06+00:00,3,39,media/pic/design_patterns/pattern10_01.jpg,44,34570,0.6866931995680093
wangkuiwu/wangkuiwu.github.io/,2024-07-06 09:02:06+00:00,3,39,media/pic/design_patterns/pattern09_04.jpg,44,34570,0.6866931995680093
wangkuiwu/wangkuiwu.github.io/,2024-07-06 09:02:06+00:00,3,39,media/pic/design_patterns/pattern09_03.jpg,44,34570,0.6866931995680093
wangkuiwu/wangkuiwu.github.io/,2024-07-06 09:02:06+00:00,3,39,media/pic/design_patterns/pattern08_02.jpg,44,34570,0.6866931995680093
wangkuiwu/wangkuiwu.github.io/,2024-07-06 09:02:06+00:00,3,39,media/pic/design_patterns/pattern08_01.jpg,44,34570,0.6866931995680093
wangkuiwu/wangkuiwu.github.io/,2024-07-06 09:02:06+00:00,3,39,media/pic/design_patterns/pattern07_02.jpg,44,34570,0.6866931995680093
wangkuiwu/wangkuiwu.github.io/,2024-07-06 09:02:06+00:00,3,39,media/pic/design_patterns/pattern07_01.jpg,44,34570,0.6866931995680093
wangkuiwu/wangkuiwu.github.io/,2024-07-06 09:02:06+00:00,3,39,media/pic/java/threads/juc-col09-01.jpg,44,34570,0.6866931995680093
wangkuiwu/wangkuiwu.github.io/,2024-07-06 09:02:06+00:00,3,39,media/pic/java/threads/juc-col08-01.jpg,44,34570,0.6866931995680093
wangkuiwu/wangkuiwu.github.io/,2024-07-06 09:02:06+00:00,3,39,media/pic/uml/uml03-05.jpg,44,34570,0.6866931995680093
wangkuiwu/wangkuiwu.github.io/,2024-07-06 09:02:06+00:00,3,39,media/pic/java/threads/juc-col10-01.jpg,44,34570,0.6866931995680093
wangkuiwu/wangkuiwu.github.io/,2024-07-06 09:02:06+00:00,3,39,media/pic/uml/uml03-06.jpg,44,34570,0.6866931995680093
wangkuiwu/wangkuiwu.github.io/,2024-07-06 09:02:06+00:00,3,39,media/pic/design_patterns/pattern01_02.jpg,44,34570,0.6866931995680093
wangkuiwu/wangkuiwu.github.io/,2024-07-06 09:02:06+00:00,3,39,media/pic/design_patterns/pattern01_03.jpg,44,34570,0.6866931995680093
wangkuiwu/wangkuiwu.github.io/,2024-07-06 09:02:06+00:00,3,39,media/pic/design_patterns/pattern02_02.jpg,44,34570,0.6866931995680093
wangkuiwu/wangkuiwu.github.io/,2024-07-06 09:02:06+00:00,3,39,media/pic/design_patterns/pattern02_03.jpg,44,34570,0.6866931995680093
wangkuiwu/wangkuiwu.github.io/,2024-07-06 09:02:06+00:00,3,39,media/pic/design_patterns/pattern03_02.jpg,44,34570,0.6866931995680093
wangkuiwu/wangkuiwu.github.io/,2024-07-06 09:02:06+00:00,3,39,media/pic/uml/uml03-09.jpg,44,34570,0.6866931995680093
wangkuiwu/wangkuiwu.github.io/,2024-07-06 09:02:06+00:00,3,39,media/pic/uml/uml03-08.jpg,44,34570,0.6866931995680093
wangkuiwu/wangkuiwu.github.io/,2024-07-06 09:02:06+00:00,3,39,media/pic/uml/uml03-07.jpg,44,34570,0.6866931995680093
wangkuiwu/wangkuiwu.github.io/,2024-07-06 09:02:06+00:00,3,39,media/pic/design_patterns/pattern06_01.jpg,44,34570,0.6866931995680093
wangkuiwu/wangkuiwu.github.io/,2024-07-06 09:02:06+00:00,3,39,media/pic/java/threads/juc-executor01-01.jpg,44,34570,0.6866931995680093
wangkuiwu/wangkuiwu.github.io/,2024-07-06 09:02:06+00:00,3,39,media/pic/uml/uml03-04.jpg,44,34570,0.6866931995680093
wangkuiwu/wangkuiwu.github.io/,2024-07-06 09:02:06+00:00,3,39,media/pic/uml/uml03-03.jpg,44,34570,0.6866931995680093
wangkuiwu/wangkuiwu.github.io/,2024-07-06 09:02:06+00:00,3,39,media/pic/uml/uml03-02.jpg,44,34570,0.6866931995680093
wangkuiwu/wangkuiwu.github.io/,2024-07-06 09:02:06+00:00,3,39,media/pic/uml/uml03-01.jpg,44,34570,0.6866931995680093
wangkuiwu/wangkuiwu.github.io/,2024-07-06 09:02:06+00:00,3,39,media/pic/uml/uml02-04.jpg,44,34570,0.6866931995680093
wangkuiwu/wangkuiwu.github.io/,2024-07-06 09:02:06+00:00,3,39,media/pic/uml/uml02-03.jpg,44,34570,0.6866931995680093
wangkuiwu/wangkuiwu.github.io/,2024-07-06 09:02:06+00:00,3,39,media/pic/uml/uml02-02.jpg,44,34570,0.6866931995680093
wangkuiwu/wangkuiwu.github.io/,2024-07-06 09:02:06+00:00,3,39,media/pic/java/threads/juc-executor02-01.jpg,44,34570,0.6866931995680093
wangkuiwu/wangkuiwu.github.io/,2024-07-06 09:02:06+00:00,3,39,media/pic/design_patterns/pattern06_02.jpg,44,34570,0.6866931995680093
xenodium/xenodium.github.io/,2024-11-13 13:22:10+00:00,3,9,images/plantuml-example/plantuml-singer.png,1,1705,0.31643223105176016
symfony/symfony1-docs/,2024-11-03 23:17:58+00:00,30,103,gentle-introduction/en/images/F1401.png,3,5181,0.31240117228404135
symfony/symfony1-docs/,2024-11-03 23:17:58+00:00,30,103,gentle-introduction/en/images/F1608.png,3,5181,0.31240117228404135
symfony/symfony1-docs/,2024-11-03 23:17:58+00:00,30,103,jobeet/images/03/diagram.png,3,5181,0.31240117228404135
bootchk/pensool/,2024-08-27 18:42:08+00:00,1,13,doc/html/uml_class_diagram_for_source_g_19.gif,58,268079,0.11672301121227671
bootchk/pensool/,2024-08-27 18:42:08+00:00,1,13,doc/html/uml_class_diagram_for_source_m_12.gif,58,268079,0.11672301121227671
bootchk/pensool/,2024-08-27 18:42:08+00:00,1,13,doc/html/uml_class_diagram_for_source_m_10.gif,58,268079,0.11672301121227671
bootchk/pensool/,2024-08-27 18:42:08+00:00,1,13,doc/html/uml_class_diagram_for_source_m.gif,58,268079,0.11672301121227671
bootchk/pensool/,2024-08-27 18:42:08+00:00,1,13,doc/html/uml_class_diagram_for_source_l.gif,58,268079,0.11672301121227671
bootchk/pensool/,2024-08-27 18:42:08+00:00,1,13,doc/html/uml_class_diagram_for_source_g_9.gif,58,268079,0.11672301121227671
bootchk/pensool/,2024-08-27 18:42:08+00:00,1,13,doc/html/uml_class_diagram_for_source_g_8.gif,58,268079,0.11672301121227671
bootchk/pensool/,2024-08-27 18:42:08+00:00,1,13,doc/html/uml_class_diagram_for_source_g_7.gif,58,268079,0.11672301121227671
bootchk/pensool/,2024-08-27 18:42:08+00:00,1,13,doc/html/uml_class_diagram_for_source_g_6.gif,58,268079,0.11672301121227671
bootchk/pensool/,2024-08-27 18:42:08+00:00,1,13,doc/html/uml_class_diagram_for_source_g_5.gif,58,268079,0.11672301121227671
bootchk/pensool/,2024-08-27 18:42:08+00:00,1,13,doc/html/uml_class_diagram_for_source_g_4.gif,58,268079,0.11672301121227671
bootchk/pensool/,2024-08-27 18:42:08+00:00,1,13,doc/html/uml_class_diagram_for_source_g_3.gif,58,268079,0.11672301121227671
bootchk/pensool/,2024-08-27 18:42:08+00:00,1,13,doc/html/uml_class_diagram_for_source_g_25.gif,58,268079,0.11672301121227671
bootchk/pensool/,2024-08-27 18:42:08+00:00,1,13,doc/html/uml_class_diagram_for_source_g_24.gif,58,268079,0.11672301121227671
bootchk/pensool/,2024-08-27 18:42:08+00:00,1,13,doc/html/uml_class_diagram_for_source_g_23.gif,58,268079,0.11672301121227671
bootchk/pensool/,2024-08-27 18:42:08+00:00,1,13,doc/html/uml_class_diagram_for_source_g_22.gif,58,268079,0.11672301121227671
bootchk/pensool/,2024-08-27 18:42:08+00:00,1,13,doc/html/uml_class_diagram_for_source_g_21.gif,58,268079,0.11672301121227671
bootchk/pensool/,2024-08-27 18:42:08+00:00,1,13,doc/html/uml_class_diagram_for_source_g_20.gif,58,268079,0.11672301121227671
bootchk/pensool/,2024-08-27 18:42:08+00:00,1,13,doc/html/uml_class_diagram_for_source_m_11.gif,58,268079,0.11672301121227671
bootchk/pensool/,2024-08-27 18:42:08+00:00,1,13,doc/html/uml_class_diagram_for_source_m_14.gif,58,268079,0.11672301121227671
bootchk/pensool/,2024-08-27 18:42:08+00:00,1,13,doc/html/uml_class_diagram_for_source_m_13.gif,58,268079,0.11672301121227671
bootchk/pensool/,2024-08-27 18:42:08+00:00,1,13,doc/html/uml_class_diagram_for_source_m_9.gif,58,268079,0.11672301121227671
bootchk/pensool/,2024-08-27 18:42:08+00:00,1,13,doc/html/uml_class_diagram_for_source_p_5.gif,58,268079,0.11672301121227671
bootchk/pensool/,2024-08-27 18:42:08+00:00,1,13,doc/html/uml_class_diagram_for_source_s.gif,58,268079,0.11672301121227671
bootchk/pensool/,2024-08-27 18:42:08+00:00,1,13,doc/html/uml_class_diagram_for_source_s_2.gif,58,268079,0.11672301121227671
bootchk/pensool/,2024-08-27 18:42:08+00:00,1,13,doc/html/uml_class_diagram_for_source_t.gif,58,268079,0.11672301121227671
bootchk/pensool/,2024-08-27 18:42:08+00:00,1,13,doc/html/uml_class_diagram_for_source_p_3.gif,58,268079,0.11672301121227671
bootchk/pensool/,2024-08-27 18:42:08+00:00,1,13,doc/html/uml_class_diagram_for_source_p_2.gif,58,268079,0.11672301121227671
bootchk/pensool/,2024-08-27 18:42:08+00:00,1,13,doc/html/uml_class_diagram_for_source_p.gif,58,268079,0.11672301121227671
bootchk/pensool/,2024-08-27 18:42:08+00:00,1,13,doc/html/uml_class_diagram_for_source_m_8.gif,58,268079,0.11672301121227671
bootchk/pensool/,2024-08-27 18:42:08+00:00,1,13,doc/html/uml_class_diagram_for_source_p_4.gif,58,268079,0.11672301121227671
bootchk/pensool/,2024-08-27 18:42:08+00:00,1,13,doc/html/uml_class_diagram_for_source_m_7.gif,58,268079,0.11672301121227671
bootchk/pensool/,2024-08-27 18:42:08+00:00,1,13,doc/html/uml_class_diagram_for_source_m_6.gif,58,268079,0.11672301121227671
bootchk/pensool/,2024-08-27 18:42:08+00:00,1,13,doc/html/uml_class_diagram_for_source_m_5.gif,58,268079,0.11672301121227671
bootchk/pensool/,2024-08-27 18:42:08+00:00,1,13,doc/html/uml_class_diagram_for_source_m_4.gif,58,268079,0.11672301121227671
bootchk/pensool/,2024-08-27 18:42:08+00:00,1,13,doc/html/uml_class_diagram_for_source_m_3.gif,58,268079,0.11672301121227671
bootchk/pensool/,2024-08-27 18:42:08+00:00,1,13,doc/html/uml_class_diagram_for_source_m_2.gif,58,268079,0.11672301121227671
bootchk/pensool/,2024-08-27 18:42:08+00:00,1,13,doc/html/uml_class_diagram_for_source_m_15.gif,58,268079,0.11672301121227671
bootchk/pensool/,2024-08-27 18:42:08+00:00,1,13,doc/html/uml_class_diagram_for_source_g_2.gif,58,268079,0.11672301121227671
bootchk/pensool/,2024-08-27 18:42:08+00:00,1,13,doc/html/uml_class_diagram_for_source_b_2.gif,58,268079,0.11672301121227671
bootchk/pensool/,2024-08-27 18:42:08+00:00,1,13,doc/html/uml_class_diagram_for_source_g_18.gif,58,268079,0.11672301121227671
bootchk/pensool/,2024-08-27 18:42:08+00:00,1,13,doc/html/uml_class_diagram_for_source_d.gif,58,268079,0.11672301121227671
bootchk/pensool/,2024-08-27 18:42:08+00:00,1,13,doc/html/uml_class_diagram_for_pensool_.gif,58,268079,0.11672301121227671
bootchk/pensool/,2024-08-27 18:42:08+00:00,1,13,doc/html/uml_class_diagram_for_source_b.gif,58,268079,0.11672301121227671
bootchk/pensool/,2024-08-27 18:42:08+00:00,1,13,doc/html/uml_class_diagram_for_source_b_3.gif,58,268079,0.11672301121227671
bootchk/pensool/,2024-08-27 18:42:08+00:00,1,13,doc/html/uml_class_diagram_for_source_b_4.gif,58,268079,0.11672301121227671
bootchk/pensool/,2024-08-27 18:42:08+00:00,1,13,doc/html/uml_class_diagram_for_source_b_5.gif,58,268079,0.11672301121227671
bootchk/pensool/,2024-08-27 18:42:08+00:00,1,13,doc/html/uml_class_diagram_for_source_c.gif,58,268079,0.11672301121227671
bootchk/pensool/,2024-08-27 18:42:08+00:00,1,13,doc/html/uml_class_diagram_for_source_g_17.gif,58,268079,0.11672301121227671
bootchk/pensool/,2024-08-27 18:42:08+00:00,1,13,doc/html/uml_class_diagram_for_source_c_2.gif,58,268079,0.11672301121227671
bootchk/pensool/,2024-08-27 18:42:08+00:00,1,13,doc/html/uml_class_diagram_for_source_g.gif,58,268079,0.11672301121227671
bootchk/pensool/,2024-08-27 18:42:08+00:00,1,13,doc/html/uml_class_diagram_for_source_g_10.gif,58,268079,0.11672301121227671
bootchk/pensool/,2024-08-27 18:42:08+00:00,1,13,doc/html/uml_class_diagram_for_source_g_11.gif,58,268079,0.11672301121227671
bootchk/pensool/,2024-08-27 18:42:08+00:00,1,13,doc/html/uml_class_diagram_for_source_g_12.gif,58,268079,0.11672301121227671
bootchk/pensool/,2024-08-27 18:42:08+00:00,1,13,doc/html/uml_class_diagram_for_source_g_13.gif,58,268079,0.11672301121227671
bootchk/pensool/,2024-08-27 18:42:08+00:00,1,13,doc/html/uml_class_diagram_for_source_g_14.gif,58,268079,0.11672301121227671
bootchk/pensool/,2024-08-27 18:42:08+00:00,1,13,doc/html/uml_class_diagram_for_source_g_15.gif,58,268079,0.11672301121227671
bootchk/pensool/,2024-08-27 18:42:08+00:00,1,13,doc/html/uml_class_diagram_for_source_g_16.gif,58,268079,0.11672301121227671
sculptor/sculptor.github.io/,2024-09-18 06:28:58+00:00,30,1,images/documentation/event-driven-tutorial/umlgraph-eventsourcing.png,6,37929,0.08534205468663306
sculptor/sculptor.github.io/,2024-09-18 06:28:58+00:00,30,1,images/documentation/event-driven-tutorial/umlgraph-simple_eventsourcing.png,6,37929,0.08534205468663306
sculptor/sculptor.github.io/,2024-09-18 06:28:58+00:00,30,1,images/documentation/hello-world-tutorial/helloworld-design-classes.png,6,37929,0.08534205468663306
sculptor/sculptor.github.io/,2024-09-18 06:28:58+00:00,30,1,images/documentation/mongodb-tutorial/blog_umlgraph.png,6,37929,0.08534205468663306
sculptor/sculptor.github.io/,2024-09-18 06:28:58+00:00,30,1,images/documentation/advanced-tutorial/library-domain.png,6,37929,0.08534205468663306
sculptor/sculptor.github.io/,2024-09-18 06:28:58+00:00,30,1,images/2010-06-10-improving-developer-productivity-with-sculptor/umlgraph.png,6,37929,0.08534205468663306
toutpt/collective.trainingmanual/,2024-03-29 16:08:48+00:00,4,0,developpeur/source/uml/uml_repr_diagramme_objets.jpg,7,52203,0.07234032167888238
toutpt/collective.trainingmanual/,2024-03-29 16:08:48+00:00,4,0,developpeur/source/uml/uml_repr_generalisation.jpg,7,52203,0.07234032167888238
toutpt/collective.trainingmanual/,2024-03-29 16:08:48+00:00,4,0,developpeur/source/uml/uml_repr_diagramme_classes.jpg,7,52203,0.07234032167888238
toutpt/collective.trainingmanual/,2024-03-29 16:08:48+00:00,4,0,developpeur/source/python/ConceptionUMLDeLaClasseCercle.jpg,7,52203,0.07234032167888238
toutpt/collective.trainingmanual/,2024-03-29 16:08:48+00:00,4,0,docs/developpeur/_images/argouml_ajout_methode.jpg,7,52203,0.07234032167888238
toutpt/collective.trainingmanual/,2024-03-29 16:08:48+00:00,4,0,developpeur/source/uml/uml_repr_realisations.jpg,7,52203,0.07234032167888238
toutpt/collective.trainingmanual/,2024-03-29 16:08:48+00:00,4,0,developpeur/source/uml/uml_repr_interface.jpg,7,52203,0.07234032167888238
ValentinMinder/CirculationMediator/,2024-05-02 14:47:54+00:00,3,1,TheoreticalMediator/presentation/graphics/UML-0_general.png,5,47692,0.05655779545907054
ValentinMinder/CirculationMediator/,2024-05-02 14:47:54+00:00,3,1,TheoreticalMediator/presentation/graphics/UML-1_interaction.png,5,47692,0.05655779545907054
ValentinMinder/CirculationMediator/,2024-05-02 14:47:54+00:00,3,1,TheoreticalMediator/presentation/graphics/UML-2_carrierMessage.png,5,47692,0.05655779545907054
ValentinMinder/CirculationMediator/,2024-05-02 14:47:54+00:00,3,1,TheoreticalMediator/presentation/graphics/UML-2_carrierMessagePlus.png,5,47692,0.05655779545907054
ValentinMinder/CirculationMediator/,2024-05-02 14:47:54+00:00,3,1,TheoreticalMediator/presentation/graphics/UML-4_workers.png,5,47692,0.05655779545907054
sbhatore/SSAD46/,2024-07-10 12:01:23+00:00,5,1,documents/design/ITER1/umlClassDiagram1.png,1,17132,0.03148647029099363
SBR2015/ootalk/,2024-01-02 20:48:05+00:00,9,2,misc/UML/final/class.png,3,52134,0.031040669927530084
SBR2015/ootalk/,2024-01-02 20:48:05+00:00,9,2,misc/UML/now_class.jpg,3,52134,0.031040669927530084
SBR2015/ootalk/,2024-01-02 20:48:05+00:00,9,2,misc/UML/teacher/UML.png,3,52134,0.031040669927530084
stefan-ka/stefan-ka.github.io/,2024-06-19 08:23:45+00:00,16,0,media/122018-Strategic_DDD_Domain_Model.png,2,49119,0.02196227605934894
stefan-ka/stefan-ka.github.io/,2024-06-19 08:23:45+00:00,16,0,media/062015-parallel-programming-summary1-lock-and-condition.png,2,49119,0.02196227605934894
chuxi/chuxi.github.io/,2024-02-06 15:07:07+00:00,1,0,assets/2015-04-20-files/Dependency.png,1,25039,0.02154158306473451
wimleers/sudoku/,2024-10-27 10:25:49+00:00,2,102,doc/images/UML_4.png,5,132069,0.02042006873262655
wimleers/sudoku/,2024-10-27 10:25:49+00:00,2,102,doc/images/UML_3.png,5,132069,0.02042006873262655
wimleers/sudoku/,2024-10-27 10:25:49+00:00,2,102,doc/images/UML_1.png,5,132069,0.02042006873262655
wimleers/sudoku/,2024-10-27 10:25:49+00:00,2,102,doc/UML-080209.png,5,132069,0.02042006873262655
wimleers/sudoku/,2024-10-27 10:25:49+00:00,2,102,doc/images/UML_2.png,5,132069,0.02042006873262655
bruceoutdoors/Intro-Design-Patterns-Cpp-Qt5/,2024-10-05 02:57:56+00:00,1,147,properties/metaobjects.png,56,1484180,0.020351157400051806
bruceoutdoors/Intro-Design-Patterns-Cpp-Qt5/,2024-10-05 02:57:56+00:00,1,147,modelview/mvcpattern.png,56,1484180,0.020351157400051806
bruceoutdoors/Intro-Design-Patterns-Cpp-Qt5/,2024-10-05 02:57:56+00:00,1,147,modelview/propertyselector/propertyselectorUML.png,56,1484180,0.020351157400051806
bruceoutdoors/Intro-Design-Patterns-Cpp-Qt5/,2024-10-05 02:57:56+00:00,1,147,modelview/sortfilterproxy.png,56,1484180,0.020351157400051806
bruceoutdoors/Intro-Design-Patterns-Cpp-Qt5/,2024-10-05 02:57:56+00:00,1,147,modelview/views.png,56,1484180,0.020351157400051806
bruceoutdoors/Intro-Design-Patterns-Cpp-Qt5/,2024-10-05 02:57:56+00:00,1,147,modelview/viewsandwidgets.png,56,1484180,0.020351157400051806
bruceoutdoors/Intro-Design-Patterns-Cpp-Qt5/,2024-10-05 02:57:56+00:00,1,147,multinheritance/PersonStudentTeacher.png,56,1484180,0.020351157400051806
bruceoutdoors/Intro-Design-Patterns-Cpp-Qt5/,2024-10-05 02:57:56+00:00,1,147,multinheritance/qgraphicsobject.png,56,1484180,0.020351157400051806
bruceoutdoors/Intro-Design-Patterns-Cpp-Qt5/,2024-10-05 02:57:56+00:00,1,147,multinheritance/screenregion.png,56,1484180,0.020351157400051806
bruceoutdoors/Intro-Design-Patterns-Cpp-Qt5/,2024-10-05 02:57:56+00:00,1,147,mystring/shareddata/sstring.png,56,1484180,0.020351157400051806
bruceoutdoors/Intro-Design-Patterns-Cpp-Qt5/,2024-10-05 02:57:56+00:00,1,147,pointer-container/library1.png,56,1484180,0.020351157400051806
bruceoutdoors/Intro-Design-Patterns-Cpp-Qt5/,2024-10-05 02:57:56+00:00,1,147,properties/antipattern.png,56,1484180,0.020351157400051806
bruceoutdoors/Intro-Design-Patterns-Cpp-Qt5/,2024-10-05 02:57:56+00:00,1,147,qobject/compositePattern.png,56,1484180,0.020351157400051806
bruceoutdoors/Intro-Design-Patterns-Cpp-Qt5/,2024-10-05 02:57:56+00:00,1,147,puzzle/puzzle-uml.png,56,1484180,0.020351157400051806
bruceoutdoors/Intro-Design-Patterns-Cpp-Qt5/,2024-10-05 02:57:56+00:00,1,147,qobject/qobject.png,56,1484180,0.020351157400051806
bruceoutdoors/Intro-Design-Patterns-Cpp-Qt5/,2024-10-05 02:57:56+00:00,1,147,qonsole/qonsole1/qonsole1-uml.png,56,1484180,0.020351157400051806
bruceoutdoors/Intro-Design-Patterns-Cpp-Qt5/,2024-10-05 02:57:56+00:00,1,147,sql/sqlmodels.png,56,1484180,0.020351157400051806
bruceoutdoors/Intro-Design-Patterns-Cpp-Qt5/,2024-10-05 02:57:56+00:00,1,147,statics/static.png,56,1484180,0.020351157400051806
bruceoutdoors/Intro-Design-Patterns-Cpp-Qt5/,2024-10-05 02:57:56+00:00,1,147,subobject/square.png,56,1484180,0.020351157400051806
bruceoutdoors/Intro-Design-Patterns-Cpp-Qt5/,2024-10-05 02:57:56+00:00,1,147,timer/speed-reader/speed-reader.png,56,1484180,0.020351157400051806
bruceoutdoors/Intro-Design-Patterns-Cpp-Qt5/,2024-10-05 02:57:56+00:00,1,147,xml/dom.png,56,1484180,0.020351157400051806
bruceoutdoors/Intro-Design-Patterns-Cpp-Qt5/,2024-10-05 02:57:56+00:00,1,147,xml/domwalker/domwalker.png,56,1484180,0.020351157400051806
bruceoutdoors/Intro-Design-Patterns-Cpp-Qt5/,2024-10-05 02:57:56+00:00,1,147,xml/sax1/xmlreader.png,56,1484180,0.020351157400051806
bruceoutdoors/Intro-Design-Patterns-Cpp-Qt5/,2024-10-05 02:57:56+00:00,1,147,xml/xmlbuilder.png,56,1484180,0.020351157400051806
bruceoutdoors/Intro-Design-Patterns-Cpp-Qt5/,2024-10-05 02:57:56+00:00,1,147,modelview/models.png,56,1484180,0.020351157400051806
bruceoutdoors/Intro-Design-Patterns-Cpp-Qt5/,2024-10-05 02:57:56+00:00,1,147,modelview/modelview-delegate.png,56,1484180,0.020351157400051806
bruceoutdoors/Intro-Design-Patterns-Cpp-Qt5/,2024-10-05 02:57:56+00:00,1,147,libs/dataobjects/address.png,56,1484180,0.020351157400051806
bruceoutdoors/Intro-Design-Patterns-Cpp-Qt5/,2024-10-05 02:57:56+00:00,1,147,login/login.png,56,1484180,0.020351157400051806
bruceoutdoors/Intro-Design-Patterns-Cpp-Qt5/,2024-10-05 02:57:56+00:00,1,147,functions/cryptoclass.png,56,1484180,0.020351157400051806
bruceoutdoors/Intro-Design-Patterns-Cpp-Qt5/,2024-10-05 02:57:56+00:00,1,147,cardgame/cardgame.png,56,1484180,0.020351157400051806
bruceoutdoors/Intro-Design-Patterns-Cpp-Qt5/,2024-10-05 02:57:56+00:00,1,147,classes/date-ex.png,56,1484180,0.020351157400051806
bruceoutdoors/Intro-Design-Patterns-Cpp-Qt5/,2024-10-05 02:57:56+00:00,1,147,classes/fraction-ex.png,56,1484180,0.020351157400051806
bruceoutdoors/Intro-Design-Patterns-Cpp-Qt5/,2024-10-05 02:57:56+00:00,1,147,libs/metadata/MetaDataLoader.png,56,1484180,0.020351157400051806
bruceoutdoors/Intro-Design-Patterns-Cpp-Qt5/,2024-10-05 02:57:56+00:00,1,147,composite/suffolkchart.png,56,1484180,0.020351157400051806
bruceoutdoors/Intro-Design-Patterns-Cpp-Qt5/,2024-10-05 02:57:56+00:00,1,147,containers/contact/ContactList.png,56,1484180,0.020351157400051806
bruceoutdoors/Intro-Design-Patterns-Cpp-Qt5/,2024-10-05 02:57:56+00:00,1,147,containers/contact/contact.png,56,1484180,0.020351157400051806
bruceoutdoors/Intro-Design-Patterns-Cpp-Qt5/,2024-10-05 02:57:56+00:00,1,147,containers/stack/template-stack.png,56,1484180,0.020351157400051806
bruceoutdoors/Intro-Design-Patterns-Cpp-Qt5/,2024-10-05 02:57:56+00:00,1,147,derivation/film/filmApp.png,56,1484180,0.020351157400051806
bruceoutdoors/Intro-Design-Patterns-Cpp-Qt5/,2024-10-05 02:57:56+00:00,1,147,derivation/shape1/shapes.png,56,1484180,0.020351157400051806
bruceoutdoors/Intro-Design-Patterns-Cpp-Qt5/,2024-10-05 02:57:56+00:00,1,147,derivation/shoppinglist/shoppinglist.png,56,1484180,0.020351157400051806
bruceoutdoors/Intro-Design-Patterns-Cpp-Qt5/,2024-10-05 02:57:56+00:00,1,147,derivation/student.png,56,1484180,0.020351157400051806
bruceoutdoors/Intro-Design-Patterns-Cpp-Qt5/,2024-10-05 02:57:56+00:00,1,147,designer/productform/productform-uml.png,56,1484180,0.020351157400051806
bruceoutdoors/Intro-Design-Patterns-Cpp-Qt5/,2024-10-05 02:57:56+00:00,1,147,containers/qmap/textbook.png,56,1484180,0.020351157400051806
bruceoutdoors/Intro-Design-Patterns-Cpp-Qt5/,2024-10-05 02:57:56+00:00,1,147,functions/usermanager.png,56,1484180,0.020351157400051806
bruceoutdoors/Intro-Design-Patterns-Cpp-Qt5/,2024-10-05 02:57:56+00:00,1,147,libs/dataobjects/andconstraint.png,56,1484180,0.020351157400051806
bruceoutdoors/Intro-Design-Patterns-Cpp-Qt5/,2024-10-05 02:57:56+00:00,1,147,libs/libs.png,56,1484180,0.020351157400051806
bruceoutdoors/Intro-Design-Patterns-Cpp-Qt5/,2024-10-05 02:57:56+00:00,1,147,libs/dataobjects/qobjectreader.png,56,1484180,0.020351157400051806
bruceoutdoors/Intro-Design-Patterns-Cpp-Qt5/,2024-10-05 02:57:56+00:00,1,147,libs/dataobjects/playgen.png,56,1484180,0.020351157400051806
bruceoutdoors/Intro-Design-Patterns-Cpp-Qt5/,2024-10-05 02:57:56+00:00,1,147,libs/dataobjects/dataobject.png,56,1484180,0.020351157400051806
bruceoutdoors/Intro-Design-Patterns-Cpp-Qt5/,2024-10-05 02:57:56+00:00,1,147,jobseeker/company-relationships.png,56,1484180,0.020351157400051806
bruceoutdoors/Intro-Design-Patterns-Cpp-Qt5/,2024-10-05 02:57:56+00:00,1,147,carclass/hondurota.png,56,1484180,0.020351157400051806
bruceoutdoors/Intro-Design-Patterns-Cpp-Qt5/,2024-10-05 02:57:56+00:00,1,147,jobseeker/company.png,56,1484180,0.020351157400051806
bruceoutdoors/Intro-Design-Patterns-Cpp-Qt5/,2024-10-05 02:57:56+00:00,1,147,jobseeker/person.png,56,1484180,0.020351157400051806
bruceoutdoors/Intro-Design-Patterns-Cpp-Qt5/,2024-10-05 02:57:56+00:00,1,147,jobseeker/to1.png,56,1484180,0.020351157400051806
bruceoutdoors/Intro-Design-Patterns-Cpp-Qt5/,2024-10-05 02:57:56+00:00,1,147,libs/customer/customerlistuml.png,56,1484180,0.020351157400051806
bruceoutdoors/Intro-Design-Patterns-Cpp-Qt5/,2024-10-05 02:57:56+00:00,1,147,libs/customer/customerfactory.png,56,1484180,0.020351157400051806
shigeya/omnetpp/,2024-09-16 20:16:20+00:00,1,14,doc/api/classcWatch__uchar.png,246,7283292,0.018217146307431542
shigeya/omnetpp/,2024-09-16 20:16:20+00:00,1,14,doc/nedxml-api/classCompoundModuleElement.png,246,7283292,0.018217146307431542
shigeya/omnetpp/,2024-09-16 20:16:20+00:00,1,14,doc/nedxml-api/classConnectionsElement.png,246,7283292,0.018217146307431542
shigeya/omnetpp/,2024-09-16 20:16:20+00:00,1,14,doc/nedxml-api/classConnectionGroupElement.png,246,7283292,0.018217146307431542
shigeya/omnetpp/,2024-09-16 20:16:20+00:00,1,14,doc/nedxml-api/classConnectionElement.png,246,7283292,0.018217146307431542
shigeya/omnetpp/,2024-09-16 20:16:20+00:00,1,14,doc/nedxml-api/classConditionElement.png,246,7283292,0.018217146307431542
shigeya/omnetpp/,2024-09-16 20:16:20+00:00,1,14,doc/nedxml-api/classCommentElement.png,246,7283292,0.018217146307431542
shigeya/omnetpp/,2024-09-16 20:16:20+00:00,1,14,doc/api/classcWeightedStdDev.png,246,7283292,0.018217146307431542
shigeya/omnetpp/,2024-09-16 20:16:20+00:00,1,14,doc/nedxml-api/classClassElement.png,246,7283292,0.018217146307431542
shigeya/omnetpp/,2024-09-16 20:16:20+00:00,1,14,doc/nedxml-api/classClassDeclElement.png,246,7283292,0.018217146307431542
shigeya/omnetpp/,2024-09-16 20:16:20+00:00,1,14,doc/nedxml-api/classChannelInterfaceElement.png,246,7283292,0.018217146307431542
shigeya/omnetpp/,2024-09-16 20:16:20+00:00,1,14,doc/nedxml-api/classCplusplusElement.png,246,7283292,0.018217146307431542
shigeya/omnetpp/,2024-09-16 20:16:20+00:00,1,14,doc/api/classnoncopyable.png,246,7283292,0.018217146307431542
shigeya/omnetpp/,2024-09-16 20:16:20+00:00,1,14,doc/api/classcXMLParImpl.png,246,7283292,0.018217146307431542
shigeya/omnetpp/,2024-09-16 20:16:20+00:00,1,14,doc/api/classcXMLElement_1_1ParamResolver.png,246,7283292,0.018217146307431542
shigeya/omnetpp/,2024-09-16 20:16:20+00:00,1,14,doc/nedxml-api/classChannelElement.png,246,7283292,0.018217146307431542
shigeya/omnetpp/,2024-09-16 20:16:20+00:00,1,14,doc/nedxml-api/classFunctionElement.png,246,7283292,0.018217146307431542
shigeya/omnetpp/,2024-09-16 20:16:20+00:00,1,14,doc/nedxml-api/classEnumDeclElement.png,246,7283292,0.018217146307431542
shigeya/omnetpp/,2024-09-16 20:16:20+00:00,1,14,doc/nedxml-api/classEnumElement.png,246,7283292,0.018217146307431542
shigeya/omnetpp/,2024-09-16 20:16:20+00:00,1,14,doc/nedxml-api/classEnumFieldElement.png,246,7283292,0.018217146307431542
shigeya/omnetpp/,2024-09-16 20:16:20+00:00,1,14,doc/nedxml-api/classEnumFieldsElement.png,246,7283292,0.018217146307431542
shigeya/omnetpp/,2024-09-16 20:16:20+00:00,1,14,doc/nedxml-api/classExpressionElement.png,246,7283292,0.018217146307431542
shigeya/omnetpp/,2024-09-16 20:16:20+00:00,1,14,doc/nedxml-api/classExtendsElement.png,246,7283292,0.018217146307431542
shigeya/omnetpp/,2024-09-16 20:16:20+00:00,1,14,doc/nedxml-api/classFieldElement.png,246,7283292,0.018217146307431542
shigeya/omnetpp/,2024-09-16 20:16:20+00:00,1,14,doc/nedxml-api/classFilesElement.png,246,7283292,0.018217146307431542
shigeya/omnetpp/,2024-09-16 20:16:20+00:00,1,14,doc/api/classcWatch__char.png,246,7283292,0.018217146307431542
shigeya/omnetpp/,2024-09-16 20:16:20+00:00,1,14,doc/nedxml-api/classGateElement.png,246,7283292,0.018217146307431542
shigeya/omnetpp/,2024-09-16 20:16:20+00:00,1,14,doc/nedxml-api/classGatesElement.png,246,7283292,0.018217146307431542
shigeya/omnetpp/,2024-09-16 20:16:20+00:00,1,14,doc/nedxml-api/classIdentElement.png,246,7283292,0.018217146307431542
shigeya/omnetpp/,2024-09-16 20:16:20+00:00,1,14,doc/nedxml-api/classImportElement.png,246,7283292,0.018217146307431542
shigeya/omnetpp/,2024-09-16 20:16:20+00:00,1,14,doc/nedxml-api/classInterfaceNameElement.png,246,7283292,0.018217146307431542
shigeya/omnetpp/,2024-09-16 20:16:20+00:00,1,14,doc/nedxml-api/classLiteralElement.png,246,7283292,0.018217146307431542
shigeya/omnetpp/,2024-09-16 20:16:20+00:00,1,14,doc/api/classcWatch__stdstring.png,246,7283292,0.018217146307431542
shigeya/omnetpp/,2024-09-16 20:16:20+00:00,1,14,doc/api/classcSubModIterator.png,246,7283292,0.018217146307431542
shigeya/omnetpp/,2024-09-16 20:16:20+00:00,1,14,doc/api/classcWatch__cObjectPtr.png,246,7283292,0.018217146307431542
shigeya/omnetpp/,2024-09-16 20:16:20+00:00,1,14,doc/api/classcResultRecorderDescriptor.png,246,7283292,0.018217146307431542
shigeya/omnetpp/,2024-09-16 20:16:20+00:00,1,14,doc/api/classcSimulation.png,246,7283292,0.018217146307431542
shigeya/omnetpp/,2024-09-16 20:16:20+00:00,1,14,doc/api/classcSimpleModule.png,246,7283292,0.018217146307431542
shigeya/omnetpp/,2024-09-16 20:16:20+00:00,1,14,doc/api/classcSequentialScheduler.png,246,7283292,0.018217146307431542
shigeya/omnetpp/,2024-09-16 20:16:20+00:00,1,14,doc/api/classcScheduler.png,246,7283292,0.018217146307431542
shigeya/omnetpp/,2024-09-16 20:16:20+00:00,1,14,doc/api/classcRuntimeError.png,246,7283292,0.018217146307431542
shigeya/omnetpp/,2024-09-16 20:16:20+00:00,1,14,doc/api/classcRunnableEnvir.png,246,7283292,0.018217146307431542
shigeya/omnetpp/,2024-09-16 20:16:20+00:00,1,14,doc/api/classcResultRecorder.png,246,7283292,0.018217146307431542
shigeya/omnetpp/,2024-09-16 20:16:20+00:00,1,14,doc/api/classcWatch__cObject.png,246,7283292,0.018217146307431542
shigeya/omnetpp/,2024-09-16 20:16:20+00:00,1,14,doc/api/classcResultListener.png,246,7283292,0.018217146307431542
shigeya/omnetpp/,2024-09-16 20:16:20+00:00,1,14,doc/api/classcResultFilter.png,246,7283292,0.018217146307431542
shigeya/omnetpp/,2024-09-16 20:16:20+00:00,1,14,doc/api/classcRegistrationList.png,246,7283292,0.018217146307431542
shigeya/omnetpp/,2024-09-16 20:16:20+00:00,1,14,doc/api/classcRealTimeScheduler.png,246,7283292,0.018217146307431542
shigeya/omnetpp/,2024-09-16 20:16:20+00:00,1,14,doc/api/classcRNG.png,246,7283292,0.018217146307431542
shigeya/omnetpp/,2024-09-16 20:16:20+00:00,1,14,doc/api/classcQueue.png,246,7283292,0.018217146307431542
shigeya/omnetpp/,2024-09-16 20:16:20+00:00,1,14,doc/api/classcSnapshotManager.png,246,7283292,0.018217146307431542
shigeya/omnetpp/,2024-09-16 20:16:20+00:00,1,14,doc/api/classcStackCleanupException.png,246,7283292,0.018217146307431542
shigeya/omnetpp/,2024-09-16 20:16:20+00:00,1,14,doc/api/classcStatistic.png,246,7283292,0.018217146307431542
shigeya/omnetpp/,2024-09-16 20:16:20+00:00,1,14,doc/api/classcStdDev.png,246,7283292,0.018217146307431542
shigeya/omnetpp/,2024-09-16 20:16:20+00:00,1,14,doc/api/classcStringParImpl.png,246,7283292,0.018217146307431542
shigeya/omnetpp/,2024-09-16 20:16:20+00:00,1,14,doc/nedxml-api/classMessageDeclElement.png,246,7283292,0.018217146307431542
shigeya/omnetpp/,2024-09-16 20:16:20+00:00,1,14,doc/api/classcTDExpandingWindows.png,246,7283292,0.018217146307431542
shigeya/omnetpp/,2024-09-16 20:16:20+00:00,1,14,doc/api/classcTerminationException.png,246,7283292,0.018217146307431542
shigeya/omnetpp/,2024-09-16 20:16:20+00:00,1,14,doc/api/classcTimestampedValue.png,246,7283292,0.018217146307431542
shigeya/omnetpp/,2024-09-16 20:16:20+00:00,1,14,doc/api/classcTopology.png,246,7283292,0.018217146307431542
shigeya/omnetpp/,2024-09-16 20:16:20+00:00,1,14,doc/api/classcTopology_1_1Link.png,246,7283292,0.018217146307431542
shigeya/omnetpp/,2024-09-16 20:16:20+00:00,1,14,doc/api/classcTopology_1_1LinkIn.png,246,7283292,0.018217146307431542
shigeya/omnetpp/,2024-09-16 20:16:20+00:00,1,14,doc/api/classcTopology_1_1LinkOut.png,246,7283292,0.018217146307431542
shigeya/omnetpp/,2024-09-16 20:16:20+00:00,1,14,doc/api/classcTransientDetection.png,246,7283292,0.018217146307431542
shigeya/omnetpp/,2024-09-16 20:16:20+00:00,1,14,doc/api/classcVarHistogram.png,246,7283292,0.018217146307431542
shigeya/omnetpp/,2024-09-16 20:16:20+00:00,1,14,doc/api/classcWatchBase.png,246,7283292,0.018217146307431542
shigeya/omnetpp/,2024-09-16 20:16:20+00:00,1,14,doc/api/classcWatch__bool.png,246,7283292,0.018217146307431542
shigeya/omnetpp/,2024-09-16 20:16:20+00:00,1,14,doc/nedxml-api/classLoopElement.png,246,7283292,0.018217146307431542
shigeya/omnetpp/,2024-09-16 20:16:20+00:00,1,14,doc/nedxml-api/classOperatorElement.png,246,7283292,0.018217146307431542
shigeya/omnetpp/,2024-09-16 20:16:20+00:00,1,14,doc/nedxml-api/classMessageElement.png,246,7283292,0.018217146307431542
shigeya/omnetpp/,2024-09-16 20:16:20+00:00,1,14,doc/tictoc-tutorial/classTxc6.png,246,7283292,0.018217146307431542
shigeya/omnetpp/,2024-09-16 20:16:20+00:00,1,14,doc/parsim-api/classcParsimSynchronizer.png,246,7283292,0.018217146307431542
shigeya/omnetpp/,2024-09-16 20:16:20+00:00,1,14,doc/parsim-api/classcParsimProtocolBase.png,246,7283292,0.018217146307431542
shigeya/omnetpp/,2024-09-16 20:16:20+00:00,1,14,doc/tictoc-tutorial/classTxc2.png,246,7283292,0.018217146307431542
shigeya/omnetpp/,2024-09-16 20:16:20+00:00,1,14,doc/tictoc-tutorial/classTxc3.png,246,7283292,0.018217146307431542
shigeya/omnetpp/,2024-09-16 20:16:20+00:00,1,14,doc/tictoc-tutorial/classTxc4.png,246,7283292,0.018217146307431542
shigeya/omnetpp/,2024-09-16 20:16:20+00:00,1,14,doc/tictoc-tutorial/classTxc5.png,246,7283292,0.018217146307431542
shigeya/omnetpp/,2024-09-16 20:16:20+00:00,1,14,doc/tictoc-tutorial/classTxc7.png,246,7283292,0.018217146307431542
shigeya/omnetpp/,2024-09-16 20:16:20+00:00,1,14,doc/parsim-api/classcIdealSimulationProtocol.png,246,7283292,0.018217146307431542
shigeya/omnetpp/,2024-09-16 20:16:20+00:00,1,14,doc/parsim-api/classcParsimPartition.png,246,7283292,0.018217146307431542
shigeya/omnetpp/,2024-09-16 20:16:20+00:00,1,14,doc/parsim-api/classcNullMessageProtocol.png,246,7283292,0.018217146307431542
shigeya/omnetpp/,2024-09-16 20:16:20+00:00,1,14,doc/parsim-api/classcNoSynchronization.png,246,7283292,0.018217146307431542
shigeya/omnetpp/,2024-09-16 20:16:20+00:00,1,14,doc/parsim-api/classcNamedPipeCommunications.png,246,7283292,0.018217146307431542
shigeya/omnetpp/,2024-09-16 20:16:20+00:00,1,14,doc/parsim-api/classcNMPLookahead.png,246,7283292,0.018217146307431542
shigeya/omnetpp/,2024-09-16 20:16:20+00:00,1,14,doc/parsim-api/classcMemCommBuffer.png,246,7283292,0.018217146307431542
shigeya/omnetpp/,2024-09-16 20:16:20+00:00,1,14,doc/parsim-api/classcPlaceholderModule.png,246,7283292,0.018217146307431542
shigeya/omnetpp/,2024-09-16 20:16:20+00:00,1,14,doc/parsim-api/classcProxyGate.png,246,7283292,0.018217146307431542
shigeya/omnetpp/,2024-09-16 20:16:20+00:00,1,14,doc/parsim-api/classcReceivedException.png,246,7283292,0.018217146307431542
shigeya/omnetpp/,2024-09-16 20:16:20+00:00,1,14,doc/parsim-api/classcReceivedTerminationException.png,246,7283292,0.018217146307431542
shigeya/omnetpp/,2024-09-16 20:16:20+00:00,1,14,doc/tictoc-tutorial/classTic8.png,246,7283292,0.018217146307431542
shigeya/omnetpp/,2024-09-16 20:16:20+00:00,1,14,doc/tictoc-tutorial/classTic9.png,246,7283292,0.018217146307431542
shigeya/omnetpp/,2024-09-16 20:16:20+00:00,1,14,doc/tictoc-tutorial/classToc8.png,246,7283292,0.018217146307431542
shigeya/omnetpp/,2024-09-16 20:16:20+00:00,1,14,doc/tictoc-tutorial/classToc9.png,246,7283292,0.018217146307431542
shigeya/omnetpp/,2024-09-16 20:16:20+00:00,1,14,doc/tictoc-tutorial/classTxc1.png,246,7283292,0.018217146307431542
shigeya/omnetpp/,2024-09-16 20:16:20+00:00,1,14,doc/tictoc-tutorial/classTxc10.png,246,7283292,0.018217146307431542
shigeya/omnetpp/,2024-09-16 20:16:20+00:00,1,14,doc/tictoc-tutorial/classTxc11.png,246,7283292,0.018217146307431542
shigeya/omnetpp/,2024-09-16 20:16:20+00:00,1,14,doc/tictoc-tutorial/classTxc12.png,246,7283292,0.018217146307431542
shigeya/omnetpp/,2024-09-16 20:16:20+00:00,1,14,doc/tictoc-tutorial/classTxc13.png,246,7283292,0.018217146307431542
shigeya/omnetpp/,2024-09-16 20:16:20+00:00,1,14,doc/tictoc-tutorial/classTxc14.png,246,7283292,0.018217146307431542
shigeya/omnetpp/,2024-09-16 20:16:20+00:00,1,14,doc/tictoc-tutorial/classTxc15.png,246,7283292,0.018217146307431542
shigeya/omnetpp/,2024-09-16 20:16:20+00:00,1,14,doc/tictoc-tutorial/classTxc16.png,246,7283292,0.018217146307431542
shigeya/omnetpp/,2024-09-16 20:16:20+00:00,1,14,doc/api/classcProperties.png,246,7283292,0.018217146307431542
shigeya/omnetpp/,2024-09-16 20:16:20+00:00,1,14,doc/parsim-api/classcLinkDelayLookahead.png,246,7283292,0.018217146307431542
shigeya/omnetpp/,2024-09-16 20:16:20+00:00,1,14,doc/parsim-api/classcISPEventLogger.png,246,7283292,0.018217146307431542
shigeya/omnetpp/,2024-09-16 20:16:20+00:00,1,14,doc/nedxml-api/classModuleInterfaceElement.png,246,7283292,0.018217146307431542
shigeya/omnetpp/,2024-09-16 20:16:20+00:00,1,14,doc/nedxml-api/classNEDSAXHandler.png,246,7283292,0.018217146307431542
shigeya/omnetpp/,2024-09-16 20:16:20+00:00,1,14,doc/nedxml-api/classPacketDeclElement.png,246,7283292,0.018217146307431542
shigeya/omnetpp/,2024-09-16 20:16:20+00:00,1,14,doc/nedxml-api/classPackageElement.png,246,7283292,0.018217146307431542
shigeya/omnetpp/,2024-09-16 20:16:20+00:00,1,14,doc/nedxml-api/classNedFileElement.png,246,7283292,0.018217146307431542
shigeya/omnetpp/,2024-09-16 20:16:20+00:00,1,14,doc/nedxml-api/classNamespaceElement.png,246,7283292,0.018217146307431542
shigeya/omnetpp/,2024-09-16 20:16:20+00:00,1,14,doc/nedxml-api/classNEDValidatorBase.png,246,7283292,0.018217146307431542
shigeya/omnetpp/,2024-09-16 20:16:20+00:00,1,14,doc/nedxml-api/classNEDSyntaxValidator.png,246,7283292,0.018217146307431542
shigeya/omnetpp/,2024-09-16 20:16:20+00:00,1,14,doc/nedxml-api/classNEDResourceCache_1_1INEDTypeNames.png,246,7283292,0.018217146307431542
shigeya/omnetpp/,2024-09-16 20:16:20+00:00,1,14,doc/parsim-api/classcFileCommunications.png,246,7283292,0.018217146307431542
shigeya/omnetpp/,2024-09-16 20:16:20+00:00,1,14,doc/nedxml-api/classNEDResourceCache_1_1CachedTypeNames.png,246,7283292,0.018217146307431542
shigeya/omnetpp/,2024-09-16 20:16:20+00:00,1,14,doc/nedxml-api/classNEDElement.png,246,7283292,0.018217146307431542
shigeya/omnetpp/,2024-09-16 20:16:20+00:00,1,14,doc/nedxml-api/classNEDDTDValidatorBase.png,246,7283292,0.018217146307431542
shigeya/omnetpp/,2024-09-16 20:16:20+00:00,1,14,doc/nedxml-api/classNEDDTDValidator.png,246,7283292,0.018217146307431542
shigeya/omnetpp/,2024-09-16 20:16:20+00:00,1,14,doc/nedxml-api/classNEDCrossValidator.png,246,7283292,0.018217146307431542
shigeya/omnetpp/,2024-09-16 20:16:20+00:00,1,14,doc/nedxml-api/classMsgFileElement.png,246,7283292,0.018217146307431542
shigeya/omnetpp/,2024-09-16 20:16:20+00:00,1,14,doc/nedxml-api/classPacketElement.png,246,7283292,0.018217146307431542
shigeya/omnetpp/,2024-09-16 20:16:20+00:00,1,14,doc/nedxml-api/classParamElement.png,246,7283292,0.018217146307431542
shigeya/omnetpp/,2024-09-16 20:16:20+00:00,1,14,doc/nedxml-api/classParametersElement.png,246,7283292,0.018217146307431542
shigeya/omnetpp/,2024-09-16 20:16:20+00:00,1,14,doc/nedxml-api/classPropertyDeclElement.png,246,7283292,0.018217146307431542
shigeya/omnetpp/,2024-09-16 20:16:20+00:00,1,14,doc/nedxml-api/classPropertyElement.png,246,7283292,0.018217146307431542
shigeya/omnetpp/,2024-09-16 20:16:20+00:00,1,14,doc/nedxml-api/classPropertyKeyElement.png,246,7283292,0.018217146307431542
shigeya/omnetpp/,2024-09-16 20:16:20+00:00,1,14,doc/nedxml-api/classSAXHandler.png,246,7283292,0.018217146307431542
shigeya/omnetpp/,2024-09-16 20:16:20+00:00,1,14,doc/nedxml-api/classSimpleModuleElement.png,246,7283292,0.018217146307431542
shigeya/omnetpp/,2024-09-16 20:16:20+00:00,1,14,doc/nedxml-api/classStructDeclElement.png,246,7283292,0.018217146307431542
shigeya/omnetpp/,2024-09-16 20:16:20+00:00,1,14,doc/nedxml-api/classStructElement.png,246,7283292,0.018217146307431542
shigeya/omnetpp/,2024-09-16 20:16:20+00:00,1,14,doc/nedxml-api/classSubmoduleElement.png,246,7283292,0.018217146307431542
shigeya/omnetpp/,2024-09-16 20:16:20+00:00,1,14,doc/nedxml-api/classSubmodulesElement.png,246,7283292,0.018217146307431542
shigeya/omnetpp/,2024-09-16 20:16:20+00:00,1,14,doc/nedxml-api/classTypesElement.png,246,7283292,0.018217146307431542
shigeya/omnetpp/,2024-09-16 20:16:20+00:00,1,14,doc/nedxml-api/classUnknownElement.png,246,7283292,0.018217146307431542
shigeya/omnetpp/,2024-09-16 20:16:20+00:00,1,14,doc/parsim-api/classcAdvancedLinkDelayLookahead.png,246,7283292,0.018217146307431542
shigeya/omnetpp/,2024-09-16 20:16:20+00:00,1,14,doc/parsim-api/classcCommBufferBase.png,246,7283292,0.018217146307431542
shigeya/omnetpp/,2024-09-16 20:16:20+00:00,1,14,doc/parsim-api/classcFileCommBuffer.png,246,7283292,0.018217146307431542
shigeya/omnetpp/,2024-09-16 20:16:20+00:00,1,14,doc/api/classcProperty.png,246,7283292,0.018217146307431542
shigeya/omnetpp/,2024-09-16 20:16:20+00:00,1,14,doc/api/classcResultFilterDescriptor.png,246,7283292,0.018217146307431542
shigeya/omnetpp/,2024-09-16 20:16:20+00:00,1,14,doc/api/classcPrePathCutNotification.png,246,7283292,0.018217146307431542
shigeya/omnetpp/,2024-09-16 20:16:20+00:00,1,14,doc/api/classcGenericAssignableWatch.png,246,7283292,0.018217146307431542
shigeya/omnetpp/,2024-09-16 20:16:20+00:00,1,14,doc/api/classcDensityEstBase.png,246,7283292,0.018217146307431542
shigeya/omnetpp/,2024-09-16 20:16:20+00:00,1,14,doc/api/classcDoubleHistogram.png,246,7283292,0.018217146307431542
shigeya/omnetpp/,2024-09-16 20:16:20+00:00,1,14,doc/api/classcDoubleParImpl.png,246,7283292,0.018217146307431542
shigeya/omnetpp/,2024-09-16 20:16:20+00:00,1,14,doc/api/classcDynamicExpression.png,246,7283292,0.018217146307431542
shigeya/omnetpp/,2024-09-16 20:16:20+00:00,1,14,doc/api/classcDynamicExpression_1_1Functor.png,246,7283292,0.018217146307431542
shigeya/omnetpp/,2024-09-16 20:16:20+00:00,1,14,doc/api/classcEnum.png,246,7283292,0.018217146307431542
shigeya/omnetpp/,2024-09-16 20:16:20+00:00,1,14,doc/api/classcEnvir.png,246,7283292,0.018217146307431542
shigeya/omnetpp/,2024-09-16 20:16:20+00:00,1,14,doc/api/classcException.png,246,7283292,0.018217146307431542
shigeya/omnetpp/,2024-09-16 20:16:20+00:00,1,14,doc/api/classcExpression.png,246,7283292,0.018217146307431542
shigeya/omnetpp/,2024-09-16 20:16:20+00:00,1,14,doc/api/classcFSM.png,246,7283292,0.018217146307431542
shigeya/omnetpp/,2024-09-16 20:16:20+00:00,1,14,doc/api/classcGate.png,246,7283292,0.018217146307431542
shigeya/omnetpp/,2024-09-16 20:16:20+00:00,1,14,doc/api/classcGenericReadonlyWatch.png,246,7283292,0.018217146307431542
shigeya/omnetpp/,2024-09-16 20:16:20+00:00,1,14,doc/api/classcMatchableString.png,246,7283292,0.018217146307431542
shigeya/omnetpp/,2024-09-16 20:16:20+00:00,1,14,doc/api/classcHasher.png,246,7283292,0.018217146307431542
shigeya/omnetpp/,2024-09-16 20:16:20+00:00,1,14,doc/api/classcHistogram.png,246,7283292,0.018217146307431542
shigeya/omnetpp/,2024-09-16 20:16:20+00:00,1,14,doc/api/classcHistogramBase.png,246,7283292,0.018217146307431542
shigeya/omnetpp/,2024-09-16 20:16:20+00:00,1,14,doc/api/classcIListener.png,246,7283292,0.018217146307431542
shigeya/omnetpp/,2024-09-16 20:16:20+00:00,1,14,doc/api/classcITimestampedValue.png,246,7283292,0.018217146307431542
shigeya/omnetpp/,2024-09-16 20:16:20+00:00,1,14,doc/api/classcIdealChannel.png,246,7283292,0.018217146307431542
shigeya/omnetpp/,2024-09-16 20:16:20+00:00,1,14,doc/api/classcKSplit.png,246,7283292,0.018217146307431542
shigeya/omnetpp/,2024-09-16 20:16:20+00:00,1,14,doc/api/classcLCG32.png,246,7283292,0.018217146307431542
shigeya/omnetpp/,2024-09-16 20:16:20+00:00,1,14,doc/api/classcListener.png,246,7283292,0.018217146307431542
shigeya/omnetpp/,2024-09-16 20:16:20+00:00,1,14,doc/api/classcLongHistogram.png,246,7283292,0.018217146307431542
shigeya/omnetpp/,2024-09-16 20:16:20+00:00,1,14,doc/api/classcLongParImpl.png,246,7283292,0.018217146307431542
shigeya/omnetpp/,2024-09-16 20:16:20+00:00,1,14,doc/api/classcDeleteModuleException.png,246,7283292,0.018217146307431542
shigeya/omnetpp/,2024-09-16 20:16:20+00:00,1,14,doc/api/classcDelayChannel.png,246,7283292,0.018217146307431542
shigeya/omnetpp/,2024-09-16 20:16:20+00:00,1,14,doc/api/classcDefaultList.png,246,7283292,0.018217146307431542
shigeya/omnetpp/,2024-09-16 20:16:20+00:00,1,14,doc/api/classcDatarateChannel.png,246,7283292,0.018217146307431542
shigeya/omnetpp/,2024-09-16 20:16:20+00:00,1,14,doc/api/classcPrePathCreateNotification.png,246,7283292,0.018217146307431542
shigeya/omnetpp/,2024-09-16 20:16:20+00:00,1,14,doc/api/classModNameParamResolver.png,246,7283292,0.018217146307431542
shigeya/omnetpp/,2024-09-16 20:16:20+00:00,1,14,doc/api/classNEDSupport_1_1LoopVar.png,246,7283292,0.018217146307431542
shigeya/omnetpp/,2024-09-16 20:16:20+00:00,1,14,doc/api/classNEDSupport_1_1ParameterRef.png,246,7283292,0.018217146307431542
shigeya/omnetpp/,2024-09-16 20:16:20+00:00,1,14,doc/api/classNEDSupport_1_1SiblingModuleParameterRef.png,246,7283292,0.018217146307431542
shigeya/omnetpp/,2024-09-16 20:16:20+00:00,1,14,doc/api/classNEDSupport_1_1Sizeof.png,246,7283292,0.018217146307431542
shigeya/omnetpp/,2024-09-16 20:16:20+00:00,1,14,doc/api/classStringMapParamResolver.png,246,7283292,0.018217146307431542
shigeya/omnetpp/,2024-09-16 20:16:20+00:00,1,14,doc/api/classcADByStddev.png,246,7283292,0.018217146307431542
shigeya/omnetpp/,2024-09-16 20:16:20+00:00,1,14,doc/api/classcAccuracyDetection.png,246,7283292,0.018217146307431542
shigeya/omnetpp/,2024-09-16 20:16:20+00:00,1,14,doc/api/classcArray.png,246,7283292,0.018217146307431542
shigeya/omnetpp/,2024-09-16 20:16:20+00:00,1,14,doc/api/classcBoolParImpl.png,246,7283292,0.018217146307431542
shigeya/omnetpp/,2024-09-16 20:16:20+00:00,1,14,doc/api/classcChannel.png,246,7283292,0.018217146307431542
shigeya/omnetpp/,2024-09-16 20:16:20+00:00,1,14,doc/api/classcChannelType.png,246,7283292,0.018217146307431542
shigeya/omnetpp/,2024-09-16 20:16:20+00:00,1,14,doc/api/classcChannel_1_1MessageSentSignalValue.png,246,7283292,0.018217146307431542
shigeya/omnetpp/,2024-09-16 20:16:20+00:00,1,14,doc/api/classcClassDescriptor.png,246,7283292,0.018217146307431542
shigeya/omnetpp/,2024-09-16 20:16:20+00:00,1,14,doc/api/classcCommBuffer.png,246,7283292,0.018217146307431542
shigeya/omnetpp/,2024-09-16 20:16:20+00:00,1,14,doc/api/classcComponent.png,246,7283292,0.018217146307431542
shigeya/omnetpp/,2024-09-16 20:16:20+00:00,1,14,doc/api/classcComponentType.png,246,7283292,0.018217146307431542
shigeya/omnetpp/,2024-09-16 20:16:20+00:00,1,14,doc/api/classcCompoundModule.png,246,7283292,0.018217146307431542
shigeya/omnetpp/,2024-09-16 20:16:20+00:00,1,14,doc/api/classcConfigOption.png,246,7283292,0.018217146307431542
shigeya/omnetpp/,2024-09-16 20:16:20+00:00,1,14,doc/api/classcConfiguration.png,246,7283292,0.018217146307431542
shigeya/omnetpp/,2024-09-16 20:16:20+00:00,1,14,doc/api/classcConfigurationEx.png,246,7283292,0.018217146307431542
shigeya/omnetpp/,2024-09-16 20:16:20+00:00,1,14,doc/api/classcContextSwitcher.png,246,7283292,0.018217146307431542
shigeya/omnetpp/,2024-09-16 20:16:20+00:00,1,14,doc/api/classcMatchExpression_1_1Matchable.png,246,7283292,0.018217146307431542
shigeya/omnetpp/,2024-09-16 20:16:20+00:00,1,14,doc/api/classcLinkedList.png,246,7283292,0.018217146307431542
shigeya/omnetpp/,2024-09-16 20:16:20+00:00,1,14,doc/api/classcMersenneTwister.png,246,7283292,0.018217146307431542
shigeya/omnetpp/,2024-09-16 20:16:20+00:00,1,14,doc/api/classcPostParameterChangeNotification.png,246,7283292,0.018217146307431542
shigeya/omnetpp/,2024-09-16 20:16:20+00:00,1,14,doc/api/classcParsimCommunications.png,246,7283292,0.018217146307431542
shigeya/omnetpp/,2024-09-16 20:16:20+00:00,1,14,doc/api/classcPathChangeNotification.png,246,7283292,0.018217146307431542
shigeya/omnetpp/,2024-09-16 20:16:20+00:00,1,14,doc/api/classcPostDisplayStringChangeNotification.png,246,7283292,0.018217146307431542
shigeya/omnetpp/,2024-09-16 20:16:20+00:00,1,14,doc/api/classcMessage.png,246,7283292,0.018217146307431542
shigeya/omnetpp/,2024-09-16 20:16:20+00:00,1,14,doc/api/classcPostGateConnectNotification.png,246,7283292,0.018217146307431542
shigeya/omnetpp/,2024-09-16 20:16:20+00:00,1,14,doc/api/classcPostGateDeleteNotification.png,246,7283292,0.018217146307431542
shigeya/omnetpp/,2024-09-16 20:16:20+00:00,1,14,doc/api/classcPostGateDisconnectNotification.png,246,7283292,0.018217146307431542
shigeya/omnetpp/,2024-09-16 20:16:20+00:00,1,14,doc/api/classcPostGateVectorResizeNotification.png,246,7283292,0.018217146307431542
shigeya/omnetpp/,2024-09-16 20:16:20+00:00,1,14,doc/api/classcPostModuleAddNotification.png,246,7283292,0.018217146307431542
shigeya/omnetpp/,2024-09-16 20:16:20+00:00,1,14,doc/api/classcPostModuleDeleteNotification.png,246,7283292,0.018217146307431542
shigeya/omnetpp/,2024-09-16 20:16:20+00:00,1,14,doc/api/classcPostModuleReparentNotification.png,246,7283292,0.018217146307431542
shigeya/omnetpp/,2024-09-16 20:16:20+00:00,1,14,doc/api/classcPostPathCreateNotification.png,246,7283292,0.018217146307431542
shigeya/omnetpp/,2024-09-16 20:16:20+00:00,1,14,doc/api/classcPar.png,246,7283292,0.018217146307431542
shigeya/omnetpp/,2024-09-16 20:16:20+00:00,1,14,doc/api/classcPostPathCutNotification.png,246,7283292,0.018217146307431542
shigeya/omnetpp/,2024-09-16 20:16:20+00:00,1,14,doc/api/classcPreDisplayStringChangeNotification.png,246,7283292,0.018217146307431542
shigeya/omnetpp/,2024-09-16 20:16:20+00:00,1,14,doc/api/classcPreGateAddNotification.png,246,7283292,0.018217146307431542
shigeya/omnetpp/,2024-09-16 20:16:20+00:00,1,14,doc/api/classcPreGateConnectNotification.png,246,7283292,0.018217146307431542
shigeya/omnetpp/,2024-09-16 20:16:20+00:00,1,14,doc/api/classcPreGateDeleteNotification.png,246,7283292,0.018217146307431542
shigeya/omnetpp/,2024-09-16 20:16:20+00:00,1,14,doc/api/classcPreGateDisconnectNotification.png,246,7283292,0.018217146307431542
shigeya/omnetpp/,2024-09-16 20:16:20+00:00,1,14,doc/api/classcPreGateVectorResizeNotification.png,246,7283292,0.018217146307431542
shigeya/omnetpp/,2024-09-16 20:16:20+00:00,1,14,doc/api/classcPreModuleAddNotification.png,246,7283292,0.018217146307431542
shigeya/omnetpp/,2024-09-16 20:16:20+00:00,1,14,doc/api/classcPreModuleDeleteNotification.png,246,7283292,0.018217146307431542
shigeya/omnetpp/,2024-09-16 20:16:20+00:00,1,14,doc/api/classcPreModuleReparentNotification.png,246,7283292,0.018217146307431542
shigeya/omnetpp/,2024-09-16 20:16:20+00:00,1,14,doc/api/classcPreParameterChangeNotification.png,246,7283292,0.018217146307431542
shigeya/omnetpp/,2024-09-16 20:16:20+00:00,1,14,doc/api/classcParImpl.png,246,7283292,0.018217146307431542
shigeya/omnetpp/,2024-09-16 20:16:20+00:00,1,14,doc/api/classcPostGateAddNotification.png,246,7283292,0.018217146307431542
shigeya/omnetpp/,2024-09-16 20:16:20+00:00,1,14,doc/api/classcPacketQueue.png,246,7283292,0.018217146307431542
shigeya/omnetpp/,2024-09-16 20:16:20+00:00,1,14,doc/api/classcNoncopyableOwnedObject.png,246,7283292,0.018217146307431542
shigeya/omnetpp/,2024-09-16 20:16:20+00:00,1,14,doc/api/classcMessageHeap.png,246,7283292,0.018217146307431542
shigeya/omnetpp/,2024-09-16 20:16:20+00:00,1,14,doc/api/classcMethodCallContextSwitcher.png,246,7283292,0.018217146307431542
shigeya/omnetpp/,2024-09-16 20:16:20+00:00,1,14,doc/api/classcModelChangeNotification.png,246,7283292,0.018217146307431542
shigeya/omnetpp/,2024-09-16 20:16:20+00:00,1,14,doc/api/classcModule.png,246,7283292,0.018217146307431542
shigeya/omnetpp/,2024-09-16 20:16:20+00:00,1,14,doc/api/classcModuleType.png,246,7283292,0.018217146307431542
shigeya/omnetpp/,2024-09-16 20:16:20+00:00,1,14,doc/api/classcPacket.png,246,7283292,0.018217146307431542
shigeya/omnetpp/,2024-09-16 20:16:20+00:00,1,14,doc/api/classcMsgPar.png,246,7283292,0.018217146307431542
shigeya/omnetpp/,2024-09-16 20:16:20+00:00,1,14,doc/api/classcNEDFunction.png,246,7283292,0.018217146307431542
shigeya/omnetpp/,2024-09-16 20:16:20+00:00,1,14,doc/api/classcNEDMathFunction.png,246,7283292,0.018217146307431542
shigeya/omnetpp/,2024-09-16 20:16:20+00:00,1,14,doc/api/classcNamedObject.png,246,7283292,0.018217146307431542
shigeya/omnetpp/,2024-09-16 20:16:20+00:00,1,14,doc/api/classcModule_1_1SubmoduleIterator.png,246,7283292,0.018217146307431542
shigeya/omnetpp/,2024-09-16 20:16:20+00:00,1,14,doc/api/classcNullEnvir.png,246,7283292,0.018217146307431542
shigeya/omnetpp/,2024-09-16 20:16:20+00:00,1,14,doc/api/classcNumericResultRecorder.png,246,7283292,0.018217146307431542
shigeya/omnetpp/,2024-09-16 20:16:20+00:00,1,14,doc/api/classcObject.png,246,7283292,0.018217146307431542
shigeya/omnetpp/,2024-09-16 20:16:20+00:00,1,14,doc/api/classcObjectFactory.png,246,7283292,0.018217146307431542
shigeya/omnetpp/,2024-09-16 20:16:20+00:00,1,14,doc/api/classcObjectResultFilter.png,246,7283292,0.018217146307431542
shigeya/omnetpp/,2024-09-16 20:16:20+00:00,1,14,doc/api/classcOutVector.png,246,7283292,0.018217146307431542
shigeya/omnetpp/,2024-09-16 20:16:20+00:00,1,14,doc/api/classcPSquare.png,246,7283292,0.018217146307431542
shigeya/omnetpp/,2024-09-16 20:16:20+00:00,1,14,doc/api/classcOutputScalarManager.png,246,7283292,0.018217146307431542
shigeya/omnetpp/,2024-09-16 20:16:20+00:00,1,14,doc/api/classcOutputVectorManager.png,246,7283292,0.018217146307431542
shigeya/omnetpp/,2024-09-16 20:16:20+00:00,1,14,doc/api/classcOwnedObject.png,246,7283292,0.018217146307431542
shigeya/omnetpp/,2024-09-16 20:16:20+00:00,1,14,doc/api/classcNumericResultFilter.png,246,7283292,0.018217146307431542
Andresteve07/FINAL_AyED/,2024-10-18 03:46:57+00:00,1,2,Informe/Imagenes/Diagrama_Clases_Final_AyED_v2.png,3,95740,0.016900123106025736
Andresteve07/FINAL_AyED/,2024-10-18 03:46:57+00:00,1,2,Otros/DiagramaClases_v1.png,3,95740,0.016900123106025736
Andresteve07/FINAL_AyED/,2024-10-18 03:46:57+00:00,1,2,Informe/Imagenes/Diagrama_Clases_Final_AyED.png,3,95740,0.016900123106025736
webfactory/content-mapping/,2024-09-04 13:53:31+00:00,4,4,doc/class-diagram.png,1,33748,0.015981049844574803
BrOrlandi/SFECommerce/,2024-05-29 18:28:04+00:00,3,15,uml_diagram.png,1,37284,0.014464855451277151
clbustos/PHP_Beautifier/,2024-02-29 22:52:33+00:00,5,107,site/uml/PackageOverviewbeautifier.jpg,6,303799,0.010649721980417411
clbustos/PHP_Beautifier/,2024-02-29 22:52:33+00:00,5,107,site/uml/PackageOverviewstreamwrapper.jpg,6,303799,0.010649721980417411
clbustos/PHP_Beautifier/,2024-02-29 22:52:33+00:00,5,107,site/uml/PackageOverviewpear.jpg,6,303799,0.010649721980417411
clbustos/PHP_Beautifier/,2024-02-29 22:52:33+00:00,5,107,site/uml/PackageOverwievphp.jpg,6,303799,0.010649721980417411
clbustos/PHP_Beautifier/,2024-02-29 22:52:33+00:00,5,107,site/uml/PackageOverviewbatch.jpg,6,303799,0.010649721980417411
clbustos/PHP_Beautifier/,2024-02-29 22:52:33+00:00,5,107,site/uml/PackagePHP_Beautifier.jpg,6,303799,0.010649721980417411
4dnucleome/cog-abm/,2024-08-09 17:24:23+00:00,3,6,doc/AgentClassDiagram.png,4,218076,0.009890245431579006
4dnucleome/cog-abm/,2024-08-09 17:24:23+00:00,3,6,doc/SimulationClassDiagram.png,4,218076,0.009890245431579006
4dnucleome/cog-abm/,2024-08-09 17:24:23+00:00,3,6,AgentClassDiagram.png,4,218076,0.009890245431579006
4dnucleome/cog-abm/,2024-08-09 17:24:23+00:00,3,6,SimulationClassDiagram.png,4,218076,0.009890245431579006
vlead/dataservice/,2024-01-16 06:27:15+00:00,7,1,src/diagrams/model-diagram.jpg,1,58263,0.00925431693655349
cjferba/Poker/,2024-09-21 05:38:06+00:00,1,2,Diagramadeclase.png,1,58418,0.00922974692613955
bboecherer/SailingSchoolManagerWPF/,2024-05-31 14:24:14+00:00,4,0,DB_BU.png,14,845015,0.00893286770584389
bboecherer/SailingSchoolManagerWPF/,2024-05-31 14:24:14+00:00,4,0,ClassDiagram1.jpg,14,845015,0.00893286770584389
bboecherer/SailingSchoolManagerWPF/,2024-05-31 14:24:14+00:00,4,0,ClassDiagram2.png,14,845015,0.00893286770584389
bboecherer/SailingSchoolManagerWPF/,2024-05-31 14:24:14+00:00,4,0,ClassDiagram3.png,14,845015,0.00893286770584389
bboecherer/SailingSchoolManagerWPF/,2024-05-31 14:24:14+00:00,4,0,ClassDiagram4.png,14,845015,0.00893286770584389
bboecherer/SailingSchoolManagerWPF/,2024-05-31 14:24:14+00:00,4,0,ClassDiagram5.png,14,845015,0.00893286770584389
bboecherer/SailingSchoolManagerWPF/,2024-05-31 14:24:14+00:00,4,0,ClassDiagram6.png,14,845015,0.00893286770584389
bboecherer/SailingSchoolManagerWPF/,2024-05-31 14:24:14+00:00,4,0,ClassDiagram7.png,14,845015,0.00893286770584389
bboecherer/SailingSchoolManagerWPF/,2024-05-31 14:24:14+00:00,4,0,ClassDiagram1.png,14,845015,0.00893286770584389
bboecherer/SailingSchoolManagerWPF/,2024-05-31 14:24:14+00:00,4,0,DB_Course.png,14,845015,0.00893286770584389
bboecherer/SailingSchoolManagerWPF/,2024-05-31 14:24:14+00:00,4,0,DB_Invoices.png,14,845015,0.00893286770584389
bboecherer/SailingSchoolManagerWPF/,2024-05-31 14:24:14+00:00,4,0,DB_Planing.png,14,845015,0.00893286770584389
bboecherer/SailingSchoolManagerWPF/,2024-05-31 14:24:14+00:00,4,0,DB_Qualis.png,14,845015,0.00893286770584389
bboecherer/SailingSchoolManagerWPF/,2024-05-31 14:24:14+00:00,4,0,DB_Student_Insructor.png,14,845015,0.00893286770584389
streambuf/recognition_numbers/,2024-04-16 11:26:55+00:00,1,12,screenshots/UML3.png,1,66527,0.008104012762585764
WouterJ/wouterj.github.com/,2024-09-14 13:53:45+00:00,14,1,img/security1-current-uml.png,2,138126,0.0078062166393208605
WouterJ/wouterj.github.com/,2024-09-14 13:53:45+00:00,14,1,img/security1-proposed-uml.png,2,138126,0.0078062166393208605
SquareBracketAssociates/PharoMooc/,2024-09-21 15:05:58+00:00,11,19,Slides/figures/NullObject.png,15,1098279,0.007362832608547908
SquareBracketAssociates/PharoMooc/,2024-09-21 15:05:58+00:00,11,19,Slides/figures/LODCoreProblem.png,15,1098279,0.007362832608547908
SquareBracketAssociates/PharoMooc/,2024-09-21 15:05:58+00:00,11,19,Slides/figures/VisitorReflectiveImplementation.png,15,1098279,0.007362832608547908
SquareBracketAssociates/PharoMooc/,2024-09-21 15:05:58+00:00,11,19,Slides/figures/Visitor-SimpleExpressionHierarchy.png,15,1098279,0.007362832608547908
SquareBracketAssociates/PharoMooc/,2024-09-21 15:05:58+00:00,11,19,Slides/figures/Visitor-Design.png,15,1098279,0.007362832608547908
SquareBracketAssociates/PharoMooc/,2024-09-21 15:05:58+00:00,11,19,Slides/figures/Visitor-DonodeClever.png,15,1098279,0.007362832608547908
SquareBracketAssociates/PharoMooc/,2024-09-21 15:05:58+00:00,11,19,Slides/figures/Visitor-ExpressionTree.png,15,1098279,0.007362832608547908
SquareBracketAssociates/PharoMooc/,2024-09-21 15:05:58+00:00,11,19,Slides/figures/Visitor-ExpressionsVisitor.png,15,1098279,0.007362832608547908
SquareBracketAssociates/PharoMooc/,2024-09-21 15:05:58+00:00,11,19,Slides/figures/Visitor-ItemControl.png,15,1098279,0.007362832608547908
SquareBracketAssociates/PharoMooc/,2024-09-21 15:05:58+00:00,11,19,Exercises/figures/LAN1-.png,15,1098279,0.007362832608547908
SquareBracketAssociates/PharoMooc/,2024-09-21 15:05:58+00:00,11,19,Slides/figures/Visitor-VisitorControl.png,15,1098279,0.007362832608547908
SquareBracketAssociates/PharoMooc/,2024-09-21 15:05:58+00:00,11,19,Slides/figures/Visitor-donodeStupid.png,15,1098279,0.007362832608547908
SquareBracketAssociates/PharoMooc/,2024-09-21 15:05:58+00:00,11,19,Slides/figures/items.png,15,1098279,0.007362832608547908
SquareBracketAssociates/PharoMooc/,2024-09-21 15:05:58+00:00,11,19,Slides/figures/AddressDescription.png,15,1098279,0.007362832608547908
SquareBracketAssociates/PharoMooc/,2024-09-21 15:05:58+00:00,11,19,Slides/figures/SUnitCore.png,15,1098279,0.007362832608547908
brian-j-smith/Mamba.jl/,2024-11-08 05:34:15+00:00,12,255,doc/images/variateUML.png,2,156387,0.006894013341325922
brian-j-smith/Mamba.jl/,2024-11-08 05:34:15+00:00,12,255,doc/images/mcmcUML.png,2,156387,0.006894013341325922
vulfgang/coursework-kitten/,2024-10-11 08:11:52+00:00,4,15,CIS64B/assignment-6/assignment-6-schema.png,9,859487,0.005643700441610204
vulfgang/coursework-kitten/,2024-10-11 08:11:52+00:00,4,15,CIS35B/Documentation/lab1_uml-class-diagramOLD.JPG,9,859487,0.005643700441610204
vulfgang/coursework-kitten/,2024-10-11 08:11:52+00:00,4,15,CIS29/Final-Lab/Documentation/uml-class-diagram.jpg,9,859487,0.005643700441610204
vulfgang/coursework-kitten/,2024-10-11 08:11:52+00:00,4,15,CIS35B/Assignment-1/lab-1_uml-class-diagram.jpg,9,859487,0.005643700441610204
vulfgang/coursework-kitten/,2024-10-11 08:11:52+00:00,4,15,CIS35B/Documentation/lab1_uml-class-diagramOLD1.jpg,9,859487,0.005643700441610204
vulfgang/coursework-kitten/,2024-10-11 08:11:52+00:00,4,15,CIS35B/Assignment-3/lab-3_uml-class-diagram.jpg,9,859487,0.005643700441610204
vulfgang/coursework-kitten/,2024-10-11 08:11:52+00:00,4,15,CIS35B/Assignment-4/lab-4_uml-class-diagram.jpg,9,859487,0.005643700441610204
vulfgang/coursework-kitten/,2024-10-11 08:11:52+00:00,4,15,CIS35B/Assignment-2/lab-2_uml-class-diagram.jpg,9,859487,0.005643700441610204
vulfgang/coursework-kitten/,2024-10-11 08:11:52+00:00,4,15,CIS35B/Assignment-5/lab-5_uml-class-diagram.jpg,9,859487,0.005643700441610204
TeamW/Sports-Elimination-TP3/,2023-12-10 21:09:03+00:00,3,2,docs/diagrams/classDiagram.png,1,116668,0.0046185819329723245
sprossiter/JSIT/,2024-08-26 23:12:56+00:00,1,2,src/main/resources/docs/diagrams/eventsArchitectureMarker.png,4,485502,0.004439223949090433
sprossiter/JSIT/,2024-08-26 23:12:56+00:00,1,2,src/main/resources/docs/diagrams/eventsArchitectureMessageBased.png,4,485502,0.004439223949090433
sprossiter/JSIT/,2024-08-26 23:12:56+00:00,1,2,src/main/resources/docs/diagrams/jsitUsageClassSimple.png,4,485502,0.004439223949090433
sprossiter/JSIT/,2024-08-26 23:12:56+00:00,1,2,src/main/resources/docs/diagrams/jsitUsageClassSimpleAnyLogic.png,4,485502,0.004439223949090433
Canadensys/narwhal-processor/,2023-11-29 01:10:31+00:00,5,6,doc/Narwhal Class Diagram.png,1,140721,0.0038281367532824935
snowplow/snowplow.github.com/,2024-07-30 10:55:01+00:00,20,16,assets/img/olap/star-schema.png,1,154809,0.0034792315913511913
venam/blog/,2024-09-09 06:35:06+00:00,1,2,assets/umlet.jpg,1,183692,0.002931246148083272
abreitenfeld/QCrystalTile/,2024-03-19 11:37:18+00:00,5,1,doc/architecture/architecture.svg,1,201201,0.002675650099879569
AlessandroSanino1994/NerdOrDungeons/,2024-02-28 02:41:46+00:00,1,3,UML/UML.png,1,203543,0.0026447959379604846
BKcore/JungleIN/,2024-01-11 10:15:19+00:00,1,92,doc/Overview of Deployment Model.jpg,1,206158,0.0026111735543139013
BeatProgramming/teacher_tracker/,2024-01-11 03:45:34+00:00,3,3,RECURSOS/Diagrama Entidad-Relacion.png,1,223669,0.002406284796542989
utn-frm-si/reservas/,2024-08-28 12:29:03+00:00,2,2,docs/uml/diagrama_clases.png,1,231710,0.002322575699252773
thethythy/Mnemopwd/,2024-06-13 13:39:13+00:00,1,0,design/class_diagram_server_side.png,2,580678,0.001852383410218696
thethythy/Mnemopwd/,2024-06-13 13:39:13+00:00,1,0,design/class_diagram_client_side.png,2,580678,0.001852383410218696
SleeplessByte/programming-life/,2024-09-12 13:45:00+00:00,6,18,docs/deliverables/ead/main_struct.png,2,583803,0.00184243642454681
SleeplessByte/programming-life/,2024-09-12 13:45:00+00:00,6,18,docs/deliverables/ead/cell_struct.png,2,583803,0.00184243642454681
tupilabs/tap4j/,2024-05-14 06:59:04+00:00,7,31,src/documents/uml/ClassDiagram1.jpg,1,327795,0.0016400458296363931
tourdedave/elemental-selenium-tips/,2024-05-18 08:18:30+00:00,8,285,vendor/apache-jmeter-2.11/docs/images/screenshots/class_diagram.gif,1,332847,0.001615063695270475
statismo/statismo/,2024-11-02 12:32:09+00:00,12,268,doc/IJ/pictures/class_diagram.png,3,1050303,0.001535178745723266
statismo/statismo/,2024-11-02 12:32:09+00:00,12,268,doc/IJ/pictures/class_diagram.svg,3,1050303,0.001535178745723266
statismo/statismo/,2024-11-02 12:32:09+00:00,12,268,doc/classdoc/class_diagram.png,3,1050303,0.001535178745723266
scikit-beam/scikit-beam/,2024-07-23 05:05:39+00:00,27,93,docs/source/img/arch/NSLS2Widget Object Diagram 5-23-14.jpg,2,761760,0.0014106452567386764
scikit-beam/scikit-beam/,2024-07-23 05:05:39+00:00,27,93,docs/source/img/arch/NSLS2Widgets.png,2,761760,0.0014106452567386764
stritti/log4js/,2024-10-25 17:21:56+00:00,8,449,log4js-site/xdocs/resources/images/Log4JS-UML.jpg,1,420200,0.0012780944234307375
BirgPublicizer/Metabolomics-Analysis-Toolbox/,2024-03-13 05:29:51+00:00,1,6,lib/matlab_xunit/architecture/html/class_diagram_c.gif,3,1470084,0.0010951303465817667
BirgPublicizer/Metabolomics-Analysis-Toolbox/,2024-03-13 05:29:51+00:00,1,6,lib/matlab_xunit/architecture/html/class_diagram_b.gif,3,1470084,0.0010951303465817667
BirgPublicizer/Metabolomics-Analysis-Toolbox/,2024-03-13 05:29:51+00:00,1,6,lib/matlab_xunit/architecture/html/class_diagram_a.gif,3,1470084,0.0010951303465817667
abulka/pynsource/,2024-11-09 15:06:43+00:00,4,287,src/dialogs/help-images/help-ascii.jpg,15,7428438,0.0010835668391573976
abulka/pynsource/,2024-11-09 15:06:43+00:00,4,287,src/dialogs/help-images/help01.jpg,15,7428438,0.0010835668391573976
abulka/pynsource/,2024-11-09 15:06:43+00:00,4,287,src/dialogs/help-images/help-colour.jpg,15,7428438,0.0010835668391573976
abulka/pynsource/,2024-11-09 15:06:43+00:00,4,287,Admin/doco-uml/parse_model_uml.png,15,7428438,0.0010835668391573976
abulka/pynsource/,2024-11-09 15:06:43+00:00,4,287,Research/misc information and doco/pyNSourceUML_example01.gif,15,7428438,0.0010835668391573976
abulka/pynsource/,2024-11-09 15:06:43+00:00,4,287,Research/yuml_python/yuml_order_example.png,15,7428438,0.0010835668391573976
abulka/pynsource/,2024-11-09 15:06:43+00:00,4,287,Research/yuml_python/outyuml2.png,15,7428438,0.0010835668391573976
abulka/pynsource/,2024-11-09 15:06:43+00:00,4,287,src/dialogs/help-images/plantuml01.jpg,15,7428438,0.0010835668391573976
abulka/pynsource/,2024-11-09 15:06:43+00:00,4,287,Admin/doco-uml/OGL-like UML 2015.png,15,7428438,0.0010835668391573976
abulka/pynsource/,2024-11-09 15:06:43+00:00,4,287,Admin/doco-uml/gui_uml_01_sha_884410.png,15,7428438,0.0010835668391573976
abulka/pynsource/,2024-11-09 15:06:43+00:00,4,287,Research/yuml_python/yuml_pynsource2_example.png,15,7428438,0.0010835668391573976
abulka/pynsource/,2024-11-09 15:06:43+00:00,4,287,Research/yuml_python/yuml_pynsource1_example.png,15,7428438,0.0010835668391573976
abulka/pynsource/,2024-11-09 15:06:43+00:00,4,287,Admin/doco-uml/gui_uml_latest.png,15,7428438,0.0010835668391573976
abulka/pynsource/,2024-11-09 15:06:43+00:00,4,287,Research/wx doco/Images/outyuml_big.png,15,7428438,0.0010835668391573976
abulka/pynsource/,2024-11-09 15:06:43+00:00,4,287,Research/yuml_python/yuml_pynsource3_example.png,15,7428438,0.0010835668391573976
afarber/alexander-farber/,2023-11-27 13:03:24+00:00,1,0,thesis/class-diagram-2.gif,2,1057270,0.0010147217623359024
afarber/alexander-farber/,2023-11-27 13:03:24+00:00,1,0,thesis/class-diagram-1.gif,2,1057270,0.0010147217623359024
tanure/ExemploMVP/,2024-01-16 12:38:06+00:00,1,2,src/ExemploMVP.Web/Images/DiagramaClasse.png,1,539014,0.0009950694923167198
spcs/synaps/,2024-08-31 00:54:47+00:00,4,17,doc/source/images/diagrams/CassandraDatabaseModel.jpg,1,579916,0.0009244714631218346
tmtxt/tmtxt.github.com/,2024-10-25 00:24:06+00:00,22,9,files/2013-03-30-microcontroller-emulation-in-cpp/class_diagram.png,1,584204,0.0009176427584772021
apache/click/,2024-10-07 04:28:28+00:00,4,14,documentation/xdocs/src/images/controls/container-package-class-diagram.png,6,3510795,0.0009161772905069564
apache/click/,2024-10-07 04:28:28+00:00,4,14,documentation/xdocs/src/images/ajax/ajax-class-diagram.png,6,3510795,0.0009161772905069564
apache/click/,2024-10-07 04:28:28+00:00,4,14,documentation/xdocs/src/images/controls/behavior-class-diagram.png,6,3510795,0.0009161772905069564
apache/click/,2024-10-07 04:28:28+00:00,4,14,documentation/xdocs/src/images/controls/control-class-diagram.png,6,3510795,0.0009161772905069564
apache/click/,2024-10-07 04:28:28+00:00,4,14,documentation/xdocs/src/images/controls/control-package-class-diagram.png,6,3510795,0.0009161772905069564
apache/click/,2024-10-07 04:28:28+00:00,4,14,documentation/xdocs/src/images/pages/click-class-diagram.png,6,3510795,0.0009161772905069564
cechrist/cardoon/,2023-12-12 07:22:06+00:00,1,13,doc/circuit_uml.png,1,598239,0.0008959763793359961
ChrisCummins/pip-db/,2024-07-04 00:34:57+00:00,1,4,Documentation/plan/assets/uml_template.png,1,620981,0.0008629478838853524
Stealth80/NickHollis/,2023-12-07 01:55:40+00:00,1,0,MobileFriendlyWebApp/public/img/class-diagram.png,1,624377,0.0008582222982007668
scipy-conference/scipy_proceedings_2015/,2024-06-20 23:32:13+00:00,30,8,papers/jacqueline_kazil/mesa_diagram.png,1,652121,0.0008214596182822846
TheAxeC/AxeSki/,2024-07-09 08:39:35+00:00,1,1,development/eindVerslag-tex/AnalyseADTAlgorithm/viewsmvc/diagram.png,20,13045174,0.000821284956035038
TheAxeC/AxeSki/,2024-07-09 08:39:35+00:00,1,1,development/eindVerslag-tex/AnalyseADTAlgorithm/viewsmvc/wiretak.png,20,13045174,0.000821284956035038
TheAxeC/AxeSki/,2024-07-09 08:39:35+00:00,1,1,development/eindVerslag-tex/AnalyseADTAlgorithm/viewsmvc/highlevel.png,20,13045174,0.000821284956035038
TheAxeC/AxeSki/,2024-07-09 08:39:35+00:00,1,1,development/eindVerslag-tex/AnalyseADTAlgorithm/compiler.png,20,13045174,0.000821284956035038
TheAxeC/AxeSki/,2024-07-09 08:39:35+00:00,1,1,development/eindVerslag-tex/AnalyseADTAlgorithm/viewsmvc/classtak.png,20,13045174,0.000821284956035038
TheAxeC/AxeSki/,2024-07-09 08:39:35+00:00,1,1,development/analyseVerslag-tex/AnalyseClassenDiagram/runtime.png,20,13045174,0.000821284956035038
TheAxeC/AxeSki/,2024-07-09 08:39:35+00:00,1,1,development/analyseVerslag-tex/AnalyseClassenDiagram/block.png,20,13045174,0.000821284956035038
TheAxeC/AxeSki/,2024-07-09 08:39:35+00:00,1,1,development/analyseVerslag-tex/AnalyseClassenDiagram/collections.png,20,13045174,0.000821284956035038
TheAxeC/AxeSki/,2024-07-09 08:39:35+00:00,1,1,development/analyseVerslag-tex/AnalyseClassenDiagram/core.png,20,13045174,0.000821284956035038
TheAxeC/AxeSki/,2024-07-09 08:39:35+00:00,1,1,development/analyseVerslag-tex/AnalyseClassenDiagram/exceptions.png,20,13045174,0.000821284956035038
TheAxeC/AxeSki/,2024-07-09 08:39:35+00:00,1,1,development/analyseVerslag-tex/AnalyseClassenDiagram/file.png,20,13045174,0.000821284956035038
TheAxeC/AxeSki/,2024-07-09 08:39:35+00:00,1,1,development/analyseVerslag-tex/AnalyseClassenDiagram/gui.png,20,13045174,0.000821284956035038
TheAxeC/AxeSki/,2024-07-09 08:39:35+00:00,1,1,development/eindVerslag-tex/AnalyseADTAlgorithm/dispatcher.png,20,13045174,0.000821284956035038
TheAxeC/AxeSki/,2024-07-09 08:39:35+00:00,1,1,development/analyseVerslag-tex/AnalyseClassenDiagram/model.png,20,13045174,0.000821284956035038
TheAxeC/AxeSki/,2024-07-09 08:39:35+00:00,1,1,development/analyseVerslag-tex/AnalyseClassenDiagram/uml.png,20,13045174,0.000821284956035038
TheAxeC/AxeSki/,2024-07-09 08:39:35+00:00,1,1,development/analyseVerslag-tex/AnalyseClassenDiagram/variables.png,20,13045174,0.000821284956035038
TheAxeC/AxeSki/,2024-07-09 08:39:35+00:00,1,1,development/eindVerslag-tex/AnalyseADTAlgorithm/blockmodel/baseclassuml.png,20,13045174,0.000821284956035038
TheAxeC/AxeSki/,2024-07-09 08:39:35+00:00,1,1,development/eindVerslag-tex/AnalyseADTAlgorithm/blockmodel/topleveluml.png,20,13045174,0.000821284956035038
TheAxeC/AxeSki/,2024-07-09 08:39:35+00:00,1,1,development/eindVerslag-tex/AnalyseADTAlgorithm/blockmodel/variablemodels.png,20,13045174,0.000821284956035038
TheAxeC/AxeSki/,2024-07-09 08:39:35+00:00,1,1,development/eindVerslag-tex/AnalyseADTAlgorithm/compiler-runtime-modelCollection.png,20,13045174,0.000821284956035038
unknown-horizons/unknown-horizons/,2024-11-12 20:23:59+00:00,30,1426,development/road-directions.png,4,3032021,0.0007058898785971348
unknown-horizons/unknown-horizons/,2024-11-12 20:23:59+00:00,30,1426,development/uml/production_classes.png,4,3032021,0.0007058898785971348
unknown-horizons/unknown-horizons/,2024-11-12 20:23:59+00:00,30,1426,development/uml/components_implemented.png,4,3032021,0.0007058898785971348
unknown-horizons/unknown-horizons/,2024-11-12 20:23:59+00:00,30,1426,development/uml/components_design.png,4,3032021,0.0007058898785971348
sunnypatel/Classwork/,2024-08-22 22:38:19+00:00,2,21,Junior Yr/Spring_2012/cs350-SoftwareDesign/survey/UML.png,2,1531584,0.0006986524154957601
sunnypatel/Classwork/,2024-08-22 22:38:19+00:00,2,21,Junior Yr/Spring_2012/cs350-SoftwareDesign/survey/UML_HW2.png,2,1531584,0.0006986524154957601
Bernardo-MG/docs-bootstrap-template/,2024-09-17 18:50:57+00:00,1,2,src/static/img/example_class_diagram.png,1,922232,0.0005791408419823914
shamanDevel/ProceduralTerrain/,2024-04-15 22:22:55+00:00,2,16,src/net/sourceforge/arbaro/tree/doc-files/Tree-2.png,2,1892241,0.0005643696545101662
shamanDevel/ProceduralTerrain/,2024-04-15 22:22:55+00:00,2,16,src/net/sourceforge/arbaro/tree/doc-files/Tree-1.png,2,1892241,0.0005643696545101662
slowli/software-engineering-lectures/,2023-11-29 11:35:07+00:00,1,4,src/01-intro/03/decorator.png,1,962025,0.0005549420711881426
tcs-ulli/fpvectorial/,2024-10-02 11:08:07+00:00,1,2,docs/fpvectorial.jpg,1,1007839,0.0005294483129497309
wagnerjs/SIGAR/,2024-06-04 17:39:29+00:00,6,0,documentacao/Arquitetura/Classe_Diagram.jpg,1,1069285,0.0004986857757691002
SINTEF-9012/ThingML/,2024-10-07 04:57:42+00:00,19,103,compilers/docs/design.jpg,2,2490537,0.0004273793540159997
SINTEF-9012/ThingML/,2024-10-07 04:57:42+00:00,19,103,compilers/thingmltools/src/main/java/org/thingml/monitor/class.png,2,2490537,0.0004273793540159997
tazzledazzle/UW-CSS/,2024-03-02 12:42:33+00:00,1,4,343/lab4/lab4classUML.jpg,1,1328698,0.00040017467996464193
cjw-network/cjw_newsletter/,2024-01-09 23:24:13+00:00,2,17,doc/uml/class_diagram.svg,1,1419940,0.000374082420337951
wolandscat/EOMF/,2024-10-08 00:35:00+00:00,1,6,doc/uml/BMM_classes.png,2,2938437,0.0003613381707648391
wolandscat/EOMF/,2024-10-08 00:35:00+00:00,1,6,doc/uml/P_BMM_classes.png,2,2938437,0.0003613381707648391
atoader/HilbertRTree/,2024-08-27 02:06:41+00:00,1,31,doc/Report/img/ClassDiagram.png,1,1524148,0.0003481037393749137
apache/struts-archive/,2024-06-06 04:17:57+00:00,8,1,struts-doc-1.1/api/org/apache/struts/tiles/doc-files/tilesUML.gif,15,23980174,0.0003316009394909112
apache/struts-archive/,2024-06-06 04:17:57+00:00,8,1,struts-doc-1.1/api/org/apache/struts/validator/doc-files/validatorUML.jpg,15,23980174,0.0003316009394909112
apache/struts-archive/,2024-06-06 04:17:57+00:00,8,1,struts-doc-1.1/api/org/apache/struts/taglib/html/doc-files/htmlUML.gif,15,23980174,0.0003316009394909112
apache/struts-archive/,2024-06-06 04:17:57+00:00,8,1,struts-doc-1.1/api/org/apache/struts/taglib/bean/doc-files/beanUML.gif,15,23980174,0.0003316009394909112
apache/struts-archive/,2024-06-06 04:17:57+00:00,8,1,struts-doc-1.1/api/org/apache/struts/config/doc-files/configUML.gif,15,23980174,0.0003316009394909112
apache/struts-archive/,2024-06-06 04:17:57+00:00,8,1,struts-doc-1.1/api/org/apache/struts/taglib/logic/doc-files/logicUML.gif,15,23980174,0.0003316009394909112
apache/struts-archive/,2024-06-06 04:17:57+00:00,8,1,struts-doc-1.1/api/org/apache/struts/taglib/nested/bean/doc-files/nested-bean.gif,15,23980174,0.0003316009394909112
apache/struts-archive/,2024-06-06 04:17:57+00:00,8,1,struts-doc-1.1/api/org/apache/struts/actions/doc-files/actionsUML.gif,15,23980174,0.0003316009394909112
apache/struts-archive/,2024-06-06 04:17:57+00:00,8,1,struts-doc-1.1/api/org/apache/struts/taglib/nested/logic/doc-files/nested-logic.gif,15,23980174,0.0003316009394909112
apache/struts-archive/,2024-06-06 04:17:57+00:00,8,1,struts-doc-1.1/api/org/apache/struts/taglib/nested/doc-files/nestedUML.gif,15,23980174,0.0003316009394909112
apache/struts-archive/,2024-06-06 04:17:57+00:00,8,1,struts-doc-1.1/api/org/apache/struts/upload/doc-files/uploadUML.jpg,15,23980174,0.0003316009394909112
apache/struts-archive/,2024-06-06 04:17:57+00:00,8,1,struts-doc-1.1/api/org/apache/struts/action/doc-files/actionUML.gif,15,23980174,0.0003316009394909112
apache/struts-archive/,2024-06-06 04:17:57+00:00,8,1,struts-doc-1.1/api/org/apache/struts/taglib/template/doc-files/template.gif,15,23980174,0.0003316009394909112
apache/struts-archive/,2024-06-06 04:17:57+00:00,8,1,struts-doc-1.1/api/org/apache/struts/taglib/tiles/doc-files/tilesUML.gif,15,23980174,0.0003316009394909112
apache/struts-archive/,2024-06-06 04:17:57+00:00,8,1,struts-doc-1.1/api/org/apache/struts/taglib/nested/html/doc-files/nested-html.gif,15,23980174,0.0003316009394909112
aplgithub/haikudepotserver/,2024-11-09 13:06:22+00:00,17,18,docs/images/img-jobsuml.png,2,3262053,0.00032490761856658374
aplgithub/haikudepotserver/,2024-11-09 13:06:22+00:00,17,18,docs/images/img-datamodel.png,2,3262053,0.00032490761856658374
SonarSource/sonar-java/,2024-11-14 16:49:45+00:00,30,1133,its/plugin/projects/struts-1.3.9-lite/taglib/src/main/java/org/apache/struts/taglib/html/doc-files/htmlUML.gif,11,18215625,0.00031992581132263184
SonarSource/sonar-java/,2024-11-14 16:49:45+00:00,30,1133,its/plugin/projects/struts-1.3.9-lite/core/src/main/java/org/apache/struts/action/doc-files/actionUML.gif,11,18215625,0.00031992581132263184
SonarSource/sonar-java/,2024-11-14 16:49:45+00:00,30,1133,its/plugin/projects/struts-1.3.9-lite/taglib/src/main/java/org/apache/struts/taglib/bean/doc-files/beanUML.gif,11,18215625,0.00031992581132263184
SonarSource/sonar-java/,2024-11-14 16:49:45+00:00,30,1133,its/plugin/projects/struts-1.3.9-lite/core/src/main/java/org/apache/struts/upload/doc-files/uploadUML.jpg,11,18215625,0.00031992581132263184
SonarSource/sonar-java/,2024-11-14 16:49:45+00:00,30,1133,its/plugin/projects/struts-1.3.9-lite/core/src/main/java/org/apache/struts/config/doc-files/configUML.gif,11,18215625,0.00031992581132263184
SonarSource/sonar-java/,2024-11-14 16:49:45+00:00,30,1133,its/plugin/projects/struts-1.3.9-lite/taglib/src/main/java/org/apache/struts/taglib/logic/doc-files/logicUML.gif,11,18215625,0.00031992581132263184
SonarSource/sonar-java/,2024-11-14 16:49:45+00:00,30,1133,its/plugin/projects/struts-1.3.9-lite/core/src/main/java/org/apache/struts/validator/doc-files/validatorUML.jpg,11,18215625,0.00031992581132263184
SonarSource/sonar-java/,2024-11-14 16:49:45+00:00,30,1133,its/plugin/projects/struts-1.3.9-lite/tiles/src/main/java/org/apache/struts/tiles/taglib/doc-files/tilesUML.gif,11,18215625,0.00031992581132263184
SonarSource/sonar-java/,2024-11-14 16:49:45+00:00,30,1133,its/plugin/projects/struts-1.3.9-lite/taglib/src/main/java/org/apache/struts/taglib/nested/html/doc-files/nested-html.gif,11,18215625,0.00031992581132263184
SonarSource/sonar-java/,2024-11-14 16:49:45+00:00,30,1133,its/plugin/projects/struts-1.3.9-lite/taglib/src/main/java/org/apache/struts/taglib/nested/logic/doc-files/nested-logic.gif,11,18215625,0.00031992581132263184
SonarSource/sonar-java/,2024-11-14 16:49:45+00:00,30,1133,its/plugin/projects/struts-1.3.9-lite/tiles/src/main/java/org/apache/struts/tiles/doc-files/tilesUML.gif,11,18215625,0.00031992581132263184
svstuff/systemverilog/,2024-09-28 22:23:17+00:00,1,12,uvm-1.1d/docs/html/images/uvm_ref_tlm_uni_ports.gif,7,14343663,0.00025741795412574653
svstuff/systemverilog/,2024-09-28 22:23:17+00:00,1,12,uvm-1.1d/docs/html/images/uvm_ref_tlm_transport_ifs.gif,7,14343663,0.00025741795412574653
svstuff/systemverilog/,2024-09-28 22:23:17+00:00,1,12,uvm-1.1d/docs/html/images/uvm_ref_tlm_put_ifs.gif,7,14343663,0.00025741795412574653
svstuff/systemverilog/,2024-09-28 22:23:17+00:00,1,12,uvm-1.1d/docs/html/images/uvm_ref_tlm_master_slave_ifs.gif,7,14343663,0.00025741795412574653
svstuff/systemverilog/,2024-09-28 22:23:17+00:00,1,12,uvm-1.1d/docs/html/images/uvm_ref_tlm_get_peek_ifs.gif,7,14343663,0.00025741795412574653
svstuff/systemverilog/,2024-09-28 22:23:17+00:00,1,12,uvm-1.1d/docs/html/images/uvm_ref_tlm_bidir_ports.gif,7,14343663,0.00025741795412574653
svstuff/systemverilog/,2024-09-28 22:23:17+00:00,1,12,uvm-1.1d/docs/html/images/uvm_ref_tlm_analysis_if.gif,7,14343663,0.00025741795412574653
sriram-mahavadi/extlp/,2024-04-26 05:27:19+00:00,3,2,doc/images/btree_uml.png,1,2074573,0.00025418430704927724
SixK/CC1101-X2D-Heaters/,2023-12-06 22:25:44+00:00,1,10,www/PHPExcel-1.8/Documentation/assets/ClassDiagrams/ReaderWriter.png,2,4287918,0.00024576764626374654
SixK/CC1101-X2D-Heaters/,2023-12-06 22:25:44+00:00,1,10,www/PHPExcel-1.8/Documentation/assets/ClassDiagrams/Architecture.png,2,4287918,0.00024576764626374654
sebnil/Sketchy-Truck/,2024-08-16 23:15:07+00:00,4,29,andengine/uml/andengine_classdiagram.png,1,2312530,0.0002274237248345735
AnalogDevicesLyricLabs/dimple/,2024-04-02 07:25:15+00:00,4,80,modelers/matlab/lib/xunit_dist/matlab_xunit/architecture/html/class_diagram_c.gif,3,7224951,0.00021814435007655523
AnalogDevicesLyricLabs/dimple/,2024-04-02 07:25:15+00:00,4,80,modelers/matlab/lib/xunit_dist/matlab_xunit/architecture/html/class_diagram_b.gif,3,7224951,0.00021814435007655523
AnalogDevicesLyricLabs/dimple/,2024-04-02 07:25:15+00:00,4,80,modelers/matlab/lib/xunit_dist/matlab_xunit/architecture/html/class_diagram_a.gif,3,7224951,0.00021814435007655523
sones/sones/,2024-11-12 20:04:40+00:00,5,213,Documentation/media/documentation/database/edges/classdiagram.png,3,8246454,0.00019039377904880376
sones/sones/,2024-11-12 20:04:40+00:00,5,213,Documentation/media/documentation/plugins/database/geometries.png,3,8246454,0.00019039377904880376
sones/sones/,2024-11-12 20:04:40+00:00,5,213,Documentation/media/documentation/database/edges/typeinterfaces.png,3,8246454,0.00019039377904880376
Chinchilla-Software-Com/CQRS/,2024-11-07 16:20:49+00:00,8,348,wiki/Tutorial-0/Step-5/Auto-Generated-CRUD-Diagram.png,1,2817251,0.00018562609770138023
tlin-fei/ds4p/,2024-01-13 23:52:04+00:00,0,1,DS4P/consent-gen/Consent - Gen Class Diagram.png,2,6462777,0.00016108222948304945
tlin-fei/ds4p/,2024-01-13 23:52:04+00:00,0,1,DS4P/acs-showcase/ACS Showcase Class Diagram.png,2,6462777,0.00016108222948304945
ua-eas/ua-rice-2.1.9/,2024-03-14 23:47:33+00:00,0,0,src/site/docbook/db_diagrams/rice-krms.png,9,29501299,0.00015871199058571864
ua-eas/ua-rice-2.1.9/,2024-03-14 23:47:33+00:00,0,0,src/site/docbook/db_diagrams/rice-krns.png,9,29501299,0.00015871199058571864
ua-eas/ua-rice-2.1.9/,2024-03-14 23:47:33+00:00,0,0,src/site/docbook/db_diagrams/rice-krsb.png,9,29501299,0.00015871199058571864
ua-eas/ua-rice-2.1.9/,2024-03-14 23:47:33+00:00,0,0,src/site/docbook/images/krms ruleModel-20.png,9,29501299,0.00015871199058571864
ua-eas/ua-rice-2.1.9/,2024-03-14 23:47:33+00:00,0,0,src/site/docbook/db_diagrams/rice-krew.png,9,29501299,0.00015871199058571864
ua-eas/ua-rice-2.1.9/,2024-03-14 23:47:33+00:00,0,0,src/site/docbook/db_diagrams/rice-kren.png,9,29501299,0.00015871199058571864
ua-eas/ua-rice-2.1.9/,2024-03-14 23:47:33+00:00,0,0,src/site/docbook/db_diagrams/rice-krcr.png,9,29501299,0.00015871199058571864
ua-eas/ua-rice-2.1.9/,2024-03-14 23:47:33+00:00,0,0,src/site/docbook/db_diagrams/rice-krim.png,9,29501299,0.00015871199058571864
ua-eas/ua-rice-2.1.9/,2024-03-14 23:47:33+00:00,0,0,src/site/docbook/db_diagrams/rice-krlc.png,9,29501299,0.00015871199058571864
w3c/data-shapes/,2024-08-02 14:17:54+00:00,20,89,shacl/images/shacl-class-metamodel.png,3,10189481,0.00015296600875614957
w3c/data-shapes/,2024-08-02 14:17:54+00:00,20,89,unmaintained/data-shapes-primer/images/computeArea-function.png,3,10189481,0.00015296600875614957
w3c/data-shapes/,2024-08-02 14:17:54+00:00,20,89,unmaintained/data-shapes-primer/images/square-class-diagram.png,3,10189481,0.00015296600875614957
apache/wicket/,2024-11-10 21:10:53+00:00,30,739,wicket-user-guide/src/main/asciidoc/img/uml-component.png,4,14241323,0.00014565623015303864
apache/wicket/,2024-11-10 21:10:53+00:00,30,739,wicket-user-guide/src/main/asciidoc/img/uml-imodel.png,4,14241323,0.00014565623015303864
apache/wicket/,2024-11-10 21:10:53+00:00,30,739,wicket-user-guide/src/main/asciidoc/img/uml-form-component.png,4,14241323,0.00014565623015303864
apache/wicket/,2024-11-10 21:10:53+00:00,30,739,wicket-user-guide/src/main/asciidoc/img/page-panel-hierarchy.png,4,14241323,0.00014565623015303864
arcadenea/rockbot/,2024-08-11 21:17:27+00:00,2,5,docs/diagram.png,1,3733067,0.00013864425244071527
Biomechanical-ToolKit/BTKCore/,2024-11-09 21:56:17+00:00,4,79,Utilities/matlab_xunit/architecture/html/class_diagram_c.gif,3,11584398,0.0001338385507238249
Biomechanical-ToolKit/BTKCore/,2024-11-09 21:56:17+00:00,4,79,Utilities/matlab_xunit/architecture/html/class_diagram_b.gif,3,11584398,0.0001338385507238249
Biomechanical-ToolKit/BTKCore/,2024-11-09 21:56:17+00:00,4,79,Utilities/matlab_xunit/architecture/html/class_diagram_a.gif,3,11584398,0.0001338385507238249
SafirSDK/safir-sdk-core/,2024-07-26 11:01:26+00:00,5,9,docs/users_guide/images/vehicleapp_class_diagram.png,3,12478641,0.0001238258966248796
SafirSDK/safir-sdk-core/,2024-07-26 11:01:26+00:00,5,9,docs/users_guide/images/vehiclemmi_class_diagram.png,3,12478641,0.0001238258966248796
SafirSDK/safir-sdk-core/,2024-07-26 11:01:26+00:00,5,9,docs/users_guide/images/vehicledb_class_diagram.png,3,12478641,0.0001238258966248796
sungsoo/sungsoo.github.com/,2024-11-14 04:32:33+00:00,1,30,images/rib-interface.jpg,1,4320118,0.00011900487991702579
sebastianrahtz/oxgarage/,2024-08-26 16:24:19+00:00,3,54,src/site/resources/images/uml.gif,1,4507842,0.00011380409762479897
spring-projects/spring-net/,2024-11-06 04:08:08+00:00,30,851,doc/reference/src/images/Migration_App_UML_Diagram.png,3,14838981,0.00010319407276678704
spring-projects/spring-net/,2024-11-06 04:08:08+00:00,30,851,doc/reference/src/images/aop-uml.gif,3,14838981,0.00010319407276678704
spring-projects/spring-net/,2024-11-06 04:08:08+00:00,30,851,doc/reference/src/images/movie-finder.gif,3,14838981,0.00010319407276678704
skython/eXe/,2023-12-25 11:33:33+00:00,0,8,doc/overview.png,1,6049283,8.330636952478115e-05
seeburger-ag/jbossts/,2023-12-01 17:55:17+00:00,3,0,docs/failure_recovery_guide/en-US/images/fig3-resource-recoverycoordinator.gif,3,20009614,7.500794939952529e-05
seeburger-ag/jbossts/,2023-12-01 17:55:17+00:00,3,0,ArjunaJTS/docs/development_guide/en-US/images/interface_relationship.png,3,20009614,7.500794939952529e-05
seeburger-ag/jbossts/,2023-12-01 17:55:17+00:00,3,0,ArjunaJTS/docs/development_guide/en-US/images/control_and_resources.png,3,20009614,7.500794939952529e-05
TimLethbridge/umple/,2024-11-14 12:57:44+00:00,30,0,umplewww/examples/warehouse.png,6,50060767,5.8782434273763855e-05
TimLethbridge/umple/,2024-11-14 12:57:44+00:00,30,0,umplewww/examples/RoutesAndLocations.png,6,50060767,5.8782434273763855e-05
TimLethbridge/umple/,2024-11-14 12:57:44+00:00,30,0,umpleonline/umplibrary/imagecache/VendingMachineClassDiagram.svg,6,50060767,5.8782434273763855e-05
TimLethbridge/umple/,2024-11-14 12:57:44+00:00,30,0,umplewww/examples/2dshapes.png,6,50060767,5.8782434273763855e-05
TimLethbridge/umple/,2024-11-14 12:57:44+00:00,30,0,umplewww/examples/OneToOneAssociations.png,6,50060767,5.8782434273763855e-05
TimLethbridge/umple/,2024-11-14 12:57:44+00:00,30,0,umplewww/examples/StudentAddress.png,6,50060767,5.8782434273763855e-05
wro4j/wro4j-examples/,2024-10-30 12:00:38+00:00,3,9,wro4j-demo/doc/WRO - ClassDiagram.jpg,1,11560695,4.078686438951607e-05
adityaapte/CERR/,2024-11-06 14:09:43+00:00,7,192,Unit_Testing/matlab_xunit_3/matlab_xunit/architecture/html/class_diagram_a.gif,3,36085779,3.897149259014985e-05
adityaapte/CERR/,2024-11-06 14:09:43+00:00,7,192,Unit_Testing/matlab_xunit_3/matlab_xunit/architecture/html/class_diagram_c.gif,3,36085779,3.897149259014985e-05
adityaapte/CERR/,2024-11-06 14:09:43+00:00,7,192,Unit_Testing/matlab_xunit_3/matlab_xunit/architecture/html/class_diagram_b.gif,3,36085779,3.897149259014985e-05
apache/batik/,2024-11-14 04:53:01+00:00,6,215,documentation-sources/resources/images/svggenHighLevelArchi.jpg,1,12351437,3.77990986327359e-05
borman/phoneme-qtopia/,2024-11-03 10:35:55+00:00,2,11,jsr211/src/share/classes/javax/microedition/content/doc-files/chapi-hier.gif,3,41792507,3.284676060762996e-05
borman/phoneme-qtopia/,2024-11-03 10:35:55+00:00,2,11,jsr229/src/share/classes/javax/microedition/payment/doc-files/design.gif,3,41792507,3.284676060762996e-05
borman/phoneme-qtopia/,2024-11-03 10:35:55+00:00,2,11,midp/src/protocol/gcf/reference/classes/com/sun/midp/io/doc-files/ConnectionBaseAdapter.gif,3,41792507,3.284676060762996e-05
apache/tomee-site/,2024-06-06 04:10:40+00:00,9,1,content/resources/images/ClassDiagram.png,1,31380309,1.1310955700469036e-05
bestplay9384/LTE-Sim-Simulator/,2024-03-16 15:53:15+00:00,1,0,DOC/uml.png,1,37604471,8.465201679724702e-06
Unidata/awips2/,2024-11-14 08:16:50+00:00,2,177,cave/com.raytheon.viz.gfe/help/images/TF5.png,2,79543836,7.683311718222495e-06
Unidata/awips2/,2024-11-14 08:16:50+00:00,2,177,cave/com.raytheon.viz.gfe/help/images/TF10.png,2,79543836,7.683311718222495e-06
wakaleo/game-of-life/,2024-11-12 11:04:29+00:00,6,2037,gameoflife-web/tools/jmeter/docs/images/screenshots/class_diagram.gif,1,43114062,6.6317304280430846e-06
AOKP/frameworks_base_disabled/,2024-07-22 03:39:30+00:00,30,93,docs/html/images/animation/valueanimator.png,1,53066690,4.284747125274711e-06
UnboundID/ldapsdk/,2024-11-13 22:03:09+00:00,1,338,ext/ant/manual/Tasks/image-classdiagram.gif,1,88974637,1.8161482230144454e-07
blackberry/BB10-WebWorks-Community-Samples/,2023-11-29 06:51:31+00:00,18,44,Ant-Build-Script/tools/apache-ant-1.8.2/docs/manual/Tasks/image-classdiagram.gif,1,91721751,0.0
