Project,Last_Activity,Contributors,Stargazers,UML_Files_Length,Lines_of_Code,UML_LOC_ratio_scaled,UML_File
xenodium/xenodium.github.io/,2024-11-13 13:22:10+00:00,3.0,9.0,12,1705.0,1.0000000000000002,cv/images/burro/burro.png
xenodium/xenodium.github.io/,2024-11-13 13:22:10+00:00,3.0,9.0,12,1705.0,1.0000000000000002,fileUsersalvarostuffactiveblogindexhtml-clipped.png
xenodium/xenodium.github.io/,2024-11-13 13:22:10+00:00,3.0,9.0,12,1705.0,1.0000000000000002,fileUsersalvarostuffactiveblogindexhtml-full.png
xenodium/xenodium.github.io/,2024-11-13 13:22:10+00:00,3.0,9.0,12,1705.0,1.0000000000000002,fileUsersalvarostuffactiveblogindexhtml-thumb.png
xenodium/xenodium.github.io/,2024-11-13 13:22:10+00:00,3.0,9.0,12,1705.0,1.0000000000000002,images/hide-another-detail/after.png
xenodium/xenodium.github.io/,2024-11-13 13:22:10+00:00,3.0,9.0,12,1705.0,1.0000000000000002,images/plain-org-has-joined-the-chat/intro.png
xenodium/xenodium.github.io/,2024-11-13 13:22:10+00:00,3.0,9.0,12,1705.0,1.0000000000000002,images/plantuml-example/plantuml-singer.png
xenodium/xenodium.github.io/,2024-11-13 13:22:10+00:00,3.0,9.0,12,1705.0,1.0000000000000002,images/temp/console-2015-12-01-00-25-30.png
xenodium/xenodium.github.io/,2024-11-13 13:22:10+00:00,3.0,9.0,12,1705.0,1.0000000000000002,presos/dwim-shell-command/demo6/lucky.png
xenodium/xenodium.github.io/,2024-11-13 13:22:10+00:00,3.0,9.0,12,1705.0,1.0000000000000002,presos/dwim-shell-command/demo7/chilly.png
xenodium/xenodium.github.io/,2024-11-13 13:22:10+00:00,3.0,9.0,12,1705.0,1.0000000000000002,presos/dwim-shell-command/demo7/lucky.png
xenodium/xenodium.github.io/,2024-11-13 13:22:10+00:00,3.0,9.0,12,1705.0,1.0000000000000002,presos/dwim-shell-command/demo7/wasabi.png
clinical-meteor/cookbook/,2024-10-24 21:10:25+00:00,30.0,1675.0,5,1273.0,0.5580632686682647,images/ActiveRecord - DoublePage.png
clinical-meteor/cookbook/,2024-10-24 21:10:25+00:00,30.0,1675.0,5,1273.0,0.5580632686682647,images/ActiveRecord - SinglePage.png
clinical-meteor/cookbook/,2024-10-24 21:10:25+00:00,30.0,1675.0,5,1273.0,0.5580632686682647,images/ActiveRecord.png
clinical-meteor/cookbook/,2024-10-24 21:10:25+00:00,30.0,1675.0,5,1273.0,0.5580632686682647,images/whitepapers/redwood/CollectionsAndModels.PNG
clinical-meteor/cookbook/,2024-10-24 21:10:25+00:00,30.0,1675.0,5,1273.0,0.5580632686682647,ui-design-inspiration/Prometheus-SuspendedAnimation.png
urielbautista/dev/,2024-04-14 01:03:38+00:00,0.0,0.0,76,302563.0,0.03568589330622758,pattern/src/main/java/mx/umb/pattern/concurrency/activeobject/active-object.gif
urielbautista/dev/,2024-04-14 01:03:38+00:00,0.0,0.0,76,302563.0,0.03568589330622758,pattern/src/main/java/mx/umb/pattern/concurrency/activeobject/active-object.jpg
urielbautista/dev/,2024-04-14 01:03:38+00:00,0.0,0.0,76,302563.0,0.03568589330622758,pattern/src/main/java/mx/umb/pattern/concurrency/all_patterns.gif
urielbautista/dev/,2024-04-14 01:03:38+00:00,0.0,0.0,76,302563.0,0.03568589330622758,pattern/src/main/java/mx/umb/pattern/concurrency/ami/async-method-invocation.png
urielbautista/dev/,2024-04-14 01:03:38+00:00,0.0,0.0,76,302563.0,0.03568589330622758,pattern/src/main/java/mx/umb/pattern/concurrency/bindingproperties/with-binding.png
urielbautista/dev/,2024-04-14 01:03:38+00:00,0.0,0.0,76,302563.0,0.03568589330622758,pattern/src/main/java/mx/umb/pattern/concurrency/bindingproperties/without-binding.png
urielbautista/dev/,2024-04-14 01:03:38+00:00,0.0,0.0,76,302563.0,0.03568589330622758,pattern/src/main/java/mx/umb/pattern/concurrency/doublecheckedlocking/double-checked-locking.png
urielbautista/dev/,2024-04-14 01:03:38+00:00,0.0,0.0,76,302563.0,0.03568589330622758,pattern/src/main/java/mx/umb/pattern/concurrency/eba/asyncevent/async-event.png
urielbautista/dev/,2024-04-14 01:03:38+00:00,0.0,0.0,76,302563.0,0.03568589330622758,pattern/src/main/java/mx/umb/pattern/concurrency/eba/eventdriven/async-event.png
urielbautista/dev/,2024-04-14 01:03:38+00:00,0.0,0.0,76,302563.0,0.03568589330622758,pattern/src/main/java/mx/umb/pattern/concurrency/guardedsuspension/guarded-suspension.jpg
urielbautista/dev/,2024-04-14 01:03:38+00:00,0.0,0.0,76,302563.0,0.03568589330622758,pattern/src/main/java/mx/umb/pattern/concurrency/guardedsuspension/sincronizer/syncronized-syncronizer.jpg
urielbautista/dev/,2024-04-14 01:03:38+00:00,0.0,0.0,76,302563.0,0.03568589330622758,pattern/src/main/java/mx/umb/pattern/concurrency/halfsynchalfasync/Half-SyncHalf-Async Structure.bmp
urielbautista/dev/,2024-04-14 01:03:38+00:00,0.0,0.0,76,302563.0,0.03568589330622758,pattern/src/main/java/mx/umb/pattern/concurrency/halfsynchalfasync/half-sync-half-async.png
urielbautista/dev/,2024-04-14 01:03:38+00:00,0.0,0.0,76,302563.0,0.03568589330622758,pattern/src/main/java/mx/umb/pattern/concurrency/mdp/messaging-design-pattern.gif
urielbautista/dev/,2024-04-14 01:03:38+00:00,0.0,0.0,76,302563.0,0.03568589330622758,pattern/src/main/java/mx/umb/pattern/concurrency/monitorobject/monitor-object.png
urielbautista/dev/,2024-04-14 01:03:38+00:00,0.0,0.0,76,302563.0,0.03568589330622758,pattern/src/main/java/mx/umb/pattern/concurrency/poisonpill/poison-pill.png
urielbautista/dev/,2024-04-14 01:03:38+00:00,0.0,0.0,76,302563.0,0.03568589330622758,pattern/src/main/java/mx/umb/pattern/concurrency/producerconsumer/producer-consumer.png
urielbautista/dev/,2024-04-14 01:03:38+00:00,0.0,0.0,76,302563.0,0.03568589330622758,pattern/src/main/java/mx/umb/pattern/concurrency/reactor/reactor.jpg
urielbautista/dev/,2024-04-14 01:03:38+00:00,0.0,0.0,76,302563.0,0.03568589330622758,pattern/src/main/java/mx/umb/pattern/concurrency/readwritelock/read-write-lock.jpg
urielbautista/dev/,2024-04-14 01:03:38+00:00,0.0,0.0,76,302563.0,0.03568589330622758,pattern/src/main/java/mx/umb/pattern/concurrency/scheduler/scheduler.gif
urielbautista/dev/,2024-04-14 01:03:38+00:00,0.0,0.0,76,302563.0,0.03568589330622758,pattern/src/main/java/mx/umb/pattern/concurrency/threadspecificstorage/thread-local.png
urielbautista/dev/,2024-04-14 01:03:38+00:00,0.0,0.0,76,302563.0,0.03568589330622758,pattern/src/main/java/mx/umb/pattern/gof/comportamiento/chainofresponsibility/chainofresponsibility.jpg
urielbautista/dev/,2024-04-14 01:03:38+00:00,0.0,0.0,76,302563.0,0.03568589330622758,pattern/src/main/java/mx/umb/pattern/gof/comportamiento/command/centralita/command.png
urielbautista/dev/,2024-04-14 01:03:38+00:00,0.0,0.0,76,302563.0,0.03568589330622758,pattern/src/main/java/mx/umb/pattern/gof/comportamiento/command/command.jpg
urielbautista/dev/,2024-04-14 01:03:38+00:00,0.0,0.0,76,302563.0,0.03568589330622758,pattern/src/main/java/mx/umb/pattern/gof/comportamiento/interpreter/interpreter.jpg
urielbautista/dev/,2024-04-14 01:03:38+00:00,0.0,0.0,76,302563.0,0.03568589330622758,pattern/src/main/java/mx/umb/pattern/gof/comportamiento/iterator/centralita/iterator.png
urielbautista/dev/,2024-04-14 01:03:38+00:00,0.0,0.0,76,302563.0,0.03568589330622758,pattern/src/main/java/mx/umb/pattern/gof/comportamiento/iterator/iterator.png
urielbautista/dev/,2024-04-14 01:03:38+00:00,0.0,0.0,76,302563.0,0.03568589330622758,pattern/src/main/java/mx/umb/pattern/gof/comportamiento/mediator/mediator.png
urielbautista/dev/,2024-04-14 01:03:38+00:00,0.0,0.0,76,302563.0,0.03568589330622758,pattern/src/main/java/mx/umb/pattern/gof/comportamiento/memento/memento.jpg
urielbautista/dev/,2024-04-14 01:03:38+00:00,0.0,0.0,76,302563.0,0.03568589330622758,pattern/src/main/java/mx/umb/pattern/gof/comportamiento/observer/centralita/observer.png
urielbautista/dev/,2024-04-14 01:03:38+00:00,0.0,0.0,76,302563.0,0.03568589330622758,pattern/src/main/java/mx/umb/pattern/gof/comportamiento/observer/observer.jpg
urielbautista/dev/,2024-04-14 01:03:38+00:00,0.0,0.0,76,302563.0,0.03568589330622758,pattern/src/main/java/mx/umb/pattern/gof/comportamiento/state/centralita/maquina-estado.png
urielbautista/dev/,2024-04-14 01:03:38+00:00,0.0,0.0,76,302563.0,0.03568589330622758,pattern/src/main/java/mx/umb/pattern/gof/comportamiento/state/centralita/state.png
urielbautista/dev/,2024-04-14 01:03:38+00:00,0.0,0.0,76,302563.0,0.03568589330622758,pattern/src/main/java/mx/umb/pattern/gof/comportamiento/state/state.jpg
urielbautista/dev/,2024-04-14 01:03:38+00:00,0.0,0.0,76,302563.0,0.03568589330622758,pattern/src/main/java/mx/umb/pattern/gof/comportamiento/strategy/centralita/strategy.png
urielbautista/dev/,2024-04-14 01:03:38+00:00,0.0,0.0,76,302563.0,0.03568589330622758,pattern/src/main/java/mx/umb/pattern/gof/comportamiento/strategy/strategy.jpg
urielbautista/dev/,2024-04-14 01:03:38+00:00,0.0,0.0,76,302563.0,0.03568589330622758,pattern/src/main/java/mx/umb/pattern/gof/comportamiento/templatemethod/centralita/template-method.png
urielbautista/dev/,2024-04-14 01:03:38+00:00,0.0,0.0,76,302563.0,0.03568589330622758,pattern/src/main/java/mx/umb/pattern/gof/comportamiento/templatemethod/template-method.jpg
urielbautista/dev/,2024-04-14 01:03:38+00:00,0.0,0.0,76,302563.0,0.03568589330622758,pattern/src/main/java/mx/umb/pattern/gof/comportamiento/visitor/visitor.jpg
urielbautista/dev/,2024-04-14 01:03:38+00:00,0.0,0.0,76,302563.0,0.03568589330622758,pattern/src/main/java/mx/umb/pattern/gof/creacional/builder/builder.jpg
urielbautista/dev/,2024-04-14 01:03:38+00:00,0.0,0.0,76,302563.0,0.03568589330622758,pattern/src/main/java/mx/umb/pattern/gof/creacional/builder/centralita/builder-vehiculo-full.png
urielbautista/dev/,2024-04-14 01:03:38+00:00,0.0,0.0,76,302563.0,0.03568589330622758,pattern/src/main/java/mx/umb/pattern/gof/creacional/builder/centralita/builder-vehiculo.png
urielbautista/dev/,2024-04-14 01:03:38+00:00,0.0,0.0,76,302563.0,0.03568589330622758,pattern/src/main/java/mx/umb/pattern/gof/creacional/builder/centralita/builder.png
urielbautista/dev/,2024-04-14 01:03:38+00:00,0.0,0.0,76,302563.0,0.03568589330622758,pattern/src/main/java/mx/umb/pattern/gof/creacional/factory/abstracto/abstract-factory.png
urielbautista/dev/,2024-04-14 01:03:38+00:00,0.0,0.0,76,302563.0,0.03568589330622758,pattern/src/main/java/mx/umb/pattern/gof/creacional/factory/method/centralita/factory-method-full.png
urielbautista/dev/,2024-04-14 01:03:38+00:00,0.0,0.0,76,302563.0,0.03568589330622758,pattern/src/main/java/mx/umb/pattern/gof/creacional/factory/method/centralita/factory-method.png
urielbautista/dev/,2024-04-14 01:03:38+00:00,0.0,0.0,76,302563.0,0.03568589330622758,pattern/src/main/java/mx/umb/pattern/gof/creacional/factory/method/centralita/factory-simple-cancel.png
urielbautista/dev/,2024-04-14 01:03:38+00:00,0.0,0.0,76,302563.0,0.03568589330622758,pattern/src/main/java/mx/umb/pattern/gof/creacional/factory/method/method-factory.jpg
urielbautista/dev/,2024-04-14 01:03:38+00:00,0.0,0.0,76,302563.0,0.03568589330622758,pattern/src/main/java/mx/umb/pattern/gof/creacional/factory/simple/centralita/factory.png
urielbautista/dev/,2024-04-14 01:03:38+00:00,0.0,0.0,76,302563.0,0.03568589330622758,pattern/src/main/java/mx/umb/pattern/gof/creacional/prototype/centralita/prototype.png
urielbautista/dev/,2024-04-14 01:03:38+00:00,0.0,0.0,76,302563.0,0.03568589330622758,pattern/src/main/java/mx/umb/pattern/gof/creacional/singleton/singleton.png
urielbautista/dev/,2024-04-14 01:03:38+00:00,0.0,0.0,76,302563.0,0.03568589330622758,pattern/src/main/java/mx/umb/pattern/gof/estructural/adapter/adapter.jpg
urielbautista/dev/,2024-04-14 01:03:38+00:00,0.0,0.0,76,302563.0,0.03568589330622758,pattern/src/main/java/mx/umb/pattern/gof/estructural/adapter/centralita/wrapper.png
urielbautista/dev/,2024-04-14 01:03:38+00:00,0.0,0.0,76,302563.0,0.03568589330622758,pattern/src/main/java/mx/umb/pattern/gof/estructural/bridge/bridge.jpg
urielbautista/dev/,2024-04-14 01:03:38+00:00,0.0,0.0,76,302563.0,0.03568589330622758,pattern/src/main/java/mx/umb/pattern/gof/estructural/bridge/centralita/arbol-herencia-tranformado.png
urielbautista/dev/,2024-04-14 01:03:38+00:00,0.0,0.0,76,302563.0,0.03568589330622758,pattern/src/main/java/mx/umb/pattern/gof/estructural/bridge/centralita/arbol_herencia.png
urielbautista/dev/,2024-04-14 01:03:38+00:00,0.0,0.0,76,302563.0,0.03568589330622758,pattern/src/main/java/mx/umb/pattern/gof/estructural/bridge/centralita/bridge.png
urielbautista/dev/,2024-04-14 01:03:38+00:00,0.0,0.0,76,302563.0,0.03568589330622758,pattern/src/main/java/mx/umb/pattern/gof/estructural/bridge/centralita/implementor-implementaciones-refinamiento1.png
urielbautista/dev/,2024-04-14 01:03:38+00:00,0.0,0.0,76,302563.0,0.03568589330622758,pattern/src/main/java/mx/umb/pattern/gof/estructural/bridge/centralita/implementor-implementaciones-refinamiento2.png
urielbautista/dev/,2024-04-14 01:03:38+00:00,0.0,0.0,76,302563.0,0.03568589330622758,pattern/src/main/java/mx/umb/pattern/gof/estructural/composite/centralita/composite.png
urielbautista/dev/,2024-04-14 01:03:38+00:00,0.0,0.0,76,302563.0,0.03568589330622758,pattern/src/main/java/mx/umb/pattern/gof/estructural/composite/composite.jpg
urielbautista/dev/,2024-04-14 01:03:38+00:00,0.0,0.0,76,302563.0,0.03568589330622758,pattern/src/main/java/mx/umb/pattern/gof/estructural/decorator/centralita/decorator-iterativo.png
urielbautista/dev/,2024-04-14 01:03:38+00:00,0.0,0.0,76,302563.0,0.03568589330622758,pattern/src/main/java/mx/umb/pattern/gof/estructural/decorator/centralita/decorator.png
urielbautista/dev/,2024-04-14 01:03:38+00:00,0.0,0.0,76,302563.0,0.03568589330622758,pattern/src/main/java/mx/umb/pattern/gof/estructural/decorator/centralita/herencia-decorator.png
urielbautista/dev/,2024-04-14 01:03:38+00:00,0.0,0.0,76,302563.0,0.03568589330622758,pattern/src/main/java/mx/umb/pattern/gof/estructural/decorator/centralita/herencia.png
urielbautista/dev/,2024-04-14 01:03:38+00:00,0.0,0.0,76,302563.0,0.03568589330622758,pattern/src/main/java/mx/umb/pattern/gof/estructural/decorator/decorator.jpg
urielbautista/dev/,2024-04-14 01:03:38+00:00,0.0,0.0,76,302563.0,0.03568589330622758,pattern/src/main/java/mx/umb/pattern/gof/estructural/facade/centralita/centralita-facade.png
urielbautista/dev/,2024-04-14 01:03:38+00:00,0.0,0.0,76,302563.0,0.03568589330622758,pattern/src/main/java/mx/umb/pattern/gof/estructural/facade/centralita/facade-basico.png
urielbautista/dev/,2024-04-14 01:03:38+00:00,0.0,0.0,76,302563.0,0.03568589330622758,pattern/src/main/java/mx/umb/pattern/gof/estructural/facade/centralita/facade.png
urielbautista/dev/,2024-04-14 01:03:38+00:00,0.0,0.0,76,302563.0,0.03568589330622758,pattern/src/main/java/mx/umb/pattern/gof/estructural/facade/facade.jpg
urielbautista/dev/,2024-04-14 01:03:38+00:00,0.0,0.0,76,302563.0,0.03568589330622758,pattern/src/main/java/mx/umb/pattern/gof/estructural/flyweight/centralita/flyweight.png
urielbautista/dev/,2024-04-14 01:03:38+00:00,0.0,0.0,76,302563.0,0.03568589330622758,pattern/src/main/java/mx/umb/pattern/gof/estructural/flyweight/centralita/mapa-memoria-optimizado.png
urielbautista/dev/,2024-04-14 01:03:38+00:00,0.0,0.0,76,302563.0,0.03568589330622758,pattern/src/main/java/mx/umb/pattern/gof/estructural/flyweight/flyweight.jpg
urielbautista/dev/,2024-04-14 01:03:38+00:00,0.0,0.0,76,302563.0,0.03568589330622758,pattern/src/main/java/mx/umb/pattern/gof/estructural/proxy/centralita/proxy-herencia.png
urielbautista/dev/,2024-04-14 01:03:38+00:00,0.0,0.0,76,302563.0,0.03568589330622758,pattern/src/main/java/mx/umb/pattern/gof/estructural/proxy/centralita/proxy.png
urielbautista/dev/,2024-04-14 01:03:38+00:00,0.0,0.0,76,302563.0,0.03568589330622758,pattern/src/main/java/mx/umb/pattern/gof/estructural/proxy/proxy.jpg
airingursb/EMPs/,2023-12-13 12:11:28+00:00,1.0,8.0,19,87182.0,0.030961254925428117,WebRoot/WEB-INF/classes/uml.uml
airingursb/EMPs/,2023-12-13 12:11:28+00:00,1.0,8.0,19,87182.0,0.030961254925428117,WebRoot/images/1-.png
airingursb/EMPs/,2023-12-13 12:11:28+00:00,1.0,8.0,19,87182.0,0.030961254925428117,WebRoot/images/1.jpg
airingursb/EMPs/,2023-12-13 12:11:28+00:00,1.0,8.0,19,87182.0,0.030961254925428117,WebRoot/images/1.png
airingursb/EMPs/,2023-12-13 12:11:28+00:00,1.0,8.0,19,87182.0,0.030961254925428117,WebRoot/images/2.jpg
airingursb/EMPs/,2023-12-13 12:11:28+00:00,1.0,8.0,19,87182.0,0.030961254925428117,WebRoot/images/2.png
airingursb/EMPs/,2023-12-13 12:11:28+00:00,1.0,8.0,19,87182.0,0.030961254925428117,WebRoot/images/20.jpg
airingursb/EMPs/,2023-12-13 12:11:28+00:00,1.0,8.0,19,87182.0,0.030961254925428117,WebRoot/images/3.jpg
airingursb/EMPs/,2023-12-13 12:11:28+00:00,1.0,8.0,19,87182.0,0.030961254925428117,WebRoot/images/3.png
airingursb/EMPs/,2023-12-13 12:11:28+00:00,1.0,8.0,19,87182.0,0.030961254925428117,WebRoot/images/4.png
airingursb/EMPs/,2023-12-13 12:11:28+00:00,1.0,8.0,19,87182.0,0.030961254925428117,WebRoot/images/5.png
airingursb/EMPs/,2023-12-13 12:11:28+00:00,1.0,8.0,19,87182.0,0.030961254925428117,WebRoot/images/6.png
airingursb/EMPs/,2023-12-13 12:11:28+00:00,1.0,8.0,19,87182.0,0.030961254925428117,WebRoot/images/7.png
airingursb/EMPs/,2023-12-13 12:11:28+00:00,1.0,8.0,19,87182.0,0.030961254925428117,WebRoot/images/8.jpg
airingursb/EMPs/,2023-12-13 12:11:28+00:00,1.0,8.0,19,87182.0,0.030961254925428117,WebRoot/images/co.png
airingursb/EMPs/,2023-12-13 12:11:28+00:00,1.0,8.0,19,87182.0,0.030961254925428117,WebRoot/images/img.png
airingursb/EMPs/,2023-12-13 12:11:28+00:00,1.0,8.0,19,87182.0,0.030961254925428117,WebRoot/images/row.png
airingursb/EMPs/,2023-12-13 12:11:28+00:00,1.0,8.0,19,87182.0,0.030961254925428117,WebRoot/images/sp-img.png
airingursb/EMPs/,2023-12-13 12:11:28+00:00,1.0,8.0,19,87182.0,0.030961254925428117,WebRoot/images/sprite.png
Stealth80/NickHollis/,2023-12-07 01:55:40+00:00,1.0,0.0,134,624377.0,0.030489398988242204,MobileFriendlyWebApp/public/img/class-diagram.png
Stealth80/NickHollis/,2023-12-07 01:55:40+00:00,1.0,0.0,134,624377.0,0.030489398988242204,MobileFriendlyWebApp/public/img/help.png
Stealth80/NickHollis/,2023-12-07 01:55:40+00:00,1.0,0.0,134,624377.0,0.030489398988242204,MobileFriendlyWebApp/public/img/ima.png
Stealth80/NickHollis/,2023-12-07 01:55:40+00:00,1.0,0.0,134,624377.0,0.030489398988242204,MobileFriendlyWebApp/public/img/info.png
Stealth80/NickHollis/,2023-12-07 01:55:40+00:00,1.0,0.0,134,624377.0,0.030489398988242204,MobileFriendlyWebApp/public/img/pic.jpg
Stealth80/NickHollis/,2023-12-07 01:55:40+00:00,1.0,0.0,134,624377.0,0.030489398988242204,PictureCollage_CPlusPlus/cs215pgm5/fillerImages/0.jpg
Stealth80/NickHollis/,2023-12-07 01:55:40+00:00,1.0,0.0,134,624377.0,0.030489398988242204,PictureCollage_CPlusPlus/cs215pgm5/fillerImages/1.jpg
Stealth80/NickHollis/,2023-12-07 01:55:40+00:00,1.0,0.0,134,624377.0,0.030489398988242204,PictureCollage_CPlusPlus/cs215pgm5/fillerImages/101.jpg
Stealth80/NickHollis/,2023-12-07 01:55:40+00:00,1.0,0.0,134,624377.0,0.030489398988242204,PictureCollage_CPlusPlus/cs215pgm5/fillerImages/104.jpg
Stealth80/NickHollis/,2023-12-07 01:55:40+00:00,1.0,0.0,134,624377.0,0.030489398988242204,PictureCollage_CPlusPlus/cs215pgm5/fillerImages/105.jpg
Stealth80/NickHollis/,2023-12-07 01:55:40+00:00,1.0,0.0,134,624377.0,0.030489398988242204,PictureCollage_CPlusPlus/cs215pgm5/fillerImages/106.jpg
Stealth80/NickHollis/,2023-12-07 01:55:40+00:00,1.0,0.0,134,624377.0,0.030489398988242204,PictureCollage_CPlusPlus/cs215pgm5/fillerImages/11.jpg
Stealth80/NickHollis/,2023-12-07 01:55:40+00:00,1.0,0.0,134,624377.0,0.030489398988242204,PictureCollage_CPlusPlus/cs215pgm5/fillerImages/111.jpg
Stealth80/NickHollis/,2023-12-07 01:55:40+00:00,1.0,0.0,134,624377.0,0.030489398988242204,PictureCollage_CPlusPlus/cs215pgm5/fillerImages/113.jpg
Stealth80/NickHollis/,2023-12-07 01:55:40+00:00,1.0,0.0,134,624377.0,0.030489398988242204,PictureCollage_CPlusPlus/cs215pgm5/fillerImages/116.jpg
Stealth80/NickHollis/,2023-12-07 01:55:40+00:00,1.0,0.0,134,624377.0,0.030489398988242204,PictureCollage_CPlusPlus/cs215pgm5/fillerImages/118.jpg
Stealth80/NickHollis/,2023-12-07 01:55:40+00:00,1.0,0.0,134,624377.0,0.030489398988242204,PictureCollage_CPlusPlus/cs215pgm5/fillerImages/12.jpg
Stealth80/NickHollis/,2023-12-07 01:55:40+00:00,1.0,0.0,134,624377.0,0.030489398988242204,PictureCollage_CPlusPlus/cs215pgm5/fillerImages/121.jpg
Stealth80/NickHollis/,2023-12-07 01:55:40+00:00,1.0,0.0,134,624377.0,0.030489398988242204,PictureCollage_CPlusPlus/cs215pgm5/fillerImages/127.jpg
Stealth80/NickHollis/,2023-12-07 01:55:40+00:00,1.0,0.0,134,624377.0,0.030489398988242204,PictureCollage_CPlusPlus/cs215pgm5/fillerImages/129.jpg
Stealth80/NickHollis/,2023-12-07 01:55:40+00:00,1.0,0.0,134,624377.0,0.030489398988242204,PictureCollage_CPlusPlus/cs215pgm5/fillerImages/130.jpg
Stealth80/NickHollis/,2023-12-07 01:55:40+00:00,1.0,0.0,134,624377.0,0.030489398988242204,PictureCollage_CPlusPlus/cs215pgm5/fillerImages/133.jpg
Stealth80/NickHollis/,2023-12-07 01:55:40+00:00,1.0,0.0,134,624377.0,0.030489398988242204,PictureCollage_CPlusPlus/cs215pgm5/fillerImages/136.jpg
Stealth80/NickHollis/,2023-12-07 01:55:40+00:00,1.0,0.0,134,624377.0,0.030489398988242204,PictureCollage_CPlusPlus/cs215pgm5/fillerImages/138.jpg
Stealth80/NickHollis/,2023-12-07 01:55:40+00:00,1.0,0.0,134,624377.0,0.030489398988242204,PictureCollage_CPlusPlus/cs215pgm5/fillerImages/139.jpg
Stealth80/NickHollis/,2023-12-07 01:55:40+00:00,1.0,0.0,134,624377.0,0.030489398988242204,PictureCollage_CPlusPlus/cs215pgm5/fillerImages/14.jpg
Stealth80/NickHollis/,2023-12-07 01:55:40+00:00,1.0,0.0,134,624377.0,0.030489398988242204,PictureCollage_CPlusPlus/cs215pgm5/fillerImages/141.jpg
Stealth80/NickHollis/,2023-12-07 01:55:40+00:00,1.0,0.0,134,624377.0,0.030489398988242204,PictureCollage_CPlusPlus/cs215pgm5/fillerImages/142.jpg
Stealth80/NickHollis/,2023-12-07 01:55:40+00:00,1.0,0.0,134,624377.0,0.030489398988242204,PictureCollage_CPlusPlus/cs215pgm5/fillerImages/143.jpg
Stealth80/NickHollis/,2023-12-07 01:55:40+00:00,1.0,0.0,134,624377.0,0.030489398988242204,PictureCollage_CPlusPlus/cs215pgm5/fillerImages/146.jpg
Stealth80/NickHollis/,2023-12-07 01:55:40+00:00,1.0,0.0,134,624377.0,0.030489398988242204,PictureCollage_CPlusPlus/cs215pgm5/fillerImages/149.jpg
Stealth80/NickHollis/,2023-12-07 01:55:40+00:00,1.0,0.0,134,624377.0,0.030489398988242204,PictureCollage_CPlusPlus/cs215pgm5/fillerImages/15.jpg
Stealth80/NickHollis/,2023-12-07 01:55:40+00:00,1.0,0.0,134,624377.0,0.030489398988242204,PictureCollage_CPlusPlus/cs215pgm5/fillerImages/150.jpg
Stealth80/NickHollis/,2023-12-07 01:55:40+00:00,1.0,0.0,134,624377.0,0.030489398988242204,PictureCollage_CPlusPlus/cs215pgm5/fillerImages/158.jpg
Stealth80/NickHollis/,2023-12-07 01:55:40+00:00,1.0,0.0,134,624377.0,0.030489398988242204,PictureCollage_CPlusPlus/cs215pgm5/fillerImages/16.jpg
Stealth80/NickHollis/,2023-12-07 01:55:40+00:00,1.0,0.0,134,624377.0,0.030489398988242204,PictureCollage_CPlusPlus/cs215pgm5/fillerImages/161.jpg
Stealth80/NickHollis/,2023-12-07 01:55:40+00:00,1.0,0.0,134,624377.0,0.030489398988242204,PictureCollage_CPlusPlus/cs215pgm5/fillerImages/162.jpg
Stealth80/NickHollis/,2023-12-07 01:55:40+00:00,1.0,0.0,134,624377.0,0.030489398988242204,PictureCollage_CPlusPlus/cs215pgm5/fillerImages/163.jpg
Stealth80/NickHollis/,2023-12-07 01:55:40+00:00,1.0,0.0,134,624377.0,0.030489398988242204,PictureCollage_CPlusPlus/cs215pgm5/fillerImages/164.jpg
Stealth80/NickHollis/,2023-12-07 01:55:40+00:00,1.0,0.0,134,624377.0,0.030489398988242204,PictureCollage_CPlusPlus/cs215pgm5/fillerImages/165.jpg
Stealth80/NickHollis/,2023-12-07 01:55:40+00:00,1.0,0.0,134,624377.0,0.030489398988242204,PictureCollage_CPlusPlus/cs215pgm5/fillerImages/166.jpg
Stealth80/NickHollis/,2023-12-07 01:55:40+00:00,1.0,0.0,134,624377.0,0.030489398988242204,PictureCollage_CPlusPlus/cs215pgm5/fillerImages/168.jpg
Stealth80/NickHollis/,2023-12-07 01:55:40+00:00,1.0,0.0,134,624377.0,0.030489398988242204,PictureCollage_CPlusPlus/cs215pgm5/fillerImages/169.jpg
Stealth80/NickHollis/,2023-12-07 01:55:40+00:00,1.0,0.0,134,624377.0,0.030489398988242204,PictureCollage_CPlusPlus/cs215pgm5/fillerImages/172.jpg
Stealth80/NickHollis/,2023-12-07 01:55:40+00:00,1.0,0.0,134,624377.0,0.030489398988242204,PictureCollage_CPlusPlus/cs215pgm5/fillerImages/174.jpg
Stealth80/NickHollis/,2023-12-07 01:55:40+00:00,1.0,0.0,134,624377.0,0.030489398988242204,PictureCollage_CPlusPlus/cs215pgm5/fillerImages/176.jpg
Stealth80/NickHollis/,2023-12-07 01:55:40+00:00,1.0,0.0,134,624377.0,0.030489398988242204,PictureCollage_CPlusPlus/cs215pgm5/fillerImages/178.jpg
Stealth80/NickHollis/,2023-12-07 01:55:40+00:00,1.0,0.0,134,624377.0,0.030489398988242204,PictureCollage_CPlusPlus/cs215pgm5/fillerImages/179.jpg
Stealth80/NickHollis/,2023-12-07 01:55:40+00:00,1.0,0.0,134,624377.0,0.030489398988242204,PictureCollage_CPlusPlus/cs215pgm5/fillerImages/18.jpg
Stealth80/NickHollis/,2023-12-07 01:55:40+00:00,1.0,0.0,134,624377.0,0.030489398988242204,PictureCollage_CPlusPlus/cs215pgm5/fillerImages/182.jpg
Stealth80/NickHollis/,2023-12-07 01:55:40+00:00,1.0,0.0,134,624377.0,0.030489398988242204,PictureCollage_CPlusPlus/cs215pgm5/fillerImages/183.jpg
Stealth80/NickHollis/,2023-12-07 01:55:40+00:00,1.0,0.0,134,624377.0,0.030489398988242204,PictureCollage_CPlusPlus/cs215pgm5/fillerImages/188.jpg
Stealth80/NickHollis/,2023-12-07 01:55:40+00:00,1.0,0.0,134,624377.0,0.030489398988242204,PictureCollage_CPlusPlus/cs215pgm5/fillerImages/189.jpg
Stealth80/NickHollis/,2023-12-07 01:55:40+00:00,1.0,0.0,134,624377.0,0.030489398988242204,PictureCollage_CPlusPlus/cs215pgm5/fillerImages/190.jpg
Stealth80/NickHollis/,2023-12-07 01:55:40+00:00,1.0,0.0,134,624377.0,0.030489398988242204,PictureCollage_CPlusPlus/cs215pgm5/fillerImages/192.jpg
Stealth80/NickHollis/,2023-12-07 01:55:40+00:00,1.0,0.0,134,624377.0,0.030489398988242204,PictureCollage_CPlusPlus/cs215pgm5/fillerImages/195.jpg
Stealth80/NickHollis/,2023-12-07 01:55:40+00:00,1.0,0.0,134,624377.0,0.030489398988242204,PictureCollage_CPlusPlus/cs215pgm5/fillerImages/196.jpg
Stealth80/NickHollis/,2023-12-07 01:55:40+00:00,1.0,0.0,134,624377.0,0.030489398988242204,PictureCollage_CPlusPlus/cs215pgm5/fillerImages/197.jpg
Stealth80/NickHollis/,2023-12-07 01:55:40+00:00,1.0,0.0,134,624377.0,0.030489398988242204,PictureCollage_CPlusPlus/cs215pgm5/fillerImages/20.jpg
Stealth80/NickHollis/,2023-12-07 01:55:40+00:00,1.0,0.0,134,624377.0,0.030489398988242204,PictureCollage_CPlusPlus/cs215pgm5/fillerImages/201.jpg
Stealth80/NickHollis/,2023-12-07 01:55:40+00:00,1.0,0.0,134,624377.0,0.030489398988242204,PictureCollage_CPlusPlus/cs215pgm5/fillerImages/202.jpg
Stealth80/NickHollis/,2023-12-07 01:55:40+00:00,1.0,0.0,134,624377.0,0.030489398988242204,PictureCollage_CPlusPlus/cs215pgm5/fillerImages/205.jpg
Stealth80/NickHollis/,2023-12-07 01:55:40+00:00,1.0,0.0,134,624377.0,0.030489398988242204,PictureCollage_CPlusPlus/cs215pgm5/fillerImages/208.jpg
Stealth80/NickHollis/,2023-12-07 01:55:40+00:00,1.0,0.0,134,624377.0,0.030489398988242204,PictureCollage_CPlusPlus/cs215pgm5/fillerImages/209.jpg
Stealth80/NickHollis/,2023-12-07 01:55:40+00:00,1.0,0.0,134,624377.0,0.030489398988242204,PictureCollage_CPlusPlus/cs215pgm5/fillerImages/211.jpg
Stealth80/NickHollis/,2023-12-07 01:55:40+00:00,1.0,0.0,134,624377.0,0.030489398988242204,PictureCollage_CPlusPlus/cs215pgm5/fillerImages/214.jpg
Stealth80/NickHollis/,2023-12-07 01:55:40+00:00,1.0,0.0,134,624377.0,0.030489398988242204,PictureCollage_CPlusPlus/cs215pgm5/fillerImages/216.jpg
Stealth80/NickHollis/,2023-12-07 01:55:40+00:00,1.0,0.0,134,624377.0,0.030489398988242204,PictureCollage_CPlusPlus/cs215pgm5/fillerImages/217.jpg
Stealth80/NickHollis/,2023-12-07 01:55:40+00:00,1.0,0.0,134,624377.0,0.030489398988242204,PictureCollage_CPlusPlus/cs215pgm5/fillerImages/218.jpg
Stealth80/NickHollis/,2023-12-07 01:55:40+00:00,1.0,0.0,134,624377.0,0.030489398988242204,PictureCollage_CPlusPlus/cs215pgm5/fillerImages/219.jpg
Stealth80/NickHollis/,2023-12-07 01:55:40+00:00,1.0,0.0,134,624377.0,0.030489398988242204,PictureCollage_CPlusPlus/cs215pgm5/fillerImages/221.jpg
Stealth80/NickHollis/,2023-12-07 01:55:40+00:00,1.0,0.0,134,624377.0,0.030489398988242204,PictureCollage_CPlusPlus/cs215pgm5/fillerImages/222.jpg
Stealth80/NickHollis/,2023-12-07 01:55:40+00:00,1.0,0.0,134,624377.0,0.030489398988242204,PictureCollage_CPlusPlus/cs215pgm5/fillerImages/223.jpg
Stealth80/NickHollis/,2023-12-07 01:55:40+00:00,1.0,0.0,134,624377.0,0.030489398988242204,PictureCollage_CPlusPlus/cs215pgm5/fillerImages/226.jpg
Stealth80/NickHollis/,2023-12-07 01:55:40+00:00,1.0,0.0,134,624377.0,0.030489398988242204,PictureCollage_CPlusPlus/cs215pgm5/fillerImages/227.jpg
Stealth80/NickHollis/,2023-12-07 01:55:40+00:00,1.0,0.0,134,624377.0,0.030489398988242204,PictureCollage_CPlusPlus/cs215pgm5/fillerImages/228.jpg
Stealth80/NickHollis/,2023-12-07 01:55:40+00:00,1.0,0.0,134,624377.0,0.030489398988242204,PictureCollage_CPlusPlus/cs215pgm5/fillerImages/229.jpg
Stealth80/NickHollis/,2023-12-07 01:55:40+00:00,1.0,0.0,134,624377.0,0.030489398988242204,PictureCollage_CPlusPlus/cs215pgm5/fillerImages/231.jpg
Stealth80/NickHollis/,2023-12-07 01:55:40+00:00,1.0,0.0,134,624377.0,0.030489398988242204,PictureCollage_CPlusPlus/cs215pgm5/fillerImages/239.jpg
Stealth80/NickHollis/,2023-12-07 01:55:40+00:00,1.0,0.0,134,624377.0,0.030489398988242204,PictureCollage_CPlusPlus/cs215pgm5/fillerImages/251.jpg
Stealth80/NickHollis/,2023-12-07 01:55:40+00:00,1.0,0.0,134,624377.0,0.030489398988242204,PictureCollage_CPlusPlus/cs215pgm5/fillerImages/253.jpg
Stealth80/NickHollis/,2023-12-07 01:55:40+00:00,1.0,0.0,134,624377.0,0.030489398988242204,PictureCollage_CPlusPlus/cs215pgm5/fillerImages/254.jpg
Stealth80/NickHollis/,2023-12-07 01:55:40+00:00,1.0,0.0,134,624377.0,0.030489398988242204,PictureCollage_CPlusPlus/cs215pgm5/fillerImages/258.jpg
Stealth80/NickHollis/,2023-12-07 01:55:40+00:00,1.0,0.0,134,624377.0,0.030489398988242204,PictureCollage_CPlusPlus/cs215pgm5/fillerImages/26.jpg
Stealth80/NickHollis/,2023-12-07 01:55:40+00:00,1.0,0.0,134,624377.0,0.030489398988242204,PictureCollage_CPlusPlus/cs215pgm5/fillerImages/265.jpg
Stealth80/NickHollis/,2023-12-07 01:55:40+00:00,1.0,0.0,134,624377.0,0.030489398988242204,PictureCollage_CPlusPlus/cs215pgm5/fillerImages/266.jpg
Stealth80/NickHollis/,2023-12-07 01:55:40+00:00,1.0,0.0,134,624377.0,0.030489398988242204,PictureCollage_CPlusPlus/cs215pgm5/fillerImages/268.jpg
Stealth80/NickHollis/,2023-12-07 01:55:40+00:00,1.0,0.0,134,624377.0,0.030489398988242204,PictureCollage_CPlusPlus/cs215pgm5/fillerImages/269.jpg
Stealth80/NickHollis/,2023-12-07 01:55:40+00:00,1.0,0.0,134,624377.0,0.030489398988242204,PictureCollage_CPlusPlus/cs215pgm5/fillerImages/273.jpg
Stealth80/NickHollis/,2023-12-07 01:55:40+00:00,1.0,0.0,134,624377.0,0.030489398988242204,PictureCollage_CPlusPlus/cs215pgm5/fillerImages/274.jpg
Stealth80/NickHollis/,2023-12-07 01:55:40+00:00,1.0,0.0,134,624377.0,0.030489398988242204,PictureCollage_CPlusPlus/cs215pgm5/fillerImages/276.jpg
Stealth80/NickHollis/,2023-12-07 01:55:40+00:00,1.0,0.0,134,624377.0,0.030489398988242204,PictureCollage_CPlusPlus/cs215pgm5/fillerImages/279.jpg
Stealth80/NickHollis/,2023-12-07 01:55:40+00:00,1.0,0.0,134,624377.0,0.030489398988242204,PictureCollage_CPlusPlus/cs215pgm5/fillerImages/28.jpg
Stealth80/NickHollis/,2023-12-07 01:55:40+00:00,1.0,0.0,134,624377.0,0.030489398988242204,PictureCollage_CPlusPlus/cs215pgm5/fillerImages/283.jpg
Stealth80/NickHollis/,2023-12-07 01:55:40+00:00,1.0,0.0,134,624377.0,0.030489398988242204,PictureCollage_CPlusPlus/cs215pgm5/fillerImages/284.jpg
Stealth80/NickHollis/,2023-12-07 01:55:40+00:00,1.0,0.0,134,624377.0,0.030489398988242204,PictureCollage_CPlusPlus/cs215pgm5/fillerImages/291.jpg
Stealth80/NickHollis/,2023-12-07 01:55:40+00:00,1.0,0.0,134,624377.0,0.030489398988242204,PictureCollage_CPlusPlus/cs215pgm5/fillerImages/292.jpg
Stealth80/NickHollis/,2023-12-07 01:55:40+00:00,1.0,0.0,134,624377.0,0.030489398988242204,PictureCollage_CPlusPlus/cs215pgm5/fillerImages/299.jpg
Stealth80/NickHollis/,2023-12-07 01:55:40+00:00,1.0,0.0,134,624377.0,0.030489398988242204,PictureCollage_CPlusPlus/cs215pgm5/fillerImages/3.jpg
Stealth80/NickHollis/,2023-12-07 01:55:40+00:00,1.0,0.0,134,624377.0,0.030489398988242204,PictureCollage_CPlusPlus/cs215pgm5/fillerImages/302.jpg
Stealth80/NickHollis/,2023-12-07 01:55:40+00:00,1.0,0.0,134,624377.0,0.030489398988242204,PictureCollage_CPlusPlus/cs215pgm5/fillerImages/306.jpg
Stealth80/NickHollis/,2023-12-07 01:55:40+00:00,1.0,0.0,134,624377.0,0.030489398988242204,PictureCollage_CPlusPlus/cs215pgm5/fillerImages/308.jpg
Stealth80/NickHollis/,2023-12-07 01:55:40+00:00,1.0,0.0,134,624377.0,0.030489398988242204,PictureCollage_CPlusPlus/cs215pgm5/fillerImages/309.jpg
Stealth80/NickHollis/,2023-12-07 01:55:40+00:00,1.0,0.0,134,624377.0,0.030489398988242204,PictureCollage_CPlusPlus/cs215pgm5/fillerImages/311.jpg
Stealth80/NickHollis/,2023-12-07 01:55:40+00:00,1.0,0.0,134,624377.0,0.030489398988242204,PictureCollage_CPlusPlus/cs215pgm5/fillerImages/314.jpg
Stealth80/NickHollis/,2023-12-07 01:55:40+00:00,1.0,0.0,134,624377.0,0.030489398988242204,PictureCollage_CPlusPlus/cs215pgm5/fillerImages/315.jpg
Stealth80/NickHollis/,2023-12-07 01:55:40+00:00,1.0,0.0,134,624377.0,0.030489398988242204,PictureCollage_CPlusPlus/cs215pgm5/fillerImages/316.jpg
Stealth80/NickHollis/,2023-12-07 01:55:40+00:00,1.0,0.0,134,624377.0,0.030489398988242204,PictureCollage_CPlusPlus/cs215pgm5/fillerImages/318.jpg
Stealth80/NickHollis/,2023-12-07 01:55:40+00:00,1.0,0.0,134,624377.0,0.030489398988242204,PictureCollage_CPlusPlus/cs215pgm5/fillerImages/322.jpg
Stealth80/NickHollis/,2023-12-07 01:55:40+00:00,1.0,0.0,134,624377.0,0.030489398988242204,PictureCollage_CPlusPlus/cs215pgm5/fillerImages/324.jpg
Stealth80/NickHollis/,2023-12-07 01:55:40+00:00,1.0,0.0,134,624377.0,0.030489398988242204,PictureCollage_CPlusPlus/cs215pgm5/fillerImages/328.jpg
Stealth80/NickHollis/,2023-12-07 01:55:40+00:00,1.0,0.0,134,624377.0,0.030489398988242204,PictureCollage_CPlusPlus/cs215pgm5/fillerImages/338.jpg
Stealth80/NickHollis/,2023-12-07 01:55:40+00:00,1.0,0.0,134,624377.0,0.030489398988242204,PictureCollage_CPlusPlus/cs215pgm5/fillerImages/341.jpg
Stealth80/NickHollis/,2023-12-07 01:55:40+00:00,1.0,0.0,134,624377.0,0.030489398988242204,PictureCollage_CPlusPlus/cs215pgm5/fillerImages/355.jpg
Stealth80/NickHollis/,2023-12-07 01:55:40+00:00,1.0,0.0,134,624377.0,0.030489398988242204,PictureCollage_CPlusPlus/cs215pgm5/fillerImages/356.jpg
Stealth80/NickHollis/,2023-12-07 01:55:40+00:00,1.0,0.0,134,624377.0,0.030489398988242204,PictureCollage_CPlusPlus/cs215pgm5/fillerImages/357.jpg
Stealth80/NickHollis/,2023-12-07 01:55:40+00:00,1.0,0.0,134,624377.0,0.030489398988242204,PictureCollage_CPlusPlus/cs215pgm5/fillerImages/358.jpg
Stealth80/NickHollis/,2023-12-07 01:55:40+00:00,1.0,0.0,134,624377.0,0.030489398988242204,PictureCollage_CPlusPlus/cs215pgm5/fillerImages/359.jpg
Stealth80/NickHollis/,2023-12-07 01:55:40+00:00,1.0,0.0,134,624377.0,0.030489398988242204,PictureCollage_CPlusPlus/cs215pgm5/fillerImages/361.jpg
Stealth80/NickHollis/,2023-12-07 01:55:40+00:00,1.0,0.0,134,624377.0,0.030489398988242204,PictureCollage_CPlusPlus/cs215pgm5/fillerImages/363.jpg
Stealth80/NickHollis/,2023-12-07 01:55:40+00:00,1.0,0.0,134,624377.0,0.030489398988242204,PictureCollage_CPlusPlus/cs215pgm5/fillerImages/368.jpg
Stealth80/NickHollis/,2023-12-07 01:55:40+00:00,1.0,0.0,134,624377.0,0.030489398988242204,PictureCollage_CPlusPlus/cs215pgm5/fillerImages/369.jpg
Stealth80/NickHollis/,2023-12-07 01:55:40+00:00,1.0,0.0,134,624377.0,0.030489398988242204,PictureCollage_CPlusPlus/cs215pgm5/fillerImages/372.jpg
Stealth80/NickHollis/,2023-12-07 01:55:40+00:00,1.0,0.0,134,624377.0,0.030489398988242204,PictureCollage_CPlusPlus/cs215pgm5/fillerImages/376.jpg
Stealth80/NickHollis/,2023-12-07 01:55:40+00:00,1.0,0.0,134,624377.0,0.030489398988242204,PictureCollage_CPlusPlus/cs215pgm5/fillerImages/377.jpg
Stealth80/NickHollis/,2023-12-07 01:55:40+00:00,1.0,0.0,134,624377.0,0.030489398988242204,PictureCollage_CPlusPlus/cs215pgm5/fillerImages/381.jpg
Stealth80/NickHollis/,2023-12-07 01:55:40+00:00,1.0,0.0,134,624377.0,0.030489398988242204,PictureCollage_CPlusPlus/cs215pgm5/fillerImages/383.jpg
Stealth80/NickHollis/,2023-12-07 01:55:40+00:00,1.0,0.0,134,624377.0,0.030489398988242204,PictureCollage_CPlusPlus/cs215pgm5/fillerImages/391.jpg
Stealth80/NickHollis/,2023-12-07 01:55:40+00:00,1.0,0.0,134,624377.0,0.030489398988242204,PictureCollage_CPlusPlus/cs215pgm5/fillerImages/392.jpg
Stealth80/NickHollis/,2023-12-07 01:55:40+00:00,1.0,0.0,134,624377.0,0.030489398988242204,PictureCollage_CPlusPlus/cs215pgm5/fillerImages/399.jpg
Stealth80/NickHollis/,2023-12-07 01:55:40+00:00,1.0,0.0,134,624377.0,0.030489398988242204,PictureCollage_CPlusPlus/cs215pgm5/fillerImages/4.jpg
Stealth80/NickHollis/,2023-12-07 01:55:40+00:00,1.0,0.0,134,624377.0,0.030489398988242204,PictureCollage_CPlusPlus/cs215pgm5/fillerImages/407.jpg
Stealth80/NickHollis/,2023-12-07 01:55:40+00:00,1.0,0.0,134,624377.0,0.030489398988242204,PictureCollage_CPlusPlus/cs215pgm5/fillerImages/416.jpg
Stealth80/NickHollis/,2023-12-07 01:55:40+00:00,1.0,0.0,134,624377.0,0.030489398988242204,PictureCollage_CPlusPlus/cs215pgm5/fillerImages/428.jpg
cazares/cazares.github.com/,2024-10-24 12:07:23+00:00,1.0,0.0,6,47453.0,0.017961433960758687,images/elevator-simulator-class-diagram-controller.jpg
cazares/cazares.github.com/,2024-10-24 12:07:23+00:00,1.0,0.0,6,47453.0,0.017961433960758687,images/elevator-simulator-class-diagram-model.jpg
cazares/cazares.github.com/,2024-10-24 12:07:23+00:00,1.0,0.0,6,47453.0,0.017961433960758687,images/elevator-simulator-class-diagram-view.jpg
cazares/cazares.github.com/,2024-10-24 12:07:23+00:00,1.0,0.0,6,47453.0,0.017961433960758687,images/elevator-simulator-class-diagram.jpg
cazares/cazares.github.com/,2024-10-24 12:07:23+00:00,1.0,0.0,6,47453.0,0.017961433960758687,images/hr.gif
cazares/cazares.github.com/,2024-10-24 12:07:23+00:00,1.0,0.0,6,47453.0,0.017961433960758687,public/recommendations.png
cbardon/clementbardon.com/,2024-09-07 04:57:48+00:00,1.0,1.0,54,492611.0,0.015571450332007339,images/bipper.jpg
cbardon/clementbardon.com/,2024-09-07 04:57:48+00:00,1.0,1.0,54,492611.0,0.015571450332007339,images/cg15.jpg
cbardon/clementbardon.com/,2024-09-07 04:57:48+00:00,1.0,1.0,54,492611.0,0.015571450332007339,images/cron.png
cbardon/clementbardon.com/,2024-09-07 04:57:48+00:00,1.0,1.0,54,492611.0,0.015571450332007339,images/lilou_main.png
cbardon/clementbardon.com/,2024-09-07 04:57:48+00:00,1.0,1.0,54,492611.0,0.015571450332007339,images/mozac2.jpg
cbardon/clementbardon.com/,2024-09-07 04:57:48+00:00,1.0,1.0,54,492611.0,0.015571450332007339,images/pageaccueil.jpg
cbardon/clementbardon.com/,2024-09-07 04:57:48+00:00,1.0,1.0,54,492611.0,0.015571450332007339,images/paph.png
cbardon/clementbardon.com/,2024-09-07 04:57:48+00:00,1.0,1.0,54,492611.0,0.015571450332007339,images/paph2.png
cbardon/clementbardon.com/,2024-09-07 04:57:48+00:00,1.0,1.0,54,492611.0,0.015571450332007339,images/pic01.jpg
cbardon/clementbardon.com/,2024-09-07 04:57:48+00:00,1.0,1.0,54,492611.0,0.015571450332007339,images/pic02.jpg
cbardon/clementbardon.com/,2024-09-07 04:57:48+00:00,1.0,1.0,54,492611.0,0.015571450332007339,images/pic03.jpg
cbardon/clementbardon.com/,2024-09-07 04:57:48+00:00,1.0,1.0,54,492611.0,0.015571450332007339,images/pic04.jpg
cbardon/clementbardon.com/,2024-09-07 04:57:48+00:00,1.0,1.0,54,492611.0,0.015571450332007339,images/pic07.jpg
cbardon/clementbardon.com/,2024-09-07 04:57:48+00:00,1.0,1.0,54,492611.0,0.015571450332007339,images/pic08.jpg
cbardon/clementbardon.com/,2024-09-07 04:57:48+00:00,1.0,1.0,54,492611.0,0.015571450332007339,images/pic09.jpg
cbardon/clementbardon.com/,2024-09-07 04:57:48+00:00,1.0,1.0,54,492611.0,0.015571450332007339,images/pic10.jpg
cbardon/clementbardon.com/,2024-09-07 04:57:48+00:00,1.0,1.0,54,492611.0,0.015571450332007339,images/portailEclat.png
cbardon/clementbardon.com/,2024-09-07 04:57:48+00:00,1.0,1.0,54,492611.0,0.015571450332007339,images/report.png
cbardon/clementbardon.com/,2024-09-07 04:57:48+00:00,1.0,1.0,54,492611.0,0.015571450332007339,images/secours2.png
cbardon/clementbardon.com/,2024-09-07 04:57:48+00:00,1.0,1.0,54,492611.0,0.015571450332007339,images/site 1.jpg
cbardon/clementbardon.com/,2024-09-07 04:57:48+00:00,1.0,1.0,54,492611.0,0.015571450332007339,web/media/img/GSB-Report-Capture1.png
cbardon/clementbardon.com/,2024-09-07 04:57:48+00:00,1.0,1.0,54,492611.0,0.015571450332007339,web/media/img/GSB-Report-Capture2.png
cbardon/clementbardon.com/,2024-09-07 04:57:48+00:00,1.0,1.0,54,492611.0,0.015571450332007339,web/media/img/ajout.png
cbardon/clementbardon.com/,2024-09-07 04:57:48+00:00,1.0,1.0,54,492611.0,0.015571450332007339,web/media/img/ajoutPhoto.png
cbardon/clementbardon.com/,2024-09-07 04:57:48+00:00,1.0,1.0,54,492611.0,0.015571450332007339,web/media/img/authentification.png
cbardon/clementbardon.com/,2024-09-07 04:57:48+00:00,1.0,1.0,54,492611.0,0.015571450332007339,web/media/img/carrousel/3.jpg
cbardon/clementbardon.com/,2024-09-07 04:57:48+00:00,1.0,1.0,54,492611.0,0.015571450332007339,web/media/img/cg15.jpg
cbardon/clementbardon.com/,2024-09-07 04:57:48+00:00,1.0,1.0,54,492611.0,0.015571450332007339,web/media/img/gsb.png
cbardon/clementbardon.com/,2024-09-07 04:57:48+00:00,1.0,1.0,54,492611.0,0.015571450332007339,web/media/img/indexConnect.png
cbardon/clementbardon.com/,2024-09-07 04:57:48+00:00,1.0,1.0,54,492611.0,0.015571450332007339,web/media/img/inscription.png
cbardon/clementbardon.com/,2024-09-07 04:57:48+00:00,1.0,1.0,54,492611.0,0.015571450332007339,web/media/img/lilou_lourd.png
cbardon/clementbardon.com/,2024-09-07 04:57:48+00:00,1.0,1.0,54,492611.0,0.015571450332007339,web/media/img/modif.png
cbardon/clementbardon.com/,2024-09-07 04:57:48+00:00,1.0,1.0,54,492611.0,0.015571450332007339,web/media/img/moins.png
cbardon/clementbardon.com/,2024-09-07 04:57:48+00:00,1.0,1.0,54,492611.0,0.015571450332007339,web/media/img/mozac2.jpg
cbardon/clementbardon.com/,2024-09-07 04:57:48+00:00,1.0,1.0,54,492611.0,0.015571450332007339,web/media/img/paph.png
cbardon/clementbardon.com/,2024-09-07 04:57:48+00:00,1.0,1.0,54,492611.0,0.015571450332007339,web/media/img/paph2.png
cbardon/clementbardon.com/,2024-09-07 04:57:48+00:00,1.0,1.0,54,492611.0,0.015571450332007339,web/media/img/pic01.jpg
cbardon/clementbardon.com/,2024-09-07 04:57:48+00:00,1.0,1.0,54,492611.0,0.015571450332007339,web/media/img/pic02.jpg
cbardon/clementbardon.com/,2024-09-07 04:57:48+00:00,1.0,1.0,54,492611.0,0.015571450332007339,web/media/img/pic03.jpg
cbardon/clementbardon.com/,2024-09-07 04:57:48+00:00,1.0,1.0,54,492611.0,0.015571450332007339,web/media/img/pic04.jpg
cbardon/clementbardon.com/,2024-09-07 04:57:48+00:00,1.0,1.0,54,492611.0,0.015571450332007339,web/media/img/pic07.jpg
cbardon/clementbardon.com/,2024-09-07 04:57:48+00:00,1.0,1.0,54,492611.0,0.015571450332007339,web/media/img/pic08.jpg
cbardon/clementbardon.com/,2024-09-07 04:57:48+00:00,1.0,1.0,54,492611.0,0.015571450332007339,web/media/img/pic09.jpg
cbardon/clementbardon.com/,2024-09-07 04:57:48+00:00,1.0,1.0,54,492611.0,0.015571450332007339,web/media/img/pic10.jpg
cbardon/clementbardon.com/,2024-09-07 04:57:48+00:00,1.0,1.0,54,492611.0,0.015571450332007339,web/media/img/plus.png
cbardon/clementbardon.com/,2024-09-07 04:57:48+00:00,1.0,1.0,54,492611.0,0.015571450332007339,web/media/img/presentation.png
cbardon/clementbardon.com/,2024-09-07 04:57:48+00:00,1.0,1.0,54,492611.0,0.015571450332007339,web/media/img/report.png
cbardon/clementbardon.com/,2024-09-07 04:57:48+00:00,1.0,1.0,54,492611.0,0.015571450332007339,web/media/img/secours2.png
cbardon/clementbardon.com/,2024-09-07 04:57:48+00:00,1.0,1.0,54,492611.0,0.015571450332007339,web/media/img/site 1.jpg
cbardon/clementbardon.com/,2024-09-07 04:57:48+00:00,1.0,1.0,54,492611.0,0.015571450332007339,web/media/img/test.jpg
cbardon/clementbardon.com/,2024-09-07 04:57:48+00:00,1.0,1.0,54,492611.0,0.015571450332007339,web/media/modele/modeles/test.png
cbardon/clementbardon.com/,2024-09-07 04:57:48+00:00,1.0,1.0,54,492611.0,0.015571450332007339,web/media/modele/modeles/testParametre.png
cbardon/clementbardon.com/,2024-09-07 04:57:48+00:00,1.0,1.0,54,492611.0,0.015571450332007339,web/media/modele/photos/supprimer/Diagramme de classe.png
cbardon/clementbardon.com/,2024-09-07 04:57:48+00:00,1.0,1.0,54,492611.0,0.015571450332007339,web/media/modele/photos/test/image (2).png
ValentinMinder/CirculationMediator/,2024-05-02 14:47:54+00:00,3.0,1.0,5,47692.0,0.0148922073414847,TheoreticalMediator/presentation/graphics/UML-0_general.png
ValentinMinder/CirculationMediator/,2024-05-02 14:47:54+00:00,3.0,1.0,5,47692.0,0.0148922073414847,TheoreticalMediator/presentation/graphics/UML-1_interaction.png
ValentinMinder/CirculationMediator/,2024-05-02 14:47:54+00:00,3.0,1.0,5,47692.0,0.0148922073414847,TheoreticalMediator/presentation/graphics/UML-2_carrierMessage.png
ValentinMinder/CirculationMediator/,2024-05-02 14:47:54+00:00,3.0,1.0,5,47692.0,0.0148922073414847,TheoreticalMediator/presentation/graphics/UML-2_carrierMessagePlus.png
ValentinMinder/CirculationMediator/,2024-05-02 14:47:54+00:00,3.0,1.0,5,47692.0,0.0148922073414847,TheoreticalMediator/presentation/graphics/UML-4_workers.png
stefanoborini/modelviewcontroller-src/,2024-07-16 04:51:11+00:00,1.0,37.0,15,239185.0,0.00890672208354017,01-basics-of-mvc/images/DocumentViewDesign.png
stefanoborini/modelviewcontroller-src/,2024-07-16 04:51:11+00:00,1.0,37.0,15,239185.0,0.00890672208354017,02-mvc-variations/01-variations-on-the-model/images/application_model/model_model_view_controller.png
stefanoborini/modelviewcontroller-src/,2024-07-16 04:51:11+00:00,1.0,37.0,15,239185.0,0.00890672208354017,02-mvc-variations/01-variations-on-the-model/images/caching_model/caching_model.png
stefanoborini/modelviewcontroller-src/,2024-07-16 04:51:11+00:00,1.0,37.0,15,239185.0,0.00890672208354017,02-mvc-variations/01-variations-on-the-model/images/collection_model/collection_model.png
stefanoborini/modelviewcontroller-src/,2024-07-16 04:51:11+00:00,1.0,37.0,15,239185.0,0.00890672208354017,02-mvc-variations/01-variations-on-the-model/images/compositing_model/compositing_model_design.png
stefanoborini/modelviewcontroller-src/,2024-07-16 04:51:11+00:00,1.0,37.0,15,239185.0,0.00890672208354017,02-mvc-variations/01-variations-on-the-model/images/compositing_model/compositingmodel.png
stefanoborini/modelviewcontroller-src/,2024-07-16 04:51:11+00:00,1.0,37.0,15,239185.0,0.00890672208354017,02-mvc-variations/01-variations-on-the-model/images/proxy_model/proxy_model.png
stefanoborini/modelviewcontroller-src/,2024-07-16 04:51:11+00:00,1.0,37.0,15,239185.0,0.00890672208354017,02-mvc-variations/01-variations-on-the-model/images/value_model/value_model.png
stefanoborini/modelviewcontroller-src/,2024-07-16 04:51:11+00:00,1.0,37.0,15,239185.0,0.00890672208354017,02-mvc-variations/02-variations-on-the-view/images/passive_view/passive_view.png
stefanoborini/modelviewcontroller-src/,2024-07-16 04:51:11+00:00,1.0,37.0,15,239185.0,0.00890672208354017,02-mvc-variations/02-variations-on-the-view/images/visibility_allowed_notifications/visibility_allowed_notifications.png
stefanoborini/modelviewcontroller-src/,2024-07-16 04:51:11+00:00,1.0,37.0,15,239185.0,0.00890672208354017,02-mvc-variations/02-variations-on-the-view/images/visual_proxy/visual_proxy.png
stefanoborini/modelviewcontroller-src/,2024-07-16 04:51:11+00:00,1.0,37.0,15,239185.0,0.00890672208354017,02-mvc-variations/04-variations-on-the-notification-strategy/images/delayed_model/delayed_model.png
stefanoborini/modelviewcontroller-src/,2024-07-16 04:51:11+00:00,1.0,37.0,15,239185.0,0.00890672208354017,02-mvc-variations/04-variations-on-the-notification-strategy/images/lazy_model/lazy_model.png
stefanoborini/modelviewcontroller-src/,2024-07-16 04:51:11+00:00,1.0,37.0,15,239185.0,0.00890672208354017,02-mvc-variations/04-variations-on-the-notification-strategy/images/passive_model/passive_model.png
stefanoborini/modelviewcontroller-src/,2024-07-16 04:51:11+00:00,1.0,37.0,15,239185.0,0.00890672208354017,02-mvc-variations/04-variations-on-the-notification-strategy/images/pre_post_notification/pre_post_notification.png
vijayakumarsuraj/UIAutomation/,2024-09-05 07:39:03+00:00,1.0,20.0,1,81216.0,0.00174567825929993,Architecture/ModelDefinition/Architecture.uml
Stefku/intellij-reference-diagram/,2024-11-14 12:13:33+00:00,3.0,108.0,2,164257.0,0.0017262406806193415,doc/ExampleDiagram_ch.docksnet.app.MainClass.png
Stefku/intellij-reference-diagram/,2024-11-14 12:13:33+00:00,3.0,108.0,2,164257.0,0.0017262406806193415,test/Example_InnerClasses.png
AbelianGroupInc/LmInterpreter/,2024-03-28 23:08:29+00:00,2.0,1.0,1,86337.0,0.0016419108428418125,UmlDiagram/UmCompiler_UML/UmCompiler_UML/ModelDefinition/UmCompiler_UML.uml
chmduquesne/blog/,2024-08-24 22:54:14+00:00,1.0,2.0,6,622598.0,0.001365489145600039,blog.chmd.fr/images/screenshot_recursif.png
chmduquesne/blog/,2024-08-24 22:54:14+00:00,1.0,2.0,6,622598.0,0.001365489145600039,blog.chmd.fr/images/screenshot_recursif.thumbnail.png
chmduquesne/blog/,2024-08-24 22:54:14+00:00,1.0,2.0,6,622598.0,0.001365489145600039,blog.chmd.fr/images/uml_dia.png
chmduquesne/blog/,2024-08-24 22:54:14+00:00,1.0,2.0,6,622598.0,0.001365489145600039,source/images/screenshot_recursif.png
chmduquesne/blog/,2024-08-24 22:54:14+00:00,1.0,2.0,6,622598.0,0.001365489145600039,source/images/uml_dia.png
chmduquesne/blog/,2024-08-24 22:54:14+00:00,1.0,2.0,6,622598.0,0.001365489145600039,source/images/weee.gif
SeNDA-UAB/aDTNPlus/,2024-09-11 13:30:39+00:00,3.0,4.0,20,2319990.0,0.0012210878523546092,Docs/Figures/ActiveForwarding/bundleCD.uml
SeNDA-UAB/aDTNPlus/,2024-09-11 13:30:39+00:00,3.0,4.0,20,2319990.0,0.0012210878523546092,Docs/Figures/ActiveForwarding/processBundleAD.uml
SeNDA-UAB/aDTNPlus/,2024-09-11 13:30:39+00:00,3.0,4.0,20,2319990.0,0.0012210878523546092,Docs/Figures/ActiveForwarding/processBundleCD.uml
SeNDA-UAB/aDTNPlus/,2024-09-11 13:30:39+00:00,3.0,4.0,20,2319990.0,0.0012210878523546092,Docs/Figures/CD.uml
SeNDA-UAB/aDTNPlus/,2024-09-11 13:30:39+00:00,3.0,4.0,20,2319990.0,0.0012210878523546092,Docs/Figures/Frameworks/bundleCD.uml
SeNDA-UAB/aDTNPlus/,2024-09-11 13:30:39+00:00,3.0,4.0,20,2319990.0,0.0012210878523546092,Docs/Figures/RoutingReporting/bundleAgentCD.uml
SeNDA-UAB/aDTNPlus/,2024-09-11 13:30:39+00:00,3.0,4.0,20,2319990.0,0.0012210878523546092,Docs/Figures/RoutingReporting/bundleCD.uml
SeNDA-UAB/aDTNPlus/,2024-09-11 13:30:39+00:00,3.0,4.0,20,2319990.0,0.0012210878523546092,Docs/Figures/RoutingReporting/processBundleCD.uml
SeNDA-UAB/aDTNPlus/,2024-09-11 13:30:39+00:00,3.0,4.0,20,2319990.0,0.0012210878523546092,Docs/Figures/RoutingSelection/bundleCD.uml
SeNDA-UAB/aDTNPlus/,2024-09-11 13:30:39+00:00,3.0,4.0,20,2319990.0,0.0012210878523546092,Docs/Figures/RoutingSelection/processBundleAD.uml
SeNDA-UAB/aDTNPlus/,2024-09-11 13:30:39+00:00,3.0,4.0,20,2319990.0,0.0012210878523546092,Docs/Figures/RoutingSelection/processBundleCD.uml
SeNDA-UAB/aDTNPlus/,2024-09-11 13:30:39+00:00,3.0,4.0,20,2319990.0,0.0012210878523546092,Docs/Figures/bundleAgentAD.uml
SeNDA-UAB/aDTNPlus/,2024-09-11 13:30:39+00:00,3.0,4.0,20,2319990.0,0.0012210878523546092,Docs/Figures/bundleAgentCD.uml
SeNDA-UAB/aDTNPlus/,2024-09-11 13:30:39+00:00,3.0,4.0,20,2319990.0,0.0012210878523546092,Docs/Figures/bundleCD.uml
SeNDA-UAB/aDTNPlus/,2024-09-11 13:30:39+00:00,3.0,4.0,20,2319990.0,0.0012210878523546092,Docs/Figures/listenAppsCD.uml
SeNDA-UAB/aDTNPlus/,2024-09-11 13:30:39+00:00,3.0,4.0,20,2319990.0,0.0012210878523546092,Docs/Figures/listenAppsUpgradeCD.uml
SeNDA-UAB/aDTNPlus/,2024-09-11 13:30:39+00:00,3.0,4.0,20,2319990.0,0.0012210878523546092,Docs/Figures/neighbourDiscoveryCD.uml
SeNDA-UAB/aDTNPlus/,2024-09-11 13:30:39+00:00,3.0,4.0,20,2319990.0,0.0012210878523546092,Docs/Figures/processBundleAD.uml
SeNDA-UAB/aDTNPlus/,2024-09-11 13:30:39+00:00,3.0,4.0,20,2319990.0,0.0012210878523546092,Docs/Figures/processBundlesAD.uml
SeNDA-UAB/aDTNPlus/,2024-09-11 13:30:39+00:00,3.0,4.0,20,2319990.0,0.0012210878523546092,Docs/Figures/receiveBundlesAD.uml
universAAL/ontology/,2024-09-06 05:54:56+00:00,9.0,13.0,25,3349200.0,0.0010568022853308105,ont.X73/x73.uml
universAAL/ontology/,2024-09-06 05:54:56+00:00,9.0,13.0,25,3349200.0,0.0010568022853308105,ont.cryptographic/Cryptographic Ontology.uml
universAAL/ontology/,2024-09-06 05:54:56+00:00,9.0,13.0,25,3349200.0,0.0010568022853308105,ont.cryptographic/src/main/javadoc/Cryptographic Services Ontology.png
universAAL/ontology/,2024-09-06 05:54:56+00:00,9.0,13.0,25,3349200.0,0.0010568022853308105,ont.cryptographic/src/main/javadoc/Cryptographic Techniques Ontology.png
universAAL/ontology/,2024-09-06 05:54:56+00:00,9.0,13.0,25,3349200.0,0.0010568022853308105,ont.dependability/Dependability.uml
universAAL/ontology/,2024-09-06 05:54:56+00:00,9.0,13.0,25,3349200.0,0.0010568022853308105,ont.device/Device.uml
universAAL/ontology/,2024-09-06 05:54:56+00:00,9.0,13.0,25,3349200.0,0.0010568022853308105,ont.handgestures/HandGestures.uml
universAAL/ontology/,2024-09-06 05:54:56+00:00,9.0,13.0,25,3349200.0,0.0010568022853308105,ont.handgestures/src/main/handGesturesOnt.PNG
universAAL/ontology/,2024-09-06 05:54:56+00:00,9.0,13.0,25,3349200.0,0.0010568022853308105,ont.health.disease/Disease.uml
universAAL/ontology/,2024-09-06 05:54:56+00:00,9.0,13.0,25,3349200.0,0.0010568022853308105,ont.health.measurement/HealthMeasurement.uml
universAAL/ontology/,2024-09-06 05:54:56+00:00,9.0,13.0,25,3349200.0,0.0010568022853308105,ont.languages/LanguageOntology.uml
universAAL/ontology/,2024-09-06 05:54:56+00:00,9.0,13.0,25,3349200.0,0.0010568022853308105,ont.lddi.config.datapoints/OntClassDiagram.jpg
universAAL/ontology/,2024-09-06 05:54:56+00:00,9.0,13.0,25,3349200.0,0.0010568022853308105,ont.lighting/documentation/ont.lighting class diagram 20.4.2011.png
universAAL/ontology/,2024-09-06 05:54:56+00:00,9.0,13.0,25,3349200.0,0.0010568022853308105,ont.measurement/Measurement.jpg
universAAL/ontology/,2024-09-06 05:54:56+00:00,9.0,13.0,25,3349200.0,0.0010568022853308105,ont.measurement/Measurement.uml
universAAL/ontology/,2024-09-06 05:54:56+00:00,9.0,13.0,25,3349200.0,0.0010568022853308105,ont.orchestration/Asor.uml
universAAL/ontology/,2024-09-06 05:54:56+00:00,9.0,13.0,25,3349200.0,0.0010568022853308105,ont.phWorld/documentation/ont.phWorld.location class diagram 20.4.2011.png
universAAL/ontology/,2024-09-06 05:54:56+00:00,9.0,13.0,25,3349200.0,0.0010568022853308105,ont.phWorld/documentation/ont.phWorld.phThing class diagram 20.4.2011.png
universAAL/ontology/,2024-09-06 05:54:56+00:00,9.0,13.0,25,3349200.0,0.0010568022853308105,ont.phWorld/documentation/ont.phWorld.shape class diagram 20.4.2011.png
universAAL/ontology/,2024-09-06 05:54:56+00:00,9.0,13.0,25,3349200.0,0.0010568022853308105,ont.profile.contact/profile.contact.uml
universAAL/ontology/,2024-09-06 05:54:56+00:00,9.0,13.0,25,3349200.0,0.0010568022853308105,ont.profile.health/HealthOntology.uml
universAAL/ontology/,2024-09-06 05:54:56+00:00,9.0,13.0,25,3349200.0,0.0010568022853308105,ont.profile.ui.preferences/InteractionPreferences.uml
universAAL/ontology/,2024-09-06 05:54:56+00:00,9.0,13.0,25,3349200.0,0.0010568022853308105,ont.recommendations/Recommendations.uml
universAAL/ontology/,2024-09-06 05:54:56+00:00,9.0,13.0,25,3349200.0,0.0010568022853308105,ont.sysinfo/ont.sysinfo.uml
universAAL/ontology/,2024-09-06 05:54:56+00:00,9.0,13.0,25,3349200.0,0.0010568022853308105,ont.unit/Unit.uml
APmoss/CribbageMobile/,2024-06-11 22:54:37+00:00,0.0,1.0,7,1017344.0,0.0009738526811219478,ultimatecrib/CSharp/Cards/Cards.uml
APmoss/CribbageMobile/,2024-06-11 22:54:37+00:00,0.0,1.0,7,1017344.0,0.0009738526811219478,ultimatecrib/CSharp/CribbageBoard/BOARD.BMP
APmoss/CribbageMobile/,2024-06-11 22:54:37+00:00,0.0,1.0,7,1017344.0,0.0009738526811219478,ultimatecrib/CSharp/CribbageBoard/CribBoard1.bmp
APmoss/CribbageMobile/,2024-06-11 22:54:37+00:00,0.0,1.0,7,1017344.0,0.0009738526811219478,ultimatecrib/CSharp/CribbageBoard/CribBoard2.jpg
APmoss/CribbageMobile/,2024-06-11 22:54:37+00:00,0.0,1.0,7,1017344.0,0.0009738526811219478,ultimatecrib/CSharp/CribbageBoard/CribbageBoard.bmp
APmoss/CribbageMobile/,2024-06-11 22:54:37+00:00,0.0,1.0,7,1017344.0,0.0009738526811219478,ultimatecrib/CSharp/CribbageBoard/CribbageBoard.uml
APmoss/CribbageMobile/,2024-06-11 22:54:37+00:00,0.0,1.0,7,1017344.0,0.0009738526811219478,ultimatecrib/CSharp/Player/Player.uml
the-virtual-brain/tvb-pin-paper/,2024-07-16 03:37:54+00:00,4.0,2.0,6,1010312.0,0.0008400235584581773,images/arch.png
the-virtual-brain/tvb-pin-paper/,2024-07-16 03:37:54+00:00,4.0,2.0,6,1010312.0,0.0008400235584581773,images/architecture.jpg
the-virtual-brain/tvb-pin-paper/,2024-07-16 03:37:54+00:00,4.0,2.0,6,1010312.0,0.0008400235584581773,images/ui_project_graph.png
the-virtual-brain/tvb-pin-paper/,2024-07-16 03:37:54+00:00,4.0,2.0,6,1010312.0,0.0008400235584581773,images/ui_project_operations.png
the-virtual-brain/tvb-pin-paper/,2024-07-16 03:37:54+00:00,4.0,2.0,6,1010312.0,0.0008400235584581773,images/ui_projects.png
the-virtual-brain/tvb-pin-paper/,2024-07-16 03:37:54+00:00,4.0,2.0,6,1010312.0,0.0008400235584581773,images/ui_stimulus.png
benlau/quickflux/,2024-11-07 05:15:19+00:00,7.0,329.0,1,169359.0,0.0008351724326374505,docs/concept/architecture.png
cechrist/cardoon/,2023-12-12 07:22:06+00:00,1.0,13.0,3,598239.0,0.0007087321923606089,doc/cardoon3.png
cechrist/cardoon/,2023-12-12 07:22:06+00:00,1.0,13.0,3,598239.0,0.0007087321923606089,doc/circuit_uml.png
cechrist/cardoon/,2023-12-12 07:22:06+00:00,1.0,13.0,3,598239.0,0.0007087321923606089,doc/examples/memd_i.png
wp-plugins/richtexteditor/,2024-03-01 14:57:10+00:00,0.0,0.0,4,927697.0,0.0006088521269956109,richtexteditor/images/arj.gif
wp-plugins/richtexteditor/,2024-03-01 14:57:10+00:00,0.0,0.0,4,927697.0,0.0006088521269956109,richtexteditor/images/external.gif
wp-plugins/richtexteditor/,2024-03-01 14:57:10+00:00,0.0,0.0,4,927697.0,0.0006088521269956109,richtexteditor/images/under.png
wp-plugins/richtexteditor/,2024-03-01 14:57:10+00:00,0.0,0.0,4,927697.0,0.0006088521269956109,richtexteditor/images/unknown.gif
abulka/pynsource/,2024-11-09 15:06:43+00:00,4.0,287.0,32,7428438.0,0.0006082862111841367,Admin/doco-uml/OGL-like UML 2015.png
abulka/pynsource/,2024-11-09 15:06:43+00:00,4.0,287.0,32,7428438.0,0.0006082862111841367,Admin/doco-uml/gui_uml.plantuml
abulka/pynsource/,2024-11-09 15:06:43+00:00,4.0,287.0,32,7428438.0,0.0006082862111841367,Admin/doco-uml/gui_uml_01_sha_884410.png
abulka/pynsource/,2024-11-09 15:06:43+00:00,4.0,287.0,32,7428438.0,0.0006082862111841367,Admin/doco-uml/gui_uml_latest.png
abulka/pynsource/,2024-11-09 15:06:43+00:00,4.0,287.0,32,7428438.0,0.0006082862111841367,Admin/doco-uml/parse_model_uml.png
abulka/pynsource/,2024-11-09 15:06:43+00:00,4.0,287.0,32,7428438.0,0.0006082862111841367,Admin/doco-uml/pynsource classentry dict 1.png
abulka/pynsource/,2024-11-09 15:06:43+00:00,4.0,287.0,32,7428438.0,0.0006082862111841367,Admin/site-andypatterns/yUml vs Ogl render 1.png
abulka/pynsource/,2024-11-09 15:06:43+00:00,4.0,287.0,32,7428438.0,0.0006082862111841367,Research/misc information and doco/PyNSource.png
abulka/pynsource/,2024-11-09 15:06:43+00:00,4.0,287.0,32,7428438.0,0.0006082862111841367,Research/misc information and doco/pyNSourceUML_example01.gif
abulka/pynsource/,2024-11-09 15:06:43+00:00,4.0,287.0,32,7428438.0,0.0006082862111841367,Research/misc information and doco/pyNsourceGuiReversingItself01.gif
abulka/pynsource/,2024-11-09 15:06:43+00:00,4.0,287.0,32,7428438.0,0.0006082862111841367,Research/ogl tests 01/img_uml01.png
abulka/pynsource/,2024-11-09 15:06:43+00:00,4.0,287.0,32,7428438.0,0.0006082862111841367,Research/overlap_removal_server/screenshots/example_client.png
abulka/pynsource/,2024-11-09 15:06:43+00:00,4.0,287.0,32,7428438.0,0.0006082862111841367,Research/wx doco/Images/img_uml01.png
abulka/pynsource/,2024-11-09 15:06:43+00:00,4.0,287.0,32,7428438.0,0.0006082862111841367,Research/wx doco/Images/outyuml.png
abulka/pynsource/,2024-11-09 15:06:43+00:00,4.0,287.0,32,7428438.0,0.0006082862111841367,Research/wx doco/Images/outyuml_big.png
abulka/pynsource/,2024-11-09 15:06:43+00:00,4.0,287.0,32,7428438.0,0.0006082862111841367,Research/wx form builder/Doco Custom Component.png
abulka/pynsource/,2024-11-09 15:06:43+00:00,4.0,287.0,32,7428438.0,0.0006082862111841367,Research/wx form builder/Doco ogl Custom Component.png
abulka/pynsource/,2024-11-09 15:06:43+00:00,4.0,287.0,32,7428438.0,0.0006082862111841367,Research/yuml_python/outyuml2.png
abulka/pynsource/,2024-11-09 15:06:43+00:00,4.0,287.0,32,7428438.0,0.0006082862111841367,Research/yuml_python/yuml_order_example.png
abulka/pynsource/,2024-11-09 15:06:43+00:00,4.0,287.0,32,7428438.0,0.0006082862111841367,Research/yuml_python/yuml_pynsource1_example.png
abulka/pynsource/,2024-11-09 15:06:43+00:00,4.0,287.0,32,7428438.0,0.0006082862111841367,Research/yuml_python/yuml_pynsource2_example.png
abulka/pynsource/,2024-11-09 15:06:43+00:00,4.0,287.0,32,7428438.0,0.0006082862111841367,Research/yuml_python/yuml_pynsource3_example.png
abulka/pynsource/,2024-11-09 15:06:43+00:00,4.0,287.0,32,7428438.0,0.0006082862111841367,snap/gui/pynsource.png
abulka/pynsource/,2024-11-09 15:06:43+00:00,4.0,287.0,32,7428438.0,0.0006082862111841367,src/dialogs/help-images/cytoscape.png
abulka/pynsource/,2024-11-09 15:06:43+00:00,4.0,287.0,32,7428438.0,0.0006082862111841367,src/dialogs/help-images/gituml.jpg
abulka/pynsource/,2024-11-09 15:06:43+00:00,4.0,287.0,32,7428438.0,0.0006082862111841367,src/dialogs/help-images/help01.jpg
abulka/pynsource/,2024-11-09 15:06:43+00:00,4.0,287.0,32,7428438.0,0.0006082862111841367,src/dialogs/help-images/plantuml01.jpg
abulka/pynsource/,2024-11-09 15:06:43+00:00,4.0,287.0,32,7428438.0,0.0006082862111841367,src/dialogs/help-images/pro.jpg
abulka/pynsource/,2024-11-09 15:06:43+00:00,4.0,287.0,32,7428438.0,0.0006082862111841367,src/media/pro.png
abulka/pynsource/,2024-11-09 15:06:43+00:00,4.0,287.0,32,7428438.0,0.0006082862111841367,src/media/pynsource.png
abulka/pynsource/,2024-11-09 15:06:43+00:00,4.0,287.0,32,7428438.0,0.0006082862111841367,src/tests/testing-generate-java/java-ide-import-results/ess-first import diagram ess model.xmi
abulka/pynsource/,2024-11-09 15:06:43+00:00,4.0,287.0,32,7428438.0,0.0006082862111841367,src/tests/testing-generate-java/java-ide-import-results/ess-pic01.png
askpt/LAPR3/,2024-07-23 13:47:22+00:00,4.0,0.0,1,232819.0,0.0006064977180191348,Modeling/Modeling/ModelDefinition/Modeling.uml
andrenho/luisavm/,2024-11-09 16:56:09+00:00,1.0,1.0,1,257000.0,0.0005490771489341154,doc/sshot.png
ua-eas/ua-rice-2.1.9/,2024-03-14 23:47:33+00:00,0.0,0.0,91,29501299.0,0.0004344949405484808,krms/impl/src/main/java/org/kuali/rice/krms/impl/ui/doc-files/AgendaEditorController-1.png
ua-eas/ua-rice-2.1.9/,2024-03-14 23:47:33+00:00,0.0,0.0,91,29501299.0,0.0004344949405484808,src/site/docbook/db_diagrams/rice-krcr.png
ua-eas/ua-rice-2.1.9/,2024-03-14 23:47:33+00:00,0.0,0.0,91,29501299.0,0.0004344949405484808,src/site/docbook/db_diagrams/rice-kren.png
ua-eas/ua-rice-2.1.9/,2024-03-14 23:47:33+00:00,0.0,0.0,91,29501299.0,0.0004344949405484808,src/site/docbook/db_diagrams/rice-krew.png
ua-eas/ua-rice-2.1.9/,2024-03-14 23:47:33+00:00,0.0,0.0,91,29501299.0,0.0004344949405484808,src/site/docbook/db_diagrams/rice-krim.png
ua-eas/ua-rice-2.1.9/,2024-03-14 23:47:33+00:00,0.0,0.0,91,29501299.0,0.0004344949405484808,src/site/docbook/db_diagrams/rice-krlc.png
ua-eas/ua-rice-2.1.9/,2024-03-14 23:47:33+00:00,0.0,0.0,91,29501299.0,0.0004344949405484808,src/site/docbook/db_diagrams/rice-krms.png
ua-eas/ua-rice-2.1.9/,2024-03-14 23:47:33+00:00,0.0,0.0,91,29501299.0,0.0004344949405484808,src/site/docbook/db_diagrams/rice-krns.png
ua-eas/ua-rice-2.1.9/,2024-03-14 23:47:33+00:00,0.0,0.0,91,29501299.0,0.0004344949405484808,src/site/docbook/db_diagrams/rice-krsb.png
ua-eas/ua-rice-2.1.9/,2024-03-14 23:47:33+00:00,0.0,0.0,91,29501299.0,0.0004344949405484808,src/site/docbook/images/CampusMaintenanceDocument.png
ua-eas/ua-rice-2.1.9/,2024-03-14 23:47:33+00:00,0.0,0.0,91,29501299.0,0.0004344949405484808,src/site/docbook/images/CampusMaintenanceDocument2.png
ua-eas/ua-rice-2.1.9/,2024-03-14 23:47:33+00:00,0.0,0.0,91,29501299.0,0.0004344949405484808,src/site/docbook/images/DocOp_ActionRequest.png
ua-eas/ua-rice-2.1.9/,2024-03-14 23:47:33+00:00,0.0,0.0,91,29501299.0,0.0004344949405484808,src/site/docbook/images/DocOp_Ex1.png
ua-eas/ua-rice-2.1.9/,2024-03-14 23:47:33+00:00,0.0,0.0,91,29501299.0,0.0004344949405484808,src/site/docbook/images/DocOp_Ex2.png
ua-eas/ua-rice-2.1.9/,2024-03-14 23:47:33+00:00,0.0,0.0,91,29501299.0,0.0004344949405484808,src/site/docbook/images/DocOp_Ex3.png
ua-eas/ua-rice-2.1.9/,2024-03-14 23:47:33+00:00,0.0,0.0,91,29501299.0,0.0004344949405484808,src/site/docbook/images/DocOp_Ex4.png
ua-eas/ua-rice-2.1.9/,2024-03-14 23:47:33+00:00,0.0,0.0,91,29501299.0,0.0004344949405484808,src/site/docbook/images/DocOp_Ex5.png
ua-eas/ua-rice-2.1.9/,2024-03-14 23:47:33+00:00,0.0,0.0,91,29501299.0,0.0004344949405484808,src/site/docbook/images/DocOp_Ex6.png
ua-eas/ua-rice-2.1.9/,2024-03-14 23:47:33+00:00,0.0,0.0,91,29501299.0,0.0004344949405484808,src/site/docbook/images/DocOp_Ex7.png
ua-eas/ua-rice-2.1.9/,2024-03-14 23:47:33+00:00,0.0,0.0,91,29501299.0,0.0004344949405484808,src/site/docbook/images/DocOp_Ex8.png
ua-eas/ua-rice-2.1.9/,2024-03-14 23:47:33+00:00,0.0,0.0,91,29501299.0,0.0004344949405484808,src/site/docbook/images/DocOp_Ex9.png
ua-eas/ua-rice-2.1.9/,2024-03-14 23:47:33+00:00,0.0,0.0,91,29501299.0,0.0004344949405484808,src/site/docbook/images/KEW-PeopleFlow create new with type.png
ua-eas/ua-rice-2.1.9/,2024-03-14 23:47:33+00:00,0.0,0.0,91,29501299.0,0.0004344949405484808,src/site/docbook/images/KEW-PeopleFlow create new.png
ua-eas/ua-rice-2.1.9/,2024-03-14 23:47:33+00:00,0.0,0.0,91,29501299.0,0.0004344949405484808,src/site/docbook/images/KIM_architecture.png
ua-eas/ua-rice-2.1.9/,2024-03-14 23:47:33+00:00,0.0,0.0,91,29501299.0,0.0004344949405484808,src/site/docbook/images/KIM_architecture_detailed.png
ua-eas/ua-rice-2.1.9/,2024-03-14 23:47:33+00:00,0.0,0.0,91,29501299.0,0.0004344949405484808,src/site/docbook/images/KIM_responsibility.png
ua-eas/ua-rice-2.1.9/,2024-03-14 23:47:33+00:00,0.0,0.0,91,29501299.0,0.0004344949405484808,src/site/docbook/images/KNS.png
ua-eas/ua-rice-2.1.9/,2024-03-14 23:47:33+00:00,0.0,0.0,91,29501299.0,0.0004344949405484808,src/site/docbook/images/KNS_Architecture.png
ua-eas/ua-rice-2.1.9/,2024-03-14 23:47:33+00:00,0.0,0.0,91,29501299.0,0.0004344949405484808,src/site/docbook/images/KRAD classes 1.png
ua-eas/ua-rice-2.1.9/,2024-03-14 23:47:33+00:00,0.0,0.0,91,29501299.0,0.0004344949405484808,src/site/docbook/images/KRAD classes 2.png
ua-eas/ua-rice-2.1.9/,2024-03-14 23:47:33+00:00,0.0,0.0,91,29501299.0,0.0004344949405484808,src/site/docbook/images/KRAD-classes2.png
ua-eas/ua-rice-2.1.9/,2024-03-14 23:47:33+00:00,0.0,0.0,91,29501299.0,0.0004344949405484808,src/site/docbook/images/KRMS-Agenda.png
ua-eas/ua-rice-2.1.9/,2024-03-14 23:47:33+00:00,0.0,0.0,91,29501299.0,0.0004344949405484808,src/site/docbook/images/KRMS-AgendaEditor.png
ua-eas/ua-rice-2.1.9/,2024-03-14 23:47:33+00:00,0.0,0.0,91,29501299.0,0.0004344949405484808,src/site/docbook/images/KRMS-Rule1.png
ua-eas/ua-rice-2.1.9/,2024-03-14 23:47:33+00:00,0.0,0.0,91,29501299.0,0.0004344949405484808,src/site/docbook/images/KRMS-Rule2.png
ua-eas/ua-rice-2.1.9/,2024-03-14 23:47:33+00:00,0.0,0.0,91,29501299.0,0.0004344949405484808,src/site/docbook/images/KRMS_Execution_Log_Class_Diagram.png
ua-eas/ua-rice-2.1.9/,2024-03-14 23:47:33+00:00,0.0,0.0,91,29501299.0,0.0004344949405484808,src/site/docbook/images/Kim_type_lookup.png
ua-eas/ua-rice-2.1.9/,2024-03-14 23:47:33+00:00,0.0,0.0,91,29501299.0,0.0004344949405484808,src/site/docbook/images/NotificationTest.png
ua-eas/ua-rice-2.1.9/,2024-03-14 23:47:33+00:00,0.0,0.0,91,29501299.0,0.0004344949405484808,src/site/docbook/images/StateMaintenanceDocument.png
ua-eas/ua-rice-2.1.9/,2024-03-14 23:47:33+00:00,0.0,0.0,91,29501299.0,0.0004344949405484808,src/site/docbook/images/activation_type.png
ua-eas/ua-rice-2.1.9/,2024-03-14 23:47:33+00:00,0.0,0.0,91,29501299.0,0.0004344949405484808,src/site/docbook/images/architecture.png
ua-eas/ua-rice-2.1.9/,2024-03-14 23:47:33+00:00,0.0,0.0,91,29501299.0,0.0004344949405484808,src/site/docbook/images/campus_maintenance_overview.png
ua-eas/ua-rice-2.1.9/,2024-03-14 23:47:33+00:00,0.0,0.0,91,29501299.0,0.0004344949405484808,src/site/docbook/images/campus_type_inquiry.png
ua-eas/ua-rice-2.1.9/,2024-03-14 23:47:33+00:00,0.0,0.0,91,29501299.0,0.0004344949405484808,src/site/docbook/images/campus_type_lookup.png
ua-eas/ua-rice-2.1.9/,2024-03-14 23:47:33+00:00,0.0,0.0,91,29501299.0,0.0004344949405484808,src/site/docbook/images/campus_type_maintenance.png
ua-eas/ua-rice-2.1.9/,2024-03-14 23:47:33+00:00,0.0,0.0,91,29501299.0,0.0004344949405484808,src/site/docbook/images/channel_subscriptions2.png
ua-eas/ua-rice-2.1.9/,2024-03-14 23:47:33+00:00,0.0,0.0,91,29501299.0,0.0004344949405484808,src/site/docbook/images/country_inquiry.png
ua-eas/ua-rice-2.1.9/,2024-03-14 23:47:33+00:00,0.0,0.0,91,29501299.0,0.0004344949405484808,src/site/docbook/images/country_lookup.png
ua-eas/ua-rice-2.1.9/,2024-03-14 23:47:33+00:00,0.0,0.0,91,29501299.0,0.0004344949405484808,src/site/docbook/images/delegate_routing_rule_creation.png
ua-eas/ua-rice-2.1.9/,2024-03-14 23:47:33+00:00,0.0,0.0,91,29501299.0,0.0004344949405484808,src/site/docbook/images/delegate_rule.png
ua-eas/ua-rice-2.1.9/,2024-03-14 23:47:33+00:00,0.0,0.0,91,29501299.0,0.0004344949405484808,src/site/docbook/images/delegation_details.png
ua-eas/ua-rice-2.1.9/,2024-03-14 23:47:33+00:00,0.0,0.0,91,29501299.0,0.0004344949405484808,src/site/docbook/images/delete_course_request.png
ua-eas/ua-rice-2.1.9/,2024-03-14 23:47:33+00:00,0.0,0.0,91,29501299.0,0.0004344949405484808,src/site/docbook/images/document_type_notifications.png
ua-eas/ua-rice-2.1.9/,2024-03-14 23:47:33+00:00,0.0,0.0,91,29501299.0,0.0004344949405484808,src/site/docbook/images/global_resource_loader.png
ua-eas/ua-rice-2.1.9/,2024-03-14 23:47:33+00:00,0.0,0.0,91,29501299.0,0.0004344949405484808,src/site/docbook/images/group_overview.png
ua-eas/ua-rice-2.1.9/,2024-03-14 23:47:33+00:00,0.0,0.0,91,29501299.0,0.0004344949405484808,src/site/docbook/images/help/document_type_document.png
ua-eas/ua-rice-2.1.9/,2024-03-14 23:47:33+00:00,0.0,0.0,91,29501299.0,0.0004344949405484808,src/site/docbook/images/help/parameter_component_document.png
ua-eas/ua-rice-2.1.9/,2024-03-14 23:47:33+00:00,0.0,0.0,91,29501299.0,0.0004344949405484808,src/site/docbook/images/help/parameter_type_document.jpg
ua-eas/ua-rice-2.1.9/,2024-03-14 23:47:33+00:00,0.0,0.0,91,29501299.0,0.0004344949405484808,src/site/docbook/images/help/role_delegations.png
ua-eas/ua-rice-2.1.9/,2024-03-14 23:47:33+00:00,0.0,0.0,91,29501299.0,0.0004344949405484808,src/site/docbook/images/help/role_document.png
ua-eas/ua-rice-2.1.9/,2024-03-14 23:47:33+00:00,0.0,0.0,91,29501299.0,0.0004344949405484808,src/site/docbook/images/kim_type.png
ua-eas/ua-rice-2.1.9/,2024-03-14 23:47:33+00:00,0.0,0.0,91,29501299.0,0.0004344949405484808,src/site/docbook/images/kns_conceptual_view.png
ua-eas/ua-rice-2.1.9/,2024-03-14 23:47:33+00:00,0.0,0.0,91,29501299.0,0.0004344949405484808,src/site/docbook/images/kns_relational_view.png
ua-eas/ua-rice-2.1.9/,2024-03-14 23:47:33+00:00,0.0,0.0,91,29501299.0,0.0004344949405484808,src/site/docbook/images/krms ruleModel-20.png
ua-eas/ua-rice-2.1.9/,2024-03-14 23:47:33+00:00,0.0,0.0,91,29501299.0,0.0004344949405484808,src/site/docbook/images/krms-architecture.png
ua-eas/ua-rice-2.1.9/,2024-03-14 23:47:33+00:00,0.0,0.0,91,29501299.0,0.0004344949405484808,src/site/docbook/images/krms-ruleModel-20b.png
ua-eas/ua-rice-2.1.9/,2024-03-14 23:47:33+00:00,0.0,0.0,91,29501299.0,0.0004344949405484808,src/site/docbook/images/kuali_service_bus.png
ua-eas/ua-rice-2.1.9/,2024-03-14 23:47:33+00:00,0.0,0.0,91,29501299.0,0.0004344949405484808,src/site/docbook/images/parameter_component_inquiry.png
ua-eas/ua-rice-2.1.9/,2024-03-14 23:47:33+00:00,0.0,0.0,91,29501299.0,0.0004344949405484808,src/site/docbook/images/parameter_type_inquiry.png
ua-eas/ua-rice-2.1.9/,2024-03-14 23:47:33+00:00,0.0,0.0,91,29501299.0,0.0004344949405484808,src/site/docbook/images/parameter_type_lookup.png
ua-eas/ua-rice-2.1.9/,2024-03-14 23:47:33+00:00,0.0,0.0,91,29501299.0,0.0004344949405484808,src/site/docbook/images/parameter_type_maintenance_document.png
ua-eas/ua-rice-2.1.9/,2024-03-14 23:47:33+00:00,0.0,0.0,91,29501299.0,0.0004344949405484808,src/site/docbook/images/permission_inquiry.png
ua-eas/ua-rice-2.1.9/,2024-03-14 23:47:33+00:00,0.0,0.0,91,29501299.0,0.0004344949405484808,src/site/docbook/images/permission_lookup.png
ua-eas/ua-rice-2.1.9/,2024-03-14 23:47:33+00:00,0.0,0.0,91,29501299.0,0.0004344949405484808,src/site/docbook/images/responsibility_inquiry.png
ua-eas/ua-rice-2.1.9/,2024-03-14 23:47:33+00:00,0.0,0.0,91,29501299.0,0.0004344949405484808,src/site/docbook/images/responsibility_lookup.png
ua-eas/ua-rice-2.1.9/,2024-03-14 23:47:33+00:00,0.0,0.0,91,29501299.0,0.0004344949405484808,src/site/docbook/images/role_assignees.png
ua-eas/ua-rice-2.1.9/,2024-03-14 23:47:33+00:00,0.0,0.0,91,29501299.0,0.0004344949405484808,src/site/docbook/images/role_delegations.png
ua-eas/ua-rice-2.1.9/,2024-03-14 23:47:33+00:00,0.0,0.0,91,29501299.0,0.0004344949405484808,src/site/docbook/images/role_lookup.png
ua-eas/ua-rice-2.1.9/,2024-03-14 23:47:33+00:00,0.0,0.0,91,29501299.0,0.0004344949405484808,src/site/docbook/images/role_overview.png
ua-eas/ua-rice-2.1.9/,2024-03-14 23:47:33+00:00,0.0,0.0,91,29501299.0,0.0004344949405484808,src/site/docbook/images/role_permissions.png
ua-eas/ua-rice-2.1.9/,2024-03-14 23:47:33+00:00,0.0,0.0,91,29501299.0,0.0004344949405484808,src/site/docbook/images/role_responsibilities.png
ua-eas/ua-rice-2.1.9/,2024-03-14 23:47:33+00:00,0.0,0.0,91,29501299.0,0.0004344949405484808,src/site/docbook/images/role_responsibility_added.png
ua-eas/ua-rice-2.1.9/,2024-03-14 23:47:33+00:00,0.0,0.0,91,29501299.0,0.0004344949405484808,src/site/docbook/images/routing_rule_delegation.png
ua-eas/ua-rice-2.1.9/,2024-03-14 23:47:33+00:00,0.0,0.0,91,29501299.0,0.0004344949405484808,src/site/docbook/images/rule_inquiry.png
ua-eas/ua-rice-2.1.9/,2024-03-14 23:47:33+00:00,0.0,0.0,91,29501299.0,0.0004344949405484808,src/site/docbook/images/rule_maintenance_document_type_document.png
ua-eas/ua-rice-2.1.9/,2024-03-14 23:47:33+00:00,0.0,0.0,91,29501299.0,0.0004344949405484808,src/site/docbook/images/sample_bundled_implementation.png
ua-eas/ua-rice-2.1.9/,2024-03-14 23:47:33+00:00,0.0,0.0,91,29501299.0,0.0004344949405484808,src/site/docbook/images/sample_embedded_implementation.png
ua-eas/ua-rice-2.1.9/,2024-03-14 23:47:33+00:00,0.0,0.0,91,29501299.0,0.0004344949405484808,src/site/docbook/images/sample_thin_java_client_implementation.png
ua-eas/ua-rice-2.1.9/,2024-03-14 23:47:33+00:00,0.0,0.0,91,29501299.0,0.0004344949405484808,src/site/docbook/images/service_registry_bottom.png
ua-eas/ua-rice-2.1.9/,2024-03-14 23:47:33+00:00,0.0,0.0,91,29501299.0,0.0004344949405484808,src/site/docbook/images/service_registry_top.png
ua-eas/ua-rice-2.1.9/,2024-03-14 23:47:33+00:00,0.0,0.0,91,29501299.0,0.0004344949405484808,src/site/docbook/images/state_code_lookup.png
sountex/COPTD/,2024-07-02 07:47:54+00:00,1.0,19.0,1,348484.0,0.0004039415474744575,TDModelingProject/ModelDefinition/TDModelingProject.uml
sones/sones/,2024-11-12 20:04:40+00:00,5.0,213.0,22,8246454.0,0.000375274867401007,Documentation/media/connectors/graphvis.png
sones/sones/,2024-11-12 20:04:40+00:00,5.0,213.0,22,8246454.0,0.000375274867401007,Documentation/media/connectors/new_step1.jpg
sones/sones/,2024-11-12 20:04:40+00:00,5.0,213.0,22,8246454.0,0.000375274867401007,Documentation/media/connectors/new_step2.jpg
sones/sones/,2024-11-12 20:04:40+00:00,5.0,213.0,22,8246454.0,0.000375274867401007,Documentation/media/developer/database/types/iobject.gif
sones/sones/,2024-11-12 20:04:40+00:00,5.0,213.0,22,8246454.0,0.000375274867401007,Documentation/media/documentation/database/edges/classdiagram.png
sones/sones/,2024-11-12 20:04:40+00:00,5.0,213.0,22,8246454.0,0.000375274867401007,Documentation/media/documentation/database/edges/classdiagram_edges.png
sones/sones/,2024-11-12 20:04:40+00:00,5.0,213.0,22,8246454.0,0.000375274867401007,Documentation/media/documentation/database/edges/classdiagram_edges_.png
sones/sones/,2024-11-12 20:04:40+00:00,5.0,213.0,22,8246454.0,0.000375274867401007,Documentation/media/documentation/database/edges/classdiagram_edges_trans.png
sones/sones/,2024-11-12 20:04:40+00:00,5.0,213.0,22,8246454.0,0.000375274867401007,Documentation/media/documentation/database/edges/typeinterfaces.png
sones/sones/,2024-11-12 20:04:40+00:00,5.0,213.0,22,8246454.0,0.000375274867401007,Documentation/media/documentation/plugins/database/indexinterfaces_overview.png
sones/sones/,2024-11-12 20:04:40+00:00,5.0,213.0,22,8246454.0,0.000375274867401007,Documentation/media/documentation/plugins/database/indexinterfaces_overview_transparent.png
sones/sones/,2024-11-12 20:04:40+00:00,5.0,213.0,22,8246454.0,0.000375274867401007,Documentation/media/documentation/plugins/database/solution_explorer_good_quali.jpg
sones/sones/,2024-11-12 20:04:40+00:00,5.0,213.0,22,8246454.0,0.000375274867401007,Documentation/media/graphfs.png
sones/sones/,2024-11-12 20:04:40+00:00,5.0,213.0,22,8246454.0,0.000375274867401007,Documentation/media/path2366_1_.png
sones/sones/,2024-11-12 20:04:40+00:00,5.0,213.0,22,8246454.0,0.000375274867401007,Documentation/media/software_architecture_2.0_customer_ready_.png
sones/sones/,2024-11-12 20:04:40+00:00,5.0,213.0,22,8246454.0,0.000375274867401007,Documentation/media/sones_visualgraph.png
sones/sones/,2024-11-12 20:04:40+00:00,5.0,213.0,22,8246454.0,0.000375274867401007,Documentation/media/tutorials/messenger1.png
sones/sones/,2024-11-12 20:04:40+00:00,5.0,213.0,22,8246454.0,0.000375274867401007,Documentation/media/tutorials/messenger2.png
sones/sones/,2024-11-12 20:04:40+00:00,5.0,213.0,22,8246454.0,0.000375274867401007,Documentation/media/tutorials/mule-esb-graphdb-2.png
sones/sones/,2024-11-12 20:04:40+00:00,5.0,213.0,22,8246454.0,0.000375274867401007,Documentation/media/tutorials/mule-example.png
sones/sones/,2024-11-12 20:04:40+00:00,5.0,213.0,22,8246454.0,0.000375274867401007,Installer/pics/bannrbmp.bmp
sones/sones/,2024-11-12 20:04:40+00:00,5.0,213.0,22,8246454.0,0.000375274867401007,Installer/pics/dlgbmp.bmp
tlin-fei/ds4p/,2024-01-13 23:52:04+00:00,0.0,1.0,17,6462777.0,0.0003699658807243361,DS4P/acs-showcase/ACS Showcase Class Diagram.png
tlin-fei/ds4p/,2024-01-13 23:52:04+00:00,0.0,1.0,17,6462777.0,0.0003699658807243361,DS4P/acs-showcase/ACS Showcase Sequence  Diagram PixMgr Functionality.png
tlin-fei/ds4p/,2024-01-13 23:52:04+00:00,0.0,1.0,17,6462777.0,0.0003699658807243361,DS4P/consent-gen/Consent - Gen Class Diagram.png
tlin-fei/ds4p/,2024-01-13 23:52:04+00:00,0.0,1.0,17,6462777.0,0.0003699658807243361,DS4P/consent-gen/Consent - Gen Sequence  Diagram Export Functionality.png
tlin-fei/ds4p/,2024-01-13 23:52:04+00:00,0.0,1.0,17,6462777.0,0.0003699658807243361,DS4P/consent2share/web/src/main/webapp/resources/img/consent2share-02.png
tlin-fei/ds4p/,2024-01-13 23:52:04+00:00,0.0,1.0,17,6462777.0,0.0003699658807243361,DS4P/consent2share/web/src/main/webapp/resources/img/consent2share-02.svg
tlin-fei/ds4p/,2024-01-13 23:52:04+00:00,0.0,1.0,17,6462777.0,0.0003699658807243361,DS4P/consent2share/web/src/main/webapp/resources/img/consent2share-03.png
tlin-fei/ds4p/,2024-01-13 23:52:04+00:00,0.0,1.0,17,6462777.0,0.0003699658807243361,DS4P/consent2share/web/src/main/webapp/resources/img/consent2share-03.svg
tlin-fei/ds4p/,2024-01-13 23:52:04+00:00,0.0,1.0,17,6462777.0,0.0003699658807243361,DS4P/consent2share/web/src/main/webapp/resources/img/consent2share-04.png
tlin-fei/ds4p/,2024-01-13 23:52:04+00:00,0.0,1.0,17,6462777.0,0.0003699658807243361,DS4P/consent2share/web/src/main/webapp/resources/img/consent2share-04.svg
tlin-fei/ds4p/,2024-01-13 23:52:04+00:00,0.0,1.0,17,6462777.0,0.0003699658807243361,DS4P/consent2share/web/src/main/webapp/resources/img/create.png
tlin-fei/ds4p/,2024-01-13 23:52:04+00:00,0.0,1.0,17,6462777.0,0.0003699658807243361,DS4P/consent2share/web/src/main/webapp/resources/img/de.png
tlin-fei/ds4p/,2024-01-13 23:52:04+00:00,0.0,1.0,17,6462777.0,0.0003699658807243361,DS4P/consent2share/web/src/main/webapp/resources/img/delete.png
tlin-fei/ds4p/,2024-01-13 23:52:04+00:00,0.0,1.0,17,6462777.0,0.0003699658807243361,DS4P/consent2share/web/src/main/webapp/resources/img/en.png
tlin-fei/ds4p/,2024-01-13 23:52:04+00:00,0.0,1.0,17,6462777.0,0.0003699658807243361,DS4P/consent2share/web/src/main/webapp/resources/img/es.png
tlin-fei/ds4p/,2024-01-13 23:52:04+00:00,0.0,1.0,17,6462777.0,0.0003699658807243361,DS4P/consent2share/web/src/main/webapp/resources/img/show.png
tlin-fei/ds4p/,2024-01-13 23:52:04+00:00,0.0,1.0,17,6462777.0,0.0003699658807243361,DS4P/consent2share/web/src/main/webapp/resources/img/update.png
thomsmits/markdown-tools/,2024-09-24 19:45:06+00:00,1.0,15.0,1,503560.0,0.0002783803928643865,umlifier/data/example.uml
berlinbrown/openbotlist/,2024-08-17 22:11:57+00:00,1.0,2.0,4,2668939.0,0.00020916597301300535,botlist/docs/enterprise/UserLinks.png
berlinbrown/openbotlist/,2024-08-17 22:11:57+00:00,1.0,2.0,4,2668939.0,0.00020916597301300535,botlist/docs/enterprise/UserLinks.xmi
berlinbrown/openbotlist/,2024-08-17 22:11:57+00:00,1.0,2.0,4,2668939.0,0.00020916597301300535,botlist/docs/enterprise/system_feeds/SystemFeedItems.png
berlinbrown/openbotlist/,2024-08-17 22:11:57+00:00,1.0,2.0,4,2668939.0,0.00020916597301300535,botlist/docs/enterprise/system_feeds/SystemFeedItems.xmi
cjw-network/cjw_newsletter/,2024-01-09 23:24:13+00:00,2.0,17.0,2,1419940.0,0.00019634820601439914,doc/uml/cjw_newsletter_dbschema_v1.0.0.png
cjw-network/cjw_newsletter/,2024-01-09 23:24:13+00:00,2.0,17.0,2,1419940.0,0.00019634820601439914,doc/uml/class_diagram.svg
atoader/HilbertRTree/,2024-08-27 02:06:41+00:00,1.0,31.0,2,1524148.0,0.00018266528875970816,doc/Report/img/ClassDiagram.png
atoader/HilbertRTree/,2024-08-27 02:06:41+00:00,1.0,31.0,2,1524148.0,0.00018266528875970816,doc/Report/img/search1.png
AnalogDevicesLyricLabs/dimple/,2024-04-02 07:25:15+00:00,4.0,80.0,9,7224951.0,0.00017321311141887152,doc/DimpleUserManual/images/Cpp.png
AnalogDevicesLyricLabs/dimple/,2024-04-02 07:25:15+00:00,4.0,80.0,9,7224951.0,0.00017321311141887152,doc/DimpleUserManual/images/DetailedLayers.png
AnalogDevicesLyricLabs/dimple/,2024-04-02 07:25:15+00:00,4.0,80.0,9,7224951.0,0.00017321311141887152,doc/DimpleUserManual/images/EventHierarchy.png
AnalogDevicesLyricLabs/dimple/,2024-04-02 07:25:15+00:00,4.0,80.0,9,7224951.0,0.00017321311141887152,doc/DimpleUserManual/images/ObjectInstantiation1.png
AnalogDevicesLyricLabs/dimple/,2024-04-02 07:25:15+00:00,4.0,80.0,9,7224951.0,0.00017321311141887152,doc/DimpleUserManual/images/ObjectInstantiation2.png
AnalogDevicesLyricLabs/dimple/,2024-04-02 07:25:15+00:00,4.0,80.0,9,7224951.0,0.00017321311141887152,doc/DimpleUserManual/images/ObjectInstantiation3.png
AnalogDevicesLyricLabs/dimple/,2024-04-02 07:25:15+00:00,4.0,80.0,9,7224951.0,0.00017321311141887152,modelers/matlab/lib/xunit_dist/matlab_xunit/architecture/html/class_diagram_a.gif
AnalogDevicesLyricLabs/dimple/,2024-04-02 07:25:15+00:00,4.0,80.0,9,7224951.0,0.00017321311141887152,modelers/matlab/lib/xunit_dist/matlab_xunit/architecture/html/class_diagram_b.gif
AnalogDevicesLyricLabs/dimple/,2024-04-02 07:25:15+00:00,4.0,80.0,9,7224951.0,0.00017321311141887152,modelers/matlab/lib/xunit_dist/matlab_xunit/architecture/html/class_diagram_c.gif
apache/batik/,2024-11-14 04:53:01+00:00,6.0,215.0,15,12351437.0,0.00016877304774977437,batik-svgbrowser/src/main/resources/org/apache/batik/apps/svgbrowser/resources/batik.gif
apache/batik/,2024-11-14 04:53:01+00:00,6.0,215.0,15,12351437.0,0.00016877304774977437,batik-svgbrowser/src/main/resources/org/apache/batik/apps/svgbrowser/resources/dom-viewer-small.png
apache/batik/,2024-11-14 04:53:01+00:00,6.0,215.0,15,12351437.0,0.00016877304774977437,batik-svgbrowser/src/main/resources/org/apache/batik/apps/svgbrowser/resources/dom-viewer.png
apache/batik/,2024-11-14 04:53:01+00:00,6.0,215.0,15,12351437.0,0.00016877304774977437,batik-svgbrowser/src/main/resources/org/apache/batik/apps/svgbrowser/resources/squiggle.png
apache/batik/,2024-11-14 04:53:01+00:00,6.0,215.0,15,12351437.0,0.00016877304774977437,samples/tests/spec12/structure/multi-2.jpg
apache/batik/,2024-11-14 04:53:01+00:00,6.0,215.0,15,12351437.0,0.00016877304774977437,samples/tests/spec12/structure/multi-3.jpg
apache/batik/,2024-11-14 04:53:01+00:00,6.0,215.0,15,12351437.0,0.00016877304774977437,test-references/org/apache/batik/svggen/rendering/ContextLookup.png
apache/batik/,2024-11-14 04:53:01+00:00,6.0,215.0,15,12351437.0,0.00016877304774977437,test-references/org/apache/batik/svggen/rendering/TransformCollapse.png
apache/batik/,2024-11-14 04:53:01+00:00,6.0,215.0,15,12351437.0,0.00016877304774977437,test-references/org/apache/batik/transcoder/image/anneWSW.png
apache/batik/,2024-11-14 04:53:01+00:00,6.0,215.0,15,12351437.0,0.00016877304774977437,test-references/org/apache/batik/transcoder/image/language.png
apache/batik/,2024-11-14 04:53:01+00:00,6.0,215.0,15,12351437.0,0.00016877304774977437,test-references/samples/tests/spec/scripting/image.png
apache/batik/,2024-11-14 04:53:01+00:00,6.0,215.0,15,12351437.0,0.00016877304774977437,test-references/samples/tests/spec12/structure/multi.png
apache/batik/,2024-11-14 04:53:01+00:00,6.0,215.0,15,12351437.0,0.00016877304774977437,test-resources/org/apache/batik/apps/rasterizer/notReadable.svg
apache/batik/,2024-11-14 04:53:01+00:00,6.0,215.0,15,12351437.0,0.00016877304774977437,test-resources/org/apache/batik/apps/rasterizer/readOnly.svg
apache/batik/,2024-11-14 04:53:01+00:00,6.0,215.0,15,12351437.0,0.00016877304774977437,test-resources/org/apache/batik/bridge/error/filter-uri-illegal.svg
arcadenea/rockbot/,2024-08-11 21:17:27+00:00,2.0,5.0,3,3733067.0,0.00011040430719751148,docs/diagram.png
arcadenea/rockbot/,2024-08-11 21:17:27+00:00,2.0,5.0,3,3733067.0,0.00011040430719751148,docs/diagram.xmi
arcadenea/rockbot/,2024-08-11 21:17:27+00:00,2.0,5.0,3,3733067.0,0.00011040430719751148,editor/resources/icons/4a6b77ae99a98d0d3a0a68a6b5491305.png
tracecompass/tracecompass/,2024-08-27 02:35:09+00:00,30.0,74.0,16,21314687.0,0.00010287774803682862,components.svg
tracecompass/tracecompass/,2024-08-27 02:35:09+00:00,30.0,74.0,16,21314687.0,0.00010287774803682862,doc/org.eclipse.tracecompass.doc.dev/doc/images/AddTmfUml2SDLoader.png
tracecompass/tracecompass/,2024-08-27 02:35:09+00:00,30.0,74.0,16,21314687.0,0.00010287774803682862,doc/org.eclipse.tracecompass.doc.dev/doc/images/NTTAddType.png
tracecompass/tracecompass/,2024-08-27 02:35:09+00:00,30.0,74.0,16,21314687.0,0.00010287774803682862,doc/org.eclipse.tracecompass.doc.dev/doc/images/NTTExtension.png
tracecompass/tracecompass/,2024-08-27 02:35:09+00:00,30.0,74.0,16,21314687.0,0.00010287774803682862,doc/org.eclipse.tracecompass.doc.dev/doc/images/NTTTraceType.png
tracecompass/tracecompass/,2024-08-27 02:35:09+00:00,30.0,74.0,16,21314687.0,0.00010287774803682862,doc/org.eclipse.tracecompass.doc.dev/doc/images/NewSampleLoaderClass.png
tracecompass/tracecompass/,2024-08-27 02:35:09+00:00,30.0,74.0,16,21314687.0,0.00010287774803682862,doc/org.eclipse.tracecompass.doc.dev/doc/images/SampleDiagram1.png
tracecompass/tracecompass/,2024-08-27 02:35:09+00:00,30.0,74.0,16,21314687.0,0.00010287774803682862,doc/org.eclipse.tracecompass.doc.dev/doc/images/Screenshot-NewPlug-inProject1.png
tracecompass/tracecompass/,2024-08-27 02:35:09+00:00,30.0,74.0,16,21314687.0,0.00010287774803682862,doc/org.eclipse.tracecompass.doc.dev/doc/images/TmfAddModelClass.png
tracecompass/tracecompass/,2024-08-27 02:35:09+00:00,30.0,74.0,16,21314687.0,0.00010287774803682862,doc/org.eclipse.tracecompass.doc.dev/doc/images/TmfAddModelPackage.png
tracecompass/tracecompass/,2024-08-27 02:35:09+00:00,30.0,74.0,16,21314687.0,0.00010287774803682862,doc/org.eclipse.tracecompass.doc.dev/doc/images/TmfAddStatisticsViewClass.png
tracecompass/tracecompass/,2024-08-27 02:35:09+00:00,30.0,74.0,16,21314687.0,0.00010287774803682862,doc/org.eclipse.tracecompass.doc.user/doc/images/CustomXMLParserInput.png
tracecompass/tracecompass/,2024-08-27 02:35:09+00:00,30.0,74.0,16,21314687.0,0.00010287774803682862,doc/org.eclipse.tracecompass.doc.user/doc/images/counters/sigma.gif
tracecompass/tracecompass/,2024-08-27 02:35:09+00:00,30.0,74.0,16,21314687.0,0.00010287774803682862,doc/org.eclipse.tracecompass.rcp.doc.user/doc/images/incubator/Update.png
tracecompass/tracecompass/,2024-08-27 02:35:09+00:00,30.0,74.0,16,21314687.0,0.00010287774803682862,rcp/org.eclipse.tracecompass.rcp.branding/splash.bmp
tracecompass/tracecompass/,2024-08-27 02:35:09+00:00,30.0,74.0,16,21314687.0,0.00010287774803682862,tmf/org.eclipse.tracecompass.tmf.ui/icons/obj16/class.gif
sillsdev/libpalaso/,2024-11-12 04:41:14+00:00,30.0,44.0,4,7353986.0,7.350426677282656e-05,DistFiles/test.png
sillsdev/libpalaso/,2024-11-12 04:41:14+00:00,30.0,44.0,4,7353986.0,7.350426677282656e-05,SIL.Core/Progress/ProgressSystem.uml
sillsdev/libpalaso/,2024-11-12 04:41:14+00:00,30.0,44.0,4,7353986.0,7.350426677282656e-05,SIL.Media.Tests/Resources/Image1.bmp
sillsdev/libpalaso/,2024-11-12 04:41:14+00:00,30.0,44.0,4,7353986.0,7.350426677282656e-05,TestApps/Locks And Settings.svg
AnimalPlanet/pdf-to-mindmap-and-ppt-with-textrank/,2024-10-16 15:35:57+00:00,2.0,3.0,4,14224669.0,3.61758377525246e-05,class-diagram.gif
AnimalPlanet/pdf-to-mindmap-and-ppt-with-textrank/,2024-10-16 15:35:57+00:00,2.0,3.0,4,14224669.0,3.61758377525246e-05,final_class_diagram.gif
AnimalPlanet/pdf-to-mindmap-and-ppt-with-textrank/,2024-10-16 15:35:57+00:00,2.0,3.0,4,14224669.0,3.61758377525246e-05,ofok.jpg
AnimalPlanet/pdf-to-mindmap-and-ppt-with-textrank/,2024-10-16 15:35:57+00:00,2.0,3.0,4,14224669.0,3.61758377525246e-05,ofppt.png
asterisk/pjproject/,2024-10-29 14:10:51+00:00,30.0,6.0,4,18691283.0,2.6628068602976686e-05,pjnath/docs/UML-class-diagram.png
asterisk/pjproject/,2024-10-29 14:10:51+00:00,30.0,6.0,4,18691283.0,2.6628068602976686e-05,pjsip-apps/src/pjsua/android/app/src/main/res/drawable-ldpi/main_image.png
asterisk/pjproject/,2024-10-29 14:10:51+00:00,30.0,6.0,4,18691283.0,2.6628068602976686e-05,pjsip-apps/src/pjsua/symbian/gfx/pjsua.bmp
asterisk/pjproject/,2024-10-29 14:10:51+00:00,30.0,6.0,4,18691283.0,2.6628068602976686e-05,pjsip/docs/pjsua.jpg
adityaapte/CERR/,2024-11-06 14:09:43+00:00,7.0,192.0,7,36085779.0,2.378336940056647e-05,CERR_core/CERR.png
adityaapte/CERR/,2024-11-06 14:09:43+00:00,7.0,192.0,7,36085779.0,2.378336940056647e-05,CERR_core/WebPage/images/data_import.png
adityaapte/CERR/,2024-11-06 14:09:43+00:00,7.0,192.0,7,36085779.0,2.378336940056647e-05,CERR_core/WebPage/images/planC_structure.png
adityaapte/CERR/,2024-11-06 14:09:43+00:00,7.0,192.0,7,36085779.0,2.378336940056647e-05,Unit_Testing/matlab_xunit_3/matlab_xunit/architecture/html/class_diagram_a.gif
adityaapte/CERR/,2024-11-06 14:09:43+00:00,7.0,192.0,7,36085779.0,2.378336940056647e-05,Unit_Testing/matlab_xunit_3/matlab_xunit/architecture/html/class_diagram_b.gif
adityaapte/CERR/,2024-11-06 14:09:43+00:00,7.0,192.0,7,36085779.0,2.378336940056647e-05,Unit_Testing/matlab_xunit_3/matlab_xunit/architecture/html/class_diagram_c.gif
adityaapte/CERR/,2024-11-06 14:09:43+00:00,7.0,192.0,7,36085779.0,2.378336940056647e-05,Unit_Testing/matlab_xunit_3/matlab_xunit/doc/screen-shot.png
apache/activemq-artemis/,2024-11-14 17:11:19+00:00,30.0,947.0,4,36261185.0,1.189500705854689e-05,docs/user-manual/_diagrams/multicast.svg
apache/activemq-artemis/,2024-11-14 17:11:19+00:00,30.0,947.0,4,36261185.0,1.189500705854689e-05,docs/user-manual/_diagrams/queue.svg
apache/activemq-artemis/,2024-11-14 17:11:19+00:00,30.0,947.0,4,36261185.0,1.189500705854689e-05,docs/user-manual/images/ha-scaledown.png
apache/activemq-artemis/,2024-11-14 17:11:19+00:00,30.0,947.0,4,36261185.0,1.189500705854689e-05,docs/user-manual/images/test.png
bestplay9384/LTE-Sim-Simulator/,2024-03-16 15:53:15+00:00,1.0,0.0,1,37604471.0,0.0,DOC/uml.png
